ISO-10303-21;
HEADER;
FILE_DESCRIPTION(('KiCad electronic assembly'),'2;1');
FILE_NAME('8_Ch_Connector_CAEN_Adapter.step','2025-06-11T14:05:01',(
    'Pcbnew'),('Kicad'),'Open CASCADE STEP processor 7.8',
  'KiCad to STEP converter','Unknown');
FILE_SCHEMA(('AUTOMOTIVE_DESIGN { 1 0 10303 214 1 1 1 1 }'));
ENDSEC;
DATA;
#1 = APPLICATION_PROTOCOL_DEFINITION('international standard',
  'automotive_design',2000,#2);
#2 = APPLICATION_CONTEXT(
  'core data for automotive mechanical design processes');
#3 = SHAPE_DEFINITION_REPRESENTATION(#4,#10);
#4 = PRODUCT_DEFINITION_SHAPE('','',#5);
#5 = PRODUCT_DEFINITION('design','',#6,#9);
#6 = PRODUCT_DEFINITION_FORMATION('','',#7);
#7 = PRODUCT('8_Ch_Connector_CAEN_Adapter 1',
  '8_Ch_Connector_CAEN_Adapter 1','',(#8));
#8 = PRODUCT_CONTEXT('',#2,'mechanical');
#9 = PRODUCT_DEFINITION_CONTEXT('part definition',#2,'design');
#10 = SHAPE_REPRESENTATION('',(#11,#15,#19),#23);
#11 = AXIS2_PLACEMENT_3D('',#12,#13,#14);
#12 = CARTESIAN_POINT('',(0.,0.,0.));
#13 = DIRECTION('',(0.,0.,1.));
#14 = DIRECTION('',(1.,0.,-0.));
#15 = AXIS2_PLACEMENT_3D('',#16,#17,#18);
#16 = CARTESIAN_POINT('',(0.,0.,0.));
#17 = DIRECTION('',(0.,0.,1.));
#18 = DIRECTION('',(1.,0.,-0.));
#19 = AXIS2_PLACEMENT_3D('',#20,#21,#22);
#20 = CARTESIAN_POINT('',(0.,0.,0.));
#21 = DIRECTION('',(0.,0.,1.));
#22 = DIRECTION('',(1.,0.,-0.));
#23 = ( GEOMETRIC_REPRESENTATION_CONTEXT(3) 
GLOBAL_UNCERTAINTY_ASSIGNED_CONTEXT((#27)) GLOBAL_UNIT_ASSIGNED_CONTEXT(
(#24,#25,#26)) REPRESENTATION_CONTEXT('Context #1',
  '3D Context with UNIT and UNCERTAINTY') );
#24 = ( LENGTH_UNIT() NAMED_UNIT(*) SI_UNIT(.MILLI.,.METRE.) );
#25 = ( NAMED_UNIT(*) PLANE_ANGLE_UNIT() SI_UNIT($,.RADIAN.) );
#26 = ( NAMED_UNIT(*) SI_UNIT($,.STERADIAN.) SOLID_ANGLE_UNIT() );
#27 = UNCERTAINTY_MEASURE_WITH_UNIT(LENGTH_MEASURE(1.E-07),#24,
  'distance_accuracy_value','confusion accuracy');
#28 = PRODUCT_RELATED_PRODUCT_CATEGORY('part',$,(#7));
#29 = SHAPE_DEFINITION_REPRESENTATION(#30,#36);
#30 = PRODUCT_DEFINITION_SHAPE('','',#31);
#31 = PRODUCT_DEFINITION('design','',#32,#35);
#32 = PRODUCT_DEFINITION_FORMATION('','',#33);
#33 = PRODUCT('8_Ch_Connector_CAEN_Adapter_silkscreen',
  '8_Ch_Connector_CAEN_Adapter_silkscreen','',(#34));
#34 = PRODUCT_CONTEXT('',#2,'mechanical');
#35 = PRODUCT_DEFINITION_CONTEXT('part definition',#2,'design');
#36 = SHAPE_REPRESENTATION('',(#11,#37,#106,#241,#260,#279,#391,#503,
    #615,#727,#854,#1040,#1197,#1445,#1602,#1679,#1871,#1948,#2123,#2192
    ,#2326,#2488,#2758,#2860,#3153,#3333,#3513,#3631,#3708,#3752,#3796,
    #3840,#3884,#3928,#3972,#4016,#4060,#4261,#4492,#4723,#4897,#5128,
    #5255,#5429,#5619,#5688,#5822,#5956,#6157,#6452,#6570,#6923,#7100,
    #7339,#7506,#7683,#7922,#8087,#8244,#8401,#8503,#8605,#8813,#9166,
    #9185,#9204,#9316,#9335,#9447,#9559,#9578,#9597,#9746,#9967,#9986,
    #10005,#10117,#10229,#10419,#10636,#10987),#11017);
#37 = SHELL_BASED_SURFACE_MODEL('',(#38));
#38 = OPEN_SHELL('',(#39));
#39 = ADVANCED_FACE('',(#40),#101,.T.);
#40 = FACE_BOUND('',#41,.F.);
#41 = EDGE_LOOP('',(#42,#53,#61,#70,#78,#87,#95));
#42 = ORIENTED_EDGE('',*,*,#43,.T.);
#43 = EDGE_CURVE('',#44,#46,#48,.T.);
#44 = VERTEX_POINT('',#45);
#45 = CARTESIAN_POINT('',(175.208646,-122.422419,1.585));
#46 = VERTEX_POINT('',#47);
#47 = CARTESIAN_POINT('',(175.208646,-122.322419,1.585));
#48 = CIRCLE('',#49,5.000000000002E-02);
#49 = AXIS2_PLACEMENT_3D('',#50,#51,#52);
#50 = CARTESIAN_POINT('',(175.20864604771,-122.372419,1.585));
#51 = DIRECTION('',(0.,0.,-1.));
#52 = DIRECTION('',(-9.542367251921E-07,-1.,-0.));
#53 = ORIENTED_EDGE('',*,*,#54,.T.);
#54 = EDGE_CURVE('',#46,#55,#57,.T.);
#55 = VERTEX_POINT('',#56);
#56 = CARTESIAN_POINT('',(175.875726,-122.322501,1.585));
#57 = LINE('',#58,#59);
#58 = CARTESIAN_POINT('',(175.208646,-122.322419,1.585));
#59 = VECTOR('',#60,1.);
#60 = DIRECTION('',(0.999999992445,-1.229237863324E-04,0.));
#61 = ORIENTED_EDGE('',*,*,#62,.T.);
#62 = EDGE_CURVE('',#55,#63,#65,.T.);
#63 = VERTEX_POINT('',#64);
#64 = CARTESIAN_POINT('',(175.921269,-122.392115,1.585));
#65 = CIRCLE('',#66,4.989699507472E-02);
#66 = AXIS2_PLACEMENT_3D('',#67,#68,#69);
#67 = CARTESIAN_POINT('',(175.87543325011,-122.3723971362,1.585));
#68 = DIRECTION('',(0.,0.,-1.));
#69 = DIRECTION('',(5.867084475483E-03,0.999982788512,0.));
#70 = ORIENTED_EDGE('',*,*,#71,.T.);
#71 = EDGE_CURVE('',#63,#72,#74,.T.);
#72 = VERTEX_POINT('',#73);
#73 = CARTESIAN_POINT('',(175.492698,-123.392115,1.585));
#74 = LINE('',#75,#76);
#75 = CARTESIAN_POINT('',(175.921269,-122.392115,1.585));
#76 = VECTOR('',#77,1.);
#77 = DIRECTION('',(-0.393918965785,-0.919145172644,0.));
#78 = ORIENTED_EDGE('',*,*,#79,.T.);
#79 = EDGE_CURVE('',#72,#80,#82,.T.);
#80 = VERTEX_POINT('',#81);
#81 = CARTESIAN_POINT('',(175.400784,-123.352723,1.585));
#82 = CIRCLE('',#83,4.999978264958E-02);
#83 = AXIS2_PLACEMENT_3D('',#84,#85,#86);
#84 = CARTESIAN_POINT('',(175.44674102621,-123.3724189388,1.585));
#85 = DIRECTION('',(-0.,0.,-1.));
#86 = DIRECTION('',(0.919143471163,-0.393922935887,-0.));
#87 = ORIENTED_EDGE('',*,*,#88,.T.);
#88 = EDGE_CURVE('',#80,#89,#91,.T.);
#89 = VERTEX_POINT('',#90);
#90 = CARTESIAN_POINT('',(175.799485,-122.422419,1.585));
#91 = LINE('',#92,#93);
#92 = CARTESIAN_POINT('',(175.400784,-123.352723,1.585));
#93 = VECTOR('',#94,1.);
#94 = DIRECTION('',(0.393918702369,0.919145285536,0.));
#95 = ORIENTED_EDGE('',*,*,#96,.T.);
#96 = EDGE_CURVE('',#89,#44,#97,.T.);
#97 = LINE('',#98,#99);
#98 = CARTESIAN_POINT('',(175.799485,-122.422419,1.585));
#99 = VECTOR('',#100,1.);
#100 = DIRECTION('',(-1.,0.,0.));
#101 = PLANE('',#102);
#102 = AXIS2_PLACEMENT_3D('',#103,#104,#105);
#103 = CARTESIAN_POINT('',(0.,0.,1.585));
#104 = DIRECTION('',(0.,0.,1.));
#105 = DIRECTION('',(1.,0.,-0.));
#106 = SHELL_BASED_SURFACE_MODEL('',(#107));
#107 = OPEN_SHELL('',(#108));
#108 = ADVANCED_FACE('',(#109),#236,.T.);
#109 = FACE_BOUND('',#110,.F.);
#110 = EDGE_LOOP('',(#111,#122,#130,#138,#146,#155,#163,#171,#180,#188,
    #196,#205,#213,#221,#230));
#111 = ORIENTED_EDGE('',*,*,#112,.T.);
#112 = EDGE_CURVE('',#113,#115,#117,.T.);
#113 = VERTEX_POINT('',#114);
#114 = CARTESIAN_POINT('',(148.446926,-122.308989,1.585));
#115 = VERTEX_POINT('',#116);
#116 = CARTESIAN_POINT('',(148.541794,-122.340612,1.585));
#117 = CIRCLE('',#118,4.999987888245E-02);
#118 = AXIS2_PLACEMENT_3D('',#119,#120,#121);
#119 = CARTESIAN_POINT('',(148.49435997079,-122.3248005876,1.585));
#120 = DIRECTION('',(0.,0.,-1.));
#121 = DIRECTION('',(-0.948681713962,0.316232518243,0.));
#122 = ORIENTED_EDGE('',*,*,#123,.T.);
#123 = EDGE_CURVE('',#115,#124,#126,.T.);
#124 = VERTEX_POINT('',#125);
#125 = CARTESIAN_POINT('',(148.325636,-122.989085,1.585));
#126 = LINE('',#127,#128);
#127 = CARTESIAN_POINT('',(148.541794,-122.340612,1.585));
#128 = VECTOR('',#129,1.);
#129 = DIRECTION('',(-0.316228204902,-0.948683151755,0.));
#130 = ORIENTED_EDGE('',*,*,#131,.T.);
#131 = EDGE_CURVE('',#124,#132,#134,.T.);
#132 = VERTEX_POINT('',#133);
#133 = CARTESIAN_POINT('',(148.682455,-122.989085,1.585));
#134 = LINE('',#135,#136);
#135 = CARTESIAN_POINT('',(148.325636,-122.989085,1.585));
#136 = VECTOR('',#137,1.);
#137 = DIRECTION('',(1.,0.,0.));
#138 = ORIENTED_EDGE('',*,*,#139,.T.);
#139 = EDGE_CURVE('',#132,#140,#142,.T.);
#140 = VERTEX_POINT('',#141);
#141 = CARTESIAN_POINT('',(148.682455,-122.705752,1.585));
#142 = LINE('',#143,#144);
#143 = CARTESIAN_POINT('',(148.682455,-122.989085,1.585));
#144 = VECTOR('',#145,1.);
#145 = DIRECTION('',(0.,1.,0.));
#146 = ORIENTED_EDGE('',*,*,#147,.T.);
#147 = EDGE_CURVE('',#140,#148,#150,.T.);
#148 = VERTEX_POINT('',#149);
#149 = CARTESIAN_POINT('',(148.782455,-122.705752,1.585));
#150 = CIRCLE('',#151,5.000000000002E-02);
#151 = AXIS2_PLACEMENT_3D('',#152,#153,#154);
#152 = CARTESIAN_POINT('',(148.732455,-122.7057520477,1.585));
#153 = DIRECTION('',(0.,0.,-1.));
#154 = DIRECTION('',(-1.,9.542364409753E-07,0.));
#155 = ORIENTED_EDGE('',*,*,#156,.T.);
#156 = EDGE_CURVE('',#148,#157,#159,.T.);
#157 = VERTEX_POINT('',#158);
#158 = CARTESIAN_POINT('',(148.782455,-122.989085,1.585));
#159 = LINE('',#160,#161);
#160 = CARTESIAN_POINT('',(148.782455,-122.705752,1.585));
#161 = VECTOR('',#162,1.);
#162 = DIRECTION('',(0.,-1.,0.));
#163 = ORIENTED_EDGE('',*,*,#164,.T.);
#164 = EDGE_CURVE('',#157,#165,#167,.T.);
#165 = VERTEX_POINT('',#166);
#166 = CARTESIAN_POINT('',(148.875312,-122.989085,1.585));
#167 = LINE('',#168,#169);
#168 = CARTESIAN_POINT('',(148.782455,-122.989085,1.585));
#169 = VECTOR('',#170,1.);
#170 = DIRECTION('',(1.,0.,0.));
#171 = ORIENTED_EDGE('',*,*,#172,.T.);
#172 = EDGE_CURVE('',#165,#173,#175,.T.);
#173 = VERTEX_POINT('',#174);
#174 = CARTESIAN_POINT('',(148.875312,-123.089085,1.585));
#175 = CIRCLE('',#176,5.000000000002E-02);
#176 = AXIS2_PLACEMENT_3D('',#177,#178,#179);
#177 = CARTESIAN_POINT('',(148.87531195228,-123.039085,1.585));
#178 = DIRECTION('',(0.,0.,-1.));
#179 = DIRECTION('',(9.542367251921E-07,1.,0.));
#180 = ORIENTED_EDGE('',*,*,#181,.T.);
#181 = EDGE_CURVE('',#173,#182,#184,.T.);
#182 = VERTEX_POINT('',#183);
#183 = CARTESIAN_POINT('',(148.782455,-123.089085,1.585));
#184 = LINE('',#185,#186);
#185 = CARTESIAN_POINT('',(148.875312,-123.089085,1.585));
#186 = VECTOR('',#187,1.);
#187 = DIRECTION('',(-1.,0.,0.));
#188 = ORIENTED_EDGE('',*,*,#189,.T.);
#189 = EDGE_CURVE('',#182,#190,#192,.T.);
#190 = VERTEX_POINT('',#191);
#191 = CARTESIAN_POINT('',(148.782455,-123.372419,1.585));
#192 = LINE('',#193,#194);
#193 = CARTESIAN_POINT('',(148.782455,-123.089085,1.585));
#194 = VECTOR('',#195,1.);
#195 = DIRECTION('',(0.,-1.,0.));
#196 = ORIENTED_EDGE('',*,*,#197,.T.);
#197 = EDGE_CURVE('',#190,#198,#200,.T.);
#198 = VERTEX_POINT('',#199);
#199 = CARTESIAN_POINT('',(148.682455,-123.372419,1.585));
#200 = CIRCLE('',#201,5.000000000003E-02);
#201 = AXIS2_PLACEMENT_3D('',#202,#203,#204);
#202 = CARTESIAN_POINT('',(148.732455,-123.3724189522,1.585));
#203 = DIRECTION('',(-0.,0.,-1.));
#204 = DIRECTION('',(1.,-9.542367251918E-07,-0.));
#205 = ORIENTED_EDGE('',*,*,#206,.T.);
#206 = EDGE_CURVE('',#198,#207,#209,.T.);
#207 = VERTEX_POINT('',#208);
#208 = CARTESIAN_POINT('',(148.682455,-123.089085,1.585));
#209 = LINE('',#210,#211);
#210 = CARTESIAN_POINT('',(148.682455,-123.372419,1.585));
#211 = VECTOR('',#212,1.);
#212 = DIRECTION('',(0.,1.,0.));
#213 = ORIENTED_EDGE('',*,*,#214,.T.);
#214 = EDGE_CURVE('',#207,#215,#217,.T.);
#215 = VERTEX_POINT('',#216);
#216 = CARTESIAN_POINT('',(148.256265,-123.089085,1.585));
#217 = LINE('',#218,#219);
#218 = CARTESIAN_POINT('',(148.682455,-123.089085,1.585));
#219 = VECTOR('',#220,1.);
#220 = DIRECTION('',(-1.,0.,0.));
#221 = ORIENTED_EDGE('',*,*,#222,.T.);
#222 = EDGE_CURVE('',#215,#223,#225,.T.);
#223 = VERTEX_POINT('',#224);
#224 = CARTESIAN_POINT('',(148.208831,-123.023274,1.585));
#225 = CIRCLE('',#226,4.999945201286E-02);
#226 = AXIS2_PLACEMENT_3D('',#227,#228,#229);
#227 = CARTESIAN_POINT('',(148.25626453404,-123.0390855479,1.585));
#228 = DIRECTION('',(0.,0.,-1.));
#229 = DIRECTION('',(9.319250966995E-06,-0.999999999957,0.));
#230 = ORIENTED_EDGE('',*,*,#231,.T.);
#231 = EDGE_CURVE('',#223,#113,#232,.T.);
#232 = LINE('',#233,#234);
#233 = CARTESIAN_POINT('',(148.208831,-123.023274,1.585));
#234 = VECTOR('',#235,1.);
#235 = DIRECTION('',(0.316227766017,0.948683298051,0.));
#236 = PLANE('',#237);
#237 = AXIS2_PLACEMENT_3D('',#238,#239,#240);
#238 = CARTESIAN_POINT('',(0.,0.,1.585));
#239 = DIRECTION('',(0.,0.,1.));
#240 = DIRECTION('',(1.,0.,-0.));
#241 = SHELL_BASED_SURFACE_MODEL('',(#242));
#242 = OPEN_SHELL('',(#243));
#243 = ADVANCED_FACE('',(#244),#255,.T.);
#244 = FACE_BOUND('',#245,.T.);
#245 = EDGE_LOOP('',(#246));
#246 = ORIENTED_EDGE('',*,*,#247,.T.);
#247 = EDGE_CURVE('',#248,#248,#250,.T.);
#248 = VERTEX_POINT('',#249);
#249 = CARTESIAN_POINT('',(144.799999,-121.,1.585));
#250 = CIRCLE('',#251,0.149999);
#251 = AXIS2_PLACEMENT_3D('',#252,#253,#254);
#252 = CARTESIAN_POINT('',(144.65,-121.,1.585));
#253 = DIRECTION('',(0.,0.,1.));
#254 = DIRECTION('',(1.,0.,-0.));
#255 = PLANE('',#256);
#256 = AXIS2_PLACEMENT_3D('',#257,#258,#259);
#257 = CARTESIAN_POINT('',(0.,0.,1.585));
#258 = DIRECTION('',(0.,0.,1.));
#259 = DIRECTION('',(1.,0.,-0.));
#260 = SHELL_BASED_SURFACE_MODEL('',(#261));
#261 = OPEN_SHELL('',(#262));
#262 = ADVANCED_FACE('',(#263),#274,.T.);
#263 = FACE_BOUND('',#264,.T.);
#264 = EDGE_LOOP('',(#265));
#265 = ORIENTED_EDGE('',*,*,#266,.T.);
#266 = EDGE_CURVE('',#267,#267,#269,.T.);
#267 = VERTEX_POINT('',#268);
#268 = CARTESIAN_POINT('',(171.199999,-120.8,1.585));
#269 = CIRCLE('',#270,0.149999);
#270 = AXIS2_PLACEMENT_3D('',#271,#272,#273);
#271 = CARTESIAN_POINT('',(171.05,-120.8,1.585));
#272 = DIRECTION('',(0.,0.,1.));
#273 = DIRECTION('',(1.,0.,-0.));
#274 = PLANE('',#275);
#275 = AXIS2_PLACEMENT_3D('',#276,#277,#278);
#276 = CARTESIAN_POINT('',(0.,0.,1.585));
#277 = DIRECTION('',(0.,0.,1.));
#278 = DIRECTION('',(1.,0.,-0.));
#279 = SHELL_BASED_SURFACE_MODEL('',(#280));
#280 = OPEN_SHELL('',(#281));
#281 = ADVANCED_FACE('',(#282,#352),#386,.T.);
#282 = FACE_BOUND('',#283,.F.);
#283 = EDGE_LOOP('',(#284,#295,#303,#312,#320,#329,#337,#346));
#284 = ORIENTED_EDGE('',*,*,#285,.T.);
#285 = EDGE_CURVE('',#286,#288,#290,.T.);
#286 = VERTEX_POINT('',#287);
#287 = CARTESIAN_POINT('',(139.02,-113.,1.585));
#288 = VERTEX_POINT('',#289);
#289 = CARTESIAN_POINT('',(139.07,-112.95,1.585));
#290 = CIRCLE('',#291,5.000014378932E-02);
#291 = AXIS2_PLACEMENT_3D('',#292,#293,#294);
#292 = CARTESIAN_POINT('',(139.07000014378,-113.0000001437,1.585));
#293 = DIRECTION('',(0.,0.,-1.));
#294 = DIRECTION('',(-0.999999999996,2.875774470717E-06,0.));
#295 = ORIENTED_EDGE('',*,*,#296,.T.);
#296 = EDGE_CURVE('',#288,#297,#299,.T.);
#297 = VERTEX_POINT('',#298);
#298 = CARTESIAN_POINT('',(159.93,-112.95,1.585));
#299 = LINE('',#300,#301);
#300 = CARTESIAN_POINT('',(139.07,-112.95,1.585));
#301 = VECTOR('',#302,1.);
#302 = DIRECTION('',(1.,0.,0.));
#303 = ORIENTED_EDGE('',*,*,#304,.T.);
#304 = EDGE_CURVE('',#297,#305,#307,.T.);
#305 = VERTEX_POINT('',#306);
#306 = CARTESIAN_POINT('',(159.98,-113.,1.585));
#307 = CIRCLE('',#308,5.000014378933E-02);
#308 = AXIS2_PLACEMENT_3D('',#309,#310,#311);
#309 = CARTESIAN_POINT('',(159.92999985621,-113.0000001437,1.585));
#310 = DIRECTION('',(0.,0.,-1.));
#311 = DIRECTION('',(2.875774754933E-06,0.999999999996,0.));
#312 = ORIENTED_EDGE('',*,*,#313,.T.);
#313 = EDGE_CURVE('',#305,#314,#316,.T.);
#314 = VERTEX_POINT('',#315);
#315 = CARTESIAN_POINT('',(159.98,-120.,1.585));
#316 = LINE('',#317,#318);
#317 = CARTESIAN_POINT('',(159.98,-113.,1.585));
#318 = VECTOR('',#319,1.);
#319 = DIRECTION('',(0.,-1.,0.));
#320 = ORIENTED_EDGE('',*,*,#321,.T.);
#321 = EDGE_CURVE('',#314,#322,#324,.T.);
#322 = VERTEX_POINT('',#323);
#323 = CARTESIAN_POINT('',(159.93,-120.05,1.585));
#324 = CIRCLE('',#325,5.000014378932E-02);
#325 = AXIS2_PLACEMENT_3D('',#326,#327,#328);
#326 = CARTESIAN_POINT('',(159.92999985621,-119.9999998562,1.585));
#327 = DIRECTION('',(0.,0.,-1.));
#328 = DIRECTION('',(0.999999999996,-2.875774470717E-06,0.));
#329 = ORIENTED_EDGE('',*,*,#330,.T.);
#330 = EDGE_CURVE('',#322,#331,#333,.T.);
#331 = VERTEX_POINT('',#332);
#332 = CARTESIAN_POINT('',(139.07,-120.05,1.585));
#333 = LINE('',#334,#335);
#334 = CARTESIAN_POINT('',(159.93,-120.05,1.585));
#335 = VECTOR('',#336,1.);
#336 = DIRECTION('',(-1.,0.,0.));
#337 = ORIENTED_EDGE('',*,*,#338,.T.);
#338 = EDGE_CURVE('',#331,#339,#341,.T.);
#339 = VERTEX_POINT('',#340);
#340 = CARTESIAN_POINT('',(139.02,-120.,1.585));
#341 = CIRCLE('',#342,5.000014378933E-02);
#342 = AXIS2_PLACEMENT_3D('',#343,#344,#345);
#343 = CARTESIAN_POINT('',(139.07000014378,-119.9999998562,1.585));
#344 = DIRECTION('',(0.,0.,-1.));
#345 = DIRECTION('',(-2.875774754933E-06,-0.999999999996,-0.));
#346 = ORIENTED_EDGE('',*,*,#347,.T.);
#347 = EDGE_CURVE('',#339,#286,#348,.T.);
#348 = LINE('',#349,#350);
#349 = CARTESIAN_POINT('',(139.02,-120.,1.585));
#350 = VECTOR('',#351,1.);
#351 = DIRECTION('',(0.,1.,0.));
#352 = FACE_BOUND('',#353,.F.);
#353 = EDGE_LOOP('',(#354,#364,#372,#380));
#354 = ORIENTED_EDGE('',*,*,#355,.T.);
#355 = EDGE_CURVE('',#356,#358,#360,.T.);
#356 = VERTEX_POINT('',#357);
#357 = CARTESIAN_POINT('',(159.88,-119.95,1.585));
#358 = VERTEX_POINT('',#359);
#359 = CARTESIAN_POINT('',(159.88,-113.05,1.585));
#360 = LINE('',#361,#362);
#361 = CARTESIAN_POINT('',(159.88,-119.95,1.585));
#362 = VECTOR('',#363,1.);
#363 = DIRECTION('',(0.,1.,0.));
#364 = ORIENTED_EDGE('',*,*,#365,.T.);
#365 = EDGE_CURVE('',#358,#366,#368,.T.);
#366 = VERTEX_POINT('',#367);
#367 = CARTESIAN_POINT('',(139.12,-113.05,1.585));
#368 = LINE('',#369,#370);
#369 = CARTESIAN_POINT('',(159.88,-113.05,1.585));
#370 = VECTOR('',#371,1.);
#371 = DIRECTION('',(-1.,0.,0.));
#372 = ORIENTED_EDGE('',*,*,#373,.T.);
#373 = EDGE_CURVE('',#366,#374,#376,.T.);
#374 = VERTEX_POINT('',#375);
#375 = CARTESIAN_POINT('',(139.12,-119.95,1.585));
#376 = LINE('',#377,#378);
#377 = CARTESIAN_POINT('',(139.12,-113.05,1.585));
#378 = VECTOR('',#379,1.);
#379 = DIRECTION('',(0.,-1.,0.));
#380 = ORIENTED_EDGE('',*,*,#381,.T.);
#381 = EDGE_CURVE('',#374,#356,#382,.T.);
#382 = LINE('',#383,#384);
#383 = CARTESIAN_POINT('',(139.12,-119.95,1.585));
#384 = VECTOR('',#385,1.);
#385 = DIRECTION('',(1.,0.,0.));
#386 = PLANE('',#387);
#387 = AXIS2_PLACEMENT_3D('',#388,#389,#390);
#388 = CARTESIAN_POINT('',(0.,0.,1.585));
#389 = DIRECTION('',(0.,0.,1.));
#390 = DIRECTION('',(1.,0.,-0.));
#391 = SHELL_BASED_SURFACE_MODEL('',(#392));
#392 = OPEN_SHELL('',(#393));
#393 = ADVANCED_FACE('',(#394,#464),#498,.T.);
#394 = FACE_BOUND('',#395,.F.);
#395 = EDGE_LOOP('',(#396,#407,#415,#424,#432,#441,#449,#458));
#396 = ORIENTED_EDGE('',*,*,#397,.T.);
#397 = EDGE_CURVE('',#398,#400,#402,.T.);
#398 = VERTEX_POINT('',#399);
#399 = CARTESIAN_POINT('',(165.42,-112.8,1.585));
#400 = VERTEX_POINT('',#401);
#401 = CARTESIAN_POINT('',(165.47,-112.75,1.585));
#402 = CIRCLE('',#403,5.000014378945E-02);
#403 = AXIS2_PLACEMENT_3D('',#404,#405,#406);
#404 = CARTESIAN_POINT('',(165.47000014378,-112.8000001437,1.585));
#405 = DIRECTION('',(0.,0.,-1.));
#406 = DIRECTION('',(-0.999999999996,2.875776460223E-06,0.));
#407 = ORIENTED_EDGE('',*,*,#408,.T.);
#408 = EDGE_CURVE('',#400,#409,#411,.T.);
#409 = VERTEX_POINT('',#410);
#410 = CARTESIAN_POINT('',(186.33,-112.75,1.585));
#411 = LINE('',#412,#413);
#412 = CARTESIAN_POINT('',(165.47,-112.75,1.585));
#413 = VECTOR('',#414,1.);
#414 = DIRECTION('',(1.,0.,0.));
#415 = ORIENTED_EDGE('',*,*,#416,.T.);
#416 = EDGE_CURVE('',#409,#417,#419,.T.);
#417 = VERTEX_POINT('',#418);
#418 = CARTESIAN_POINT('',(186.38,-112.8,1.585));
#419 = CIRCLE('',#420,5.000014378937E-02);
#420 = AXIS2_PLACEMENT_3D('',#421,#422,#423);
#421 = CARTESIAN_POINT('',(186.32999985621,-112.8000001437,1.585));
#422 = DIRECTION('',(0.,0.,-1.));
#423 = DIRECTION('',(2.875775323363E-06,0.999999999996,0.));
#424 = ORIENTED_EDGE('',*,*,#425,.T.);
#425 = EDGE_CURVE('',#417,#426,#428,.T.);
#426 = VERTEX_POINT('',#427);
#427 = CARTESIAN_POINT('',(186.38,-119.8,1.585));
#428 = LINE('',#429,#430);
#429 = CARTESIAN_POINT('',(186.38,-112.8,1.585));
#430 = VECTOR('',#431,1.);
#431 = DIRECTION('',(0.,-1.,0.));
#432 = ORIENTED_EDGE('',*,*,#433,.T.);
#433 = EDGE_CURVE('',#426,#434,#436,.T.);
#434 = VERTEX_POINT('',#435);
#435 = CARTESIAN_POINT('',(186.33,-119.85,1.585));
#436 = CIRCLE('',#437,5.000014378934E-02);
#437 = AXIS2_PLACEMENT_3D('',#438,#439,#440);
#438 = CARTESIAN_POINT('',(186.32999985621,-119.7999998562,1.585));
#439 = DIRECTION('',(0.,0.,-1.));
#440 = DIRECTION('',(0.999999999996,-2.875774186499E-06,0.));
#441 = ORIENTED_EDGE('',*,*,#442,.T.);
#442 = EDGE_CURVE('',#434,#443,#445,.T.);
#443 = VERTEX_POINT('',#444);
#444 = CARTESIAN_POINT('',(165.47,-119.85,1.585));
#445 = LINE('',#446,#447);
#446 = CARTESIAN_POINT('',(186.33,-119.85,1.585));
#447 = VECTOR('',#448,1.);
#448 = DIRECTION('',(-1.,0.,0.));
#449 = ORIENTED_EDGE('',*,*,#450,.T.);
#450 = EDGE_CURVE('',#443,#451,#453,.T.);
#451 = VERTEX_POINT('',#452);
#452 = CARTESIAN_POINT('',(165.42,-119.8,1.585));
#453 = CIRCLE('',#454,5.000014378935E-02);
#454 = AXIS2_PLACEMENT_3D('',#455,#456,#457);
#455 = CARTESIAN_POINT('',(165.47000014378,-119.7999998562,1.585));
#456 = DIRECTION('',(0.,0.,-1.));
#457 = DIRECTION('',(-2.875774186498E-06,-0.999999999996,-0.));
#458 = ORIENTED_EDGE('',*,*,#459,.T.);
#459 = EDGE_CURVE('',#451,#398,#460,.T.);
#460 = LINE('',#461,#462);
#461 = CARTESIAN_POINT('',(165.42,-119.8,1.585));
#462 = VECTOR('',#463,1.);
#463 = DIRECTION('',(0.,1.,0.));
#464 = FACE_BOUND('',#465,.F.);
#465 = EDGE_LOOP('',(#466,#476,#484,#492));
#466 = ORIENTED_EDGE('',*,*,#467,.T.);
#467 = EDGE_CURVE('',#468,#470,#472,.T.);
#468 = VERTEX_POINT('',#469);
#469 = CARTESIAN_POINT('',(186.28,-119.75,1.585));
#470 = VERTEX_POINT('',#471);
#471 = CARTESIAN_POINT('',(186.28,-112.85,1.585));
#472 = LINE('',#473,#474);
#473 = CARTESIAN_POINT('',(186.28,-119.75,1.585));
#474 = VECTOR('',#475,1.);
#475 = DIRECTION('',(0.,1.,0.));
#476 = ORIENTED_EDGE('',*,*,#477,.T.);
#477 = EDGE_CURVE('',#470,#478,#480,.T.);
#478 = VERTEX_POINT('',#479);
#479 = CARTESIAN_POINT('',(165.52,-112.85,1.585));
#480 = LINE('',#481,#482);
#481 = CARTESIAN_POINT('',(186.28,-112.85,1.585));
#482 = VECTOR('',#483,1.);
#483 = DIRECTION('',(-1.,0.,0.));
#484 = ORIENTED_EDGE('',*,*,#485,.T.);
#485 = EDGE_CURVE('',#478,#486,#488,.T.);
#486 = VERTEX_POINT('',#487);
#487 = CARTESIAN_POINT('',(165.52,-119.75,1.585));
#488 = LINE('',#489,#490);
#489 = CARTESIAN_POINT('',(165.52,-112.85,1.585));
#490 = VECTOR('',#491,1.);
#491 = DIRECTION('',(0.,-1.,0.));
#492 = ORIENTED_EDGE('',*,*,#493,.T.);
#493 = EDGE_CURVE('',#486,#468,#494,.T.);
#494 = LINE('',#495,#496);
#495 = CARTESIAN_POINT('',(165.52,-119.75,1.585));
#496 = VECTOR('',#497,1.);
#497 = DIRECTION('',(1.,0.,0.));
#498 = PLANE('',#499);
#499 = AXIS2_PLACEMENT_3D('',#500,#501,#502);
#500 = CARTESIAN_POINT('',(0.,0.,1.585));
#501 = DIRECTION('',(0.,0.,1.));
#502 = DIRECTION('',(1.,0.,-0.));
#503 = SHELL_BASED_SURFACE_MODEL('',(#504));
#504 = OPEN_SHELL('',(#505));
#505 = ADVANCED_FACE('',(#506,#576),#610,.T.);
#506 = FACE_BOUND('',#507,.F.);
#507 = EDGE_LOOP('',(#508,#519,#527,#536,#544,#553,#561,#570));
#508 = ORIENTED_EDGE('',*,*,#509,.T.);
#509 = EDGE_CURVE('',#510,#512,#514,.T.);
#510 = VERTEX_POINT('',#511);
#511 = CARTESIAN_POINT('',(188.45,-90.07,1.585));
#512 = VERTEX_POINT('',#513);
#513 = CARTESIAN_POINT('',(188.5,-90.02,1.585));
#514 = CIRCLE('',#515,5.000014378934E-02);
#515 = AXIS2_PLACEMENT_3D('',#516,#517,#518);
#516 = CARTESIAN_POINT('',(188.50000014378,-90.07000014378,1.585));
#517 = DIRECTION('',(0.,0.,-1.));
#518 = DIRECTION('',(-0.999999999996,2.875774470716E-06,0.));
#519 = ORIENTED_EDGE('',*,*,#520,.T.);
#520 = EDGE_CURVE('',#512,#521,#523,.T.);
#521 = VERTEX_POINT('',#522);
#522 = CARTESIAN_POINT('',(195.5,-90.02,1.585));
#523 = LINE('',#524,#525);
#524 = CARTESIAN_POINT('',(188.5,-90.02,1.585));
#525 = VECTOR('',#526,1.);
#526 = DIRECTION('',(1.,0.,0.));
#527 = ORIENTED_EDGE('',*,*,#528,.T.);
#528 = EDGE_CURVE('',#521,#529,#531,.T.);
#529 = VERTEX_POINT('',#530);
#530 = CARTESIAN_POINT('',(195.55,-90.07,1.585));
#531 = CIRCLE('',#532,5.000014378934E-02);
#532 = AXIS2_PLACEMENT_3D('',#533,#534,#535);
#533 = CARTESIAN_POINT('',(195.49999985621,-90.07000014378,1.585));
#534 = DIRECTION('',(0.,0.,-1.));
#535 = DIRECTION('',(2.875774186499E-06,0.999999999996,0.));
#536 = ORIENTED_EDGE('',*,*,#537,.T.);
#537 = EDGE_CURVE('',#529,#538,#540,.T.);
#538 = VERTEX_POINT('',#539);
#539 = CARTESIAN_POINT('',(195.55,-110.93,1.585));
#540 = LINE('',#541,#542);
#541 = CARTESIAN_POINT('',(195.55,-90.07,1.585));
#542 = VECTOR('',#543,1.);
#543 = DIRECTION('',(0.,-1.,0.));
#544 = ORIENTED_EDGE('',*,*,#545,.T.);
#545 = EDGE_CURVE('',#538,#546,#548,.T.);
#546 = VERTEX_POINT('',#547);
#547 = CARTESIAN_POINT('',(195.5,-110.98,1.585));
#548 = CIRCLE('',#549,5.000014378934E-02);
#549 = AXIS2_PLACEMENT_3D('',#550,#551,#552);
#550 = CARTESIAN_POINT('',(195.49999985621,-110.9299998562,1.585));
#551 = DIRECTION('',(0.,0.,-1.));
#552 = DIRECTION('',(0.999999999996,-2.875774470716E-06,0.));
#553 = ORIENTED_EDGE('',*,*,#554,.T.);
#554 = EDGE_CURVE('',#546,#555,#557,.T.);
#555 = VERTEX_POINT('',#556);
#556 = CARTESIAN_POINT('',(188.5,-110.98,1.585));
#557 = LINE('',#558,#559);
#558 = CARTESIAN_POINT('',(195.5,-110.98,1.585));
#559 = VECTOR('',#560,1.);
#560 = DIRECTION('',(-1.,0.,0.));
#561 = ORIENTED_EDGE('',*,*,#562,.T.);
#562 = EDGE_CURVE('',#555,#563,#565,.T.);
#563 = VERTEX_POINT('',#564);
#564 = CARTESIAN_POINT('',(188.45,-110.93,1.585));
#565 = CIRCLE('',#566,5.000014378934E-02);
#566 = AXIS2_PLACEMENT_3D('',#567,#568,#569);
#567 = CARTESIAN_POINT('',(188.50000014378,-110.9299998562,1.585));
#568 = DIRECTION('',(0.,0.,-1.));
#569 = DIRECTION('',(-2.875774186499E-06,-0.999999999996,-0.));
#570 = ORIENTED_EDGE('',*,*,#571,.T.);
#571 = EDGE_CURVE('',#563,#510,#572,.T.);
#572 = LINE('',#573,#574);
#573 = CARTESIAN_POINT('',(188.45,-110.93,1.585));
#574 = VECTOR('',#575,1.);
#575 = DIRECTION('',(0.,1.,0.));
#576 = FACE_BOUND('',#577,.F.);
#577 = EDGE_LOOP('',(#578,#588,#596,#604));
#578 = ORIENTED_EDGE('',*,*,#579,.T.);
#579 = EDGE_CURVE('',#580,#582,#584,.T.);
#580 = VERTEX_POINT('',#581);
#581 = CARTESIAN_POINT('',(195.45,-110.88,1.585));
#582 = VERTEX_POINT('',#583);
#583 = CARTESIAN_POINT('',(195.45,-90.12,1.585));
#584 = LINE('',#585,#586);
#585 = CARTESIAN_POINT('',(195.45,-110.88,1.585));
#586 = VECTOR('',#587,1.);
#587 = DIRECTION('',(0.,1.,0.));
#588 = ORIENTED_EDGE('',*,*,#589,.T.);
#589 = EDGE_CURVE('',#582,#590,#592,.T.);
#590 = VERTEX_POINT('',#591);
#591 = CARTESIAN_POINT('',(188.55,-90.12,1.585));
#592 = LINE('',#593,#594);
#593 = CARTESIAN_POINT('',(195.45,-90.12,1.585));
#594 = VECTOR('',#595,1.);
#595 = DIRECTION('',(-1.,0.,0.));
#596 = ORIENTED_EDGE('',*,*,#597,.T.);
#597 = EDGE_CURVE('',#590,#598,#600,.T.);
#598 = VERTEX_POINT('',#599);
#599 = CARTESIAN_POINT('',(188.55,-110.88,1.585));
#600 = LINE('',#601,#602);
#601 = CARTESIAN_POINT('',(188.55,-90.12,1.585));
#602 = VECTOR('',#603,1.);
#603 = DIRECTION('',(0.,-1.,0.));
#604 = ORIENTED_EDGE('',*,*,#605,.T.);
#605 = EDGE_CURVE('',#598,#580,#606,.T.);
#606 = LINE('',#607,#608);
#607 = CARTESIAN_POINT('',(188.55,-110.88,1.585));
#608 = VECTOR('',#609,1.);
#609 = DIRECTION('',(1.,0.,0.));
#610 = PLANE('',#611);
#611 = AXIS2_PLACEMENT_3D('',#612,#613,#614);
#612 = CARTESIAN_POINT('',(0.,0.,1.585));
#613 = DIRECTION('',(0.,0.,1.));
#614 = DIRECTION('',(1.,0.,-0.));
#615 = SHELL_BASED_SURFACE_MODEL('',(#616));
#616 = OPEN_SHELL('',(#617));
#617 = ADVANCED_FACE('',(#618,#688),#722,.T.);
#618 = FACE_BOUND('',#619,.F.);
#619 = EDGE_LOOP('',(#620,#631,#639,#648,#656,#665,#673,#682));
#620 = ORIENTED_EDGE('',*,*,#621,.T.);
#621 = EDGE_CURVE('',#622,#624,#626,.T.);
#622 = VERTEX_POINT('',#623);
#623 = CARTESIAN_POINT('',(129.75,-89.97,1.585));
#624 = VERTEX_POINT('',#625);
#625 = CARTESIAN_POINT('',(129.8,-89.92,1.585));
#626 = CIRCLE('',#627,5.000014378934E-02);
#627 = AXIS2_PLACEMENT_3D('',#628,#629,#630);
#628 = CARTESIAN_POINT('',(129.80000014378,-89.97000014378,1.585));
#629 = DIRECTION('',(0.,0.,-1.));
#630 = DIRECTION('',(-0.999999999996,2.875774470716E-06,0.));
#631 = ORIENTED_EDGE('',*,*,#632,.T.);
#632 = EDGE_CURVE('',#624,#633,#635,.T.);
#633 = VERTEX_POINT('',#634);
#634 = CARTESIAN_POINT('',(136.8,-89.92,1.585));
#635 = LINE('',#636,#637);
#636 = CARTESIAN_POINT('',(129.8,-89.92,1.585));
#637 = VECTOR('',#638,1.);
#638 = DIRECTION('',(1.,0.,0.));
#639 = ORIENTED_EDGE('',*,*,#640,.T.);
#640 = EDGE_CURVE('',#633,#641,#643,.T.);
#641 = VERTEX_POINT('',#642);
#642 = CARTESIAN_POINT('',(136.85,-89.97,1.585));
#643 = CIRCLE('',#644,5.000014378933E-02);
#644 = AXIS2_PLACEMENT_3D('',#645,#646,#647);
#645 = CARTESIAN_POINT('',(136.79999985621,-89.97000014378,1.585));
#646 = DIRECTION('',(0.,0.,-1.));
#647 = DIRECTION('',(2.875774754933E-06,0.999999999996,0.));
#648 = ORIENTED_EDGE('',*,*,#649,.T.);
#649 = EDGE_CURVE('',#641,#650,#652,.T.);
#650 = VERTEX_POINT('',#651);
#651 = CARTESIAN_POINT('',(136.85,-110.83,1.585));
#652 = LINE('',#653,#654);
#653 = CARTESIAN_POINT('',(136.85,-89.97,1.585));
#654 = VECTOR('',#655,1.);
#655 = DIRECTION('',(0.,-1.,0.));
#656 = ORIENTED_EDGE('',*,*,#657,.T.);
#657 = EDGE_CURVE('',#650,#658,#660,.T.);
#658 = VERTEX_POINT('',#659);
#659 = CARTESIAN_POINT('',(136.8,-110.88,1.585));
#660 = CIRCLE('',#661,5.000014378932E-02);
#661 = AXIS2_PLACEMENT_3D('',#662,#663,#664);
#662 = CARTESIAN_POINT('',(136.79999985621,-110.8299998562,1.585));
#663 = DIRECTION('',(0.,0.,-1.));
#664 = DIRECTION('',(0.999999999996,-2.875774186501E-06,0.));
#665 = ORIENTED_EDGE('',*,*,#666,.T.);
#666 = EDGE_CURVE('',#658,#667,#669,.T.);
#667 = VERTEX_POINT('',#668);
#668 = CARTESIAN_POINT('',(129.8,-110.88,1.585));
#669 = LINE('',#670,#671);
#670 = CARTESIAN_POINT('',(136.8,-110.88,1.585));
#671 = VECTOR('',#672,1.);
#672 = DIRECTION('',(-1.,0.,0.));
#673 = ORIENTED_EDGE('',*,*,#674,.T.);
#674 = EDGE_CURVE('',#667,#675,#677,.T.);
#675 = VERTEX_POINT('',#676);
#676 = CARTESIAN_POINT('',(129.75,-110.83,1.585));
#677 = CIRCLE('',#678,5.000014378935E-02);
#678 = AXIS2_PLACEMENT_3D('',#679,#680,#681);
#679 = CARTESIAN_POINT('',(129.80000014378,-110.8299998562,1.585));
#680 = DIRECTION('',(0.,0.,-1.));
#681 = DIRECTION('',(-2.875774186498E-06,-0.999999999996,-0.));
#682 = ORIENTED_EDGE('',*,*,#683,.T.);
#683 = EDGE_CURVE('',#675,#622,#684,.T.);
#684 = LINE('',#685,#686);
#685 = CARTESIAN_POINT('',(129.75,-110.83,1.585));
#686 = VECTOR('',#687,1.);
#687 = DIRECTION('',(0.,1.,0.));
#688 = FACE_BOUND('',#689,.F.);
#689 = EDGE_LOOP('',(#690,#700,#708,#716));
#690 = ORIENTED_EDGE('',*,*,#691,.T.);
#691 = EDGE_CURVE('',#692,#694,#696,.T.);
#692 = VERTEX_POINT('',#693);
#693 = CARTESIAN_POINT('',(136.75,-110.78,1.585));
#694 = VERTEX_POINT('',#695);
#695 = CARTESIAN_POINT('',(136.75,-90.02,1.585));
#696 = LINE('',#697,#698);
#697 = CARTESIAN_POINT('',(136.75,-110.78,1.585));
#698 = VECTOR('',#699,1.);
#699 = DIRECTION('',(0.,1.,0.));
#700 = ORIENTED_EDGE('',*,*,#701,.T.);
#701 = EDGE_CURVE('',#694,#702,#704,.T.);
#702 = VERTEX_POINT('',#703);
#703 = CARTESIAN_POINT('',(129.85,-90.02,1.585));
#704 = LINE('',#705,#706);
#705 = CARTESIAN_POINT('',(136.75,-90.02,1.585));
#706 = VECTOR('',#707,1.);
#707 = DIRECTION('',(-1.,0.,0.));
#708 = ORIENTED_EDGE('',*,*,#709,.T.);
#709 = EDGE_CURVE('',#702,#710,#712,.T.);
#710 = VERTEX_POINT('',#711);
#711 = CARTESIAN_POINT('',(129.85,-110.78,1.585));
#712 = LINE('',#713,#714);
#713 = CARTESIAN_POINT('',(129.85,-90.02,1.585));
#714 = VECTOR('',#715,1.);
#715 = DIRECTION('',(0.,-1.,0.));
#716 = ORIENTED_EDGE('',*,*,#717,.T.);
#717 = EDGE_CURVE('',#710,#692,#718,.T.);
#718 = LINE('',#719,#720);
#719 = CARTESIAN_POINT('',(129.85,-110.78,1.585));
#720 = VECTOR('',#721,1.);
#721 = DIRECTION('',(1.,0.,0.));
#722 = PLANE('',#723);
#723 = AXIS2_PLACEMENT_3D('',#724,#725,#726);
#724 = CARTESIAN_POINT('',(0.,0.,1.585));
#725 = DIRECTION('',(0.,0.,1.));
#726 = DIRECTION('',(1.,0.,-0.));
#727 = SHELL_BASED_SURFACE_MODEL('',(#728));
#728 = OPEN_SHELL('',(#729));
#729 = ADVANCED_FACE('',(#730),#849,.T.);
#730 = FACE_BOUND('',#731,.F.);
#731 = EDGE_LOOP('',(#732,#743,#751,#760,#768,#776,#784,#793,#801,#809,
    #817,#826,#834,#843));
#732 = ORIENTED_EDGE('',*,*,#733,.T.);
#733 = EDGE_CURVE('',#734,#736,#738,.T.);
#734 = VERTEX_POINT('',#735);
#735 = CARTESIAN_POINT('',(170.638783,-109.932309,1.585));
#736 = VERTEX_POINT('',#737);
#737 = CARTESIAN_POINT('',(170.701283,-109.869809,1.585));
#738 = CIRCLE('',#739,6.250106243077E-02);
#739 = AXIS2_PLACEMENT_3D('',#740,#741,#742);
#740 = CARTESIAN_POINT('',(170.70128406242,-109.9323100624,1.585));
#741 = DIRECTION('',(0.,0.,-1.));
#742 = DIRECTION('',(-0.999999999856,1.699845874159E-05,0.));
#743 = ORIENTED_EDGE('',*,*,#744,.T.);
#744 = EDGE_CURVE('',#736,#745,#747,.T.);
#745 = VERTEX_POINT('',#746);
#746 = CARTESIAN_POINT('',(170.939378,-109.869809,1.585));
#747 = LINE('',#748,#749);
#748 = CARTESIAN_POINT('',(170.701283,-109.869809,1.585));
#749 = VECTOR('',#750,1.);
#750 = DIRECTION('',(1.,0.,0.));
#751 = ORIENTED_EDGE('',*,*,#752,.T.);
#752 = EDGE_CURVE('',#745,#753,#755,.T.);
#753 = VERTEX_POINT('',#754);
#754 = CARTESIAN_POINT('',(170.939378,-109.994809,1.585));
#755 = CIRCLE('',#756,6.250000000099E-02);
#756 = AXIS2_PLACEMENT_3D('',#757,#758,#759);
#757 = CARTESIAN_POINT('',(170.93937764746,-109.932309,1.585));
#758 = DIRECTION('',(0.,0.,-1.));
#759 = DIRECTION('',(5.640538802164E-06,0.999999999984,0.));
#760 = ORIENTED_EDGE('',*,*,#761,.T.);
#761 = EDGE_CURVE('',#753,#762,#764,.T.);
#762 = VERTEX_POINT('',#763);
#763 = CARTESIAN_POINT('',(170.763783,-109.994809,1.585));
#764 = LINE('',#765,#766);
#765 = CARTESIAN_POINT('',(170.939378,-109.994809,1.585));
#766 = VECTOR('',#767,1.);
#767 = DIRECTION('',(-1.,0.,0.));
#768 = ORIENTED_EDGE('',*,*,#769,.T.);
#769 = EDGE_CURVE('',#762,#770,#772,.T.);
#770 = VERTEX_POINT('',#771);
#771 = CARTESIAN_POINT('',(170.763783,-110.107904,1.585));
#772 = LINE('',#773,#774);
#773 = CARTESIAN_POINT('',(170.763783,-109.994809,1.585));
#774 = VECTOR('',#775,1.);
#775 = DIRECTION('',(0.,-1.,0.));
#776 = ORIENTED_EDGE('',*,*,#777,.T.);
#777 = EDGE_CURVE('',#770,#778,#780,.T.);
#778 = VERTEX_POINT('',#779);
#779 = CARTESIAN_POINT('',(170.86795,-110.107904,1.585));
#780 = LINE('',#781,#782);
#781 = CARTESIAN_POINT('',(170.763783,-110.107904,1.585));
#782 = VECTOR('',#783,1.);
#783 = DIRECTION('',(1.,0.,0.));
#784 = ORIENTED_EDGE('',*,*,#785,.T.);
#785 = EDGE_CURVE('',#778,#786,#788,.T.);
#786 = VERTEX_POINT('',#787);
#787 = CARTESIAN_POINT('',(170.86795,-110.232904,1.585));
#788 = CIRCLE('',#789,6.2500000001E-02);
#789 = AXIS2_PLACEMENT_3D('',#790,#791,#792);
#790 = CARTESIAN_POINT('',(170.86794964746,-110.170404,1.585));
#791 = DIRECTION('',(0.,0.,-1.));
#792 = DIRECTION('',(5.640539256912E-06,0.999999999984,0.));
#793 = ORIENTED_EDGE('',*,*,#794,.T.);
#794 = EDGE_CURVE('',#786,#795,#797,.T.);
#795 = VERTEX_POINT('',#796);
#796 = CARTESIAN_POINT('',(170.763783,-110.232904,1.585));
#797 = LINE('',#798,#799);
#798 = CARTESIAN_POINT('',(170.86795,-110.232904,1.585));
#799 = VECTOR('',#800,1.);
#800 = DIRECTION('',(-1.,0.,0.));
#801 = ORIENTED_EDGE('',*,*,#802,.T.);
#802 = EDGE_CURVE('',#795,#803,#805,.T.);
#803 = VERTEX_POINT('',#804);
#804 = CARTESIAN_POINT('',(170.763783,-110.369809,1.585));
#805 = LINE('',#806,#807);
#806 = CARTESIAN_POINT('',(170.763783,-110.232904,1.585));
#807 = VECTOR('',#808,1.);
#808 = DIRECTION('',(0.,-1.,0.));
#809 = ORIENTED_EDGE('',*,*,#810,.T.);
#810 = EDGE_CURVE('',#803,#811,#813,.T.);
#811 = VERTEX_POINT('',#812);
#812 = CARTESIAN_POINT('',(170.939378,-110.369809,1.585));
#813 = LINE('',#814,#815);
#814 = CARTESIAN_POINT('',(170.763783,-110.369809,1.585));
#815 = VECTOR('',#816,1.);
#816 = DIRECTION('',(1.,0.,0.));
#817 = ORIENTED_EDGE('',*,*,#818,.T.);
#818 = EDGE_CURVE('',#811,#819,#821,.T.);
#819 = VERTEX_POINT('',#820);
#820 = CARTESIAN_POINT('',(170.939378,-110.494809,1.585));
#821 = CIRCLE('',#822,6.250000000099E-02);
#822 = AXIS2_PLACEMENT_3D('',#823,#824,#825);
#823 = CARTESIAN_POINT('',(170.93937764746,-110.432309,1.585));
#824 = DIRECTION('',(0.,0.,-1.));
#825 = DIRECTION('',(5.640538802164E-06,0.999999999984,0.));
#826 = ORIENTED_EDGE('',*,*,#827,.T.);
#827 = EDGE_CURVE('',#819,#828,#830,.T.);
#828 = VERTEX_POINT('',#829);
#829 = CARTESIAN_POINT('',(170.701283,-110.494809,1.585));
#830 = LINE('',#831,#832);
#831 = CARTESIAN_POINT('',(170.939378,-110.494809,1.585));
#832 = VECTOR('',#833,1.);
#833 = DIRECTION('',(-1.,0.,0.));
#834 = ORIENTED_EDGE('',*,*,#835,.T.);
#835 = EDGE_CURVE('',#828,#836,#838,.T.);
#836 = VERTEX_POINT('',#837);
#837 = CARTESIAN_POINT('',(170.638783,-110.432309,1.585));
#838 = CIRCLE('',#839,6.25010624308E-02);
#839 = AXIS2_PLACEMENT_3D('',#840,#841,#842);
#840 = CARTESIAN_POINT('',(170.70128406242,-110.4323079375,1.585));
#841 = DIRECTION('',(0.,0.,-1.));
#842 = DIRECTION('',(-1.69984594237E-05,-0.999999999856,-0.));
#843 = ORIENTED_EDGE('',*,*,#844,.T.);
#844 = EDGE_CURVE('',#836,#734,#845,.T.);
#845 = LINE('',#846,#847);
#846 = CARTESIAN_POINT('',(170.638783,-110.432309,1.585));
#847 = VECTOR('',#848,1.);
#848 = DIRECTION('',(0.,1.,0.));
#849 = PLANE('',#850);
#850 = AXIS2_PLACEMENT_3D('',#851,#852,#853);
#851 = CARTESIAN_POINT('',(0.,0.,1.585));
#852 = DIRECTION('',(0.,0.,1.));
#853 = DIRECTION('',(1.,0.,-0.));
#854 = SHELL_BASED_SURFACE_MODEL('',(#855));
#855 = OPEN_SHELL('',(#856));
#856 = ADVANCED_FACE('',(#857),#1035,.T.);
#857 = FACE_BOUND('',#858,.F.);
#858 = EDGE_LOOP('',(#859,#870,#878,#887,#895,#904,#912,#921,#929,#937,
    #945,#954,#962,#971,#979,#988,#996,#1004,#1013,#1021,#1029));
#859 = ORIENTED_EDGE('',*,*,#860,.T.);
#860 = EDGE_CURVE('',#861,#863,#865,.T.);
#861 = VERTEX_POINT('',#862);
#862 = CARTESIAN_POINT('',(171.192853,-109.903937,1.585));
#863 = VERTEX_POINT('',#864);
#864 = CARTESIAN_POINT('',(171.447808,-109.903937,1.585));
#865 = CIRCLE('',#866,0.253290523108);
#866 = AXIS2_PLACEMENT_3D('',#867,#868,#869);
#867 = CARTESIAN_POINT('',(171.3203305,-110.1228104248,1.585));
#868 = DIRECTION('',(0.,0.,-1.));
#869 = DIRECTION('',(-0.503285707004,0.864120071012,0.));
#870 = ORIENTED_EDGE('',*,*,#871,.T.);
#871 = EDGE_CURVE('',#863,#872,#874,.T.);
#872 = VERTEX_POINT('',#873);
#873 = CARTESIAN_POINT('',(171.483572,-109.935734,1.585));
#874 = LINE('',#875,#876);
#875 = CARTESIAN_POINT('',(171.447808,-109.903937,1.585));
#876 = VECTOR('',#877,1.);
#877 = DIRECTION('',(0.747338987289,-0.664442953216,0.));
#878 = ORIENTED_EDGE('',*,*,#879,.T.);
#879 = EDGE_CURVE('',#872,#880,#882,.T.);
#880 = VERTEX_POINT('',#881);
#881 = CARTESIAN_POINT('',(171.415461,-110.03767,1.585));
#882 = CIRCLE('',#883,6.249959175064E-02);
#883 = AXIS2_PLACEMENT_3D('',#884,#885,#886);
#884 = CARTESIAN_POINT('',(171.43937783756,-109.9799276078,1.585));
#885 = DIRECTION('',(0.,0.,-1.));
#886 = DIRECTION('',(0.707111217758,0.707102344587,0.));
#887 = ORIENTED_EDGE('',*,*,#888,.T.);
#888 = EDGE_CURVE('',#880,#889,#891,.T.);
#889 = VERTEX_POINT('',#890);
#890 = CARTESIAN_POINT('',(171.381808,-110.010746,1.585));
#891 = LINE('',#892,#893);
#892 = CARTESIAN_POINT('',(171.415461,-110.03767,1.585));
#893 = VECTOR('',#894,1.);
#894 = DIRECTION('',(-0.780850699453,0.624717684369,0.));
#895 = ORIENTED_EDGE('',*,*,#896,.T.);
#896 = EDGE_CURVE('',#889,#897,#899,.T.);
#897 = VERTEX_POINT('',#898);
#898 = CARTESIAN_POINT('',(171.258853,-110.010746,1.585));
#899 = CIRCLE('',#900,0.12145584285);
#900 = AXIS2_PLACEMENT_3D('',#901,#902,#903);
#901 = CARTESIAN_POINT('',(171.3203305,-110.1154935,1.585));
#902 = DIRECTION('',(0.,0.,1.));
#903 = DIRECTION('',(0.506171613956,0.862432778381,-0.));
#904 = ORIENTED_EDGE('',*,*,#905,.T.);
#905 = EDGE_CURVE('',#897,#906,#908,.T.);
#906 = VERTEX_POINT('',#907);
#907 = CARTESIAN_POINT('',(171.22884,-110.040759,1.585));
#908 = LINE('',#909,#910);
#909 = CARTESIAN_POINT('',(171.258853,-110.010746,1.585));
#910 = VECTOR('',#911,1.);
#911 = DIRECTION('',(-0.707106781187,-0.707106781187,0.));
#912 = ORIENTED_EDGE('',*,*,#913,.T.);
#913 = EDGE_CURVE('',#906,#914,#916,.T.);
#914 = VERTEX_POINT('',#915);
#915 = CARTESIAN_POINT('',(171.192355,-110.210329,1.585));
#916 = CIRCLE('',#917,0.278314135796);
#917 = AXIS2_PLACEMENT_3D('',#918,#919,#920);
#918 = CARTESIAN_POINT('',(171.46913763392,-110.1811719812,1.585));
#919 = DIRECTION('',(0.,0.,1.));
#920 = DIRECTION('',(-0.863404344302,0.504512574909,0.));
#921 = ORIENTED_EDGE('',*,*,#922,.T.);
#922 = EDGE_CURVE('',#914,#923,#925,.T.);
#923 = VERTEX_POINT('',#924);
#924 = CARTESIAN_POINT('',(171.212634,-110.291448,1.585));
#925 = LINE('',#926,#927);
#926 = CARTESIAN_POINT('',(171.192355,-110.210329,1.585));
#927 = VECTOR('',#928,1.);
#928 = DIRECTION('',(0.242527183011,-0.970144610613,0.));
#929 = ORIENTED_EDGE('',*,*,#930,.T.);
#930 = EDGE_CURVE('',#923,#931,#933,.T.);
#931 = VERTEX_POINT('',#932);
#932 = CARTESIAN_POINT('',(171.228839,-110.323856,1.585));
#933 = LINE('',#934,#935);
#934 = CARTESIAN_POINT('',(171.212634,-110.291448,1.585));
#935 = VECTOR('',#936,1.);
#936 = DIRECTION('',(0.447235674261,-0.894416151279,0.));
#937 = ORIENTED_EDGE('',*,*,#938,.T.);
#938 = EDGE_CURVE('',#931,#939,#941,.T.);
#939 = VERTEX_POINT('',#940);
#940 = CARTESIAN_POINT('',(171.258855,-110.353873,1.585));
#941 = LINE('',#942,#943);
#942 = CARTESIAN_POINT('',(171.228839,-110.323856,1.585));
#943 = VECTOR('',#944,1.);
#944 = DIRECTION('',(0.707095002454,-0.707118559723,0.));
#945 = ORIENTED_EDGE('',*,*,#946,.T.);
#946 = EDGE_CURVE('',#939,#947,#949,.T.);
#947 = VERTEX_POINT('',#948);
#948 = CARTESIAN_POINT('',(171.381807,-110.353872,1.585));
#949 = CIRCLE('',#950,0.121453619034);
#950 = AXIS2_PLACEMENT_3D('',#951,#952,#953);
#951 = CARTESIAN_POINT('',(171.32033014807,-110.2491266981,1.585));
#952 = DIRECTION('',(0.,0.,1.));
#953 = DIRECTION('',(-0.506161517166,-0.862438704222,0.));
#954 = ORIENTED_EDGE('',*,*,#955,.T.);
#955 = EDGE_CURVE('',#947,#956,#958,.T.);
#956 = VERTEX_POINT('',#957);
#957 = CARTESIAN_POINT('',(171.41546,-110.326948,1.585));
#958 = LINE('',#959,#960);
#959 = CARTESIAN_POINT('',(171.381807,-110.353872,1.585));
#960 = VECTOR('',#961,1.);
#961 = DIRECTION('',(0.780850699453,0.624717684369,0.));
#962 = ORIENTED_EDGE('',*,*,#963,.T.);
#963 = EDGE_CURVE('',#956,#964,#966,.T.);
#964 = VERTEX_POINT('',#965);
#965 = CARTESIAN_POINT('',(171.497121,-110.408606,1.585));
#966 = CIRCLE('',#967,6.249967429875E-02);
#967 = AXIS2_PLACEMENT_3D('',#968,#969,#970);
#968 = CARTESIAN_POINT('',(171.43937820714,-110.3846899141,1.585));
#969 = DIRECTION('',(0.,0.,-1.));
#970 = DIRECTION('',(-0.382693308565,0.923875441593,0.));
#971 = ORIENTED_EDGE('',*,*,#972,.T.);
#972 = EDGE_CURVE('',#964,#973,#975,.T.);
#973 = VERTEX_POINT('',#974);
#974 = CARTESIAN_POINT('',(171.459764,-110.452693,1.585));
#975 = LINE('',#976,#977);
#976 = CARTESIAN_POINT('',(171.497121,-110.408606,1.585));
#977 = VECTOR('',#978,1.);
#978 = DIRECTION('',(-0.646472700587,-0.762937118901,0.));
#979 = ORIENTED_EDGE('',*,*,#980,.T.);
#980 = EDGE_CURVE('',#973,#981,#983,.T.);
#981 = VERTEX_POINT('',#982);
#982 = CARTESIAN_POINT('',(171.276757,-110.491602,1.585));
#983 = CIRCLE('',#984,0.237660982691);
#984 = AXIS2_PLACEMENT_3D('',#985,#986,#987);
#985 = CARTESIAN_POINT('',(171.32282617617,-110.2584488878,1.585));
#986 = DIRECTION('',(0.,0.,-1.));
#987 = DIRECTION('',(0.576189756819,-0.817315951231,0.));
#988 = ORIENTED_EDGE('',*,*,#989,.T.);
#989 = EDGE_CURVE('',#981,#990,#992,.T.);
#990 = VERTEX_POINT('',#991);
#991 = CARTESIAN_POINT('',(171.192847,-110.460677,1.585));
#992 = LINE('',#993,#994);
#993 = CARTESIAN_POINT('',(171.276757,-110.491602,1.585));
#994 = VECTOR('',#995,1.);
#995 = DIRECTION('',(-0.938303972871,0.345811588143,0.));
#996 = ORIENTED_EDGE('',*,*,#997,.T.);
#997 = EDGE_CURVE('',#990,#998,#1000,.T.);
#998 = VERTEX_POINT('',#999);
#999 = CARTESIAN_POINT('',(171.127706,-110.396733,1.585));
#1000 = LINE('',#1001,#1002);
#1001 = CARTESIAN_POINT('',(171.192847,-110.460677,1.585));
#1002 = VECTOR('',#1003,1.);
#1003 = DIRECTION('',(-0.713633072654,0.700519691097,0.));
#1004 = ORIENTED_EDGE('',*,*,#1005,.T.);
#1005 = EDGE_CURVE('',#998,#1006,#1008,.T.);
#1006 = VERTEX_POINT('',#1007);
#1007 = CARTESIAN_POINT('',(171.069221,-110.131437,1.585));
#1008 = CIRCLE('',#1009,0.396761558979);
#1009 = AXIS2_PLACEMENT_3D('',#1010,#1011,#1012);
#1010 = CARTESIAN_POINT('',(171.46250796024,-110.183830717,1.585));
#1011 = DIRECTION('',(0.,0.,-1.));
#1012 = DIRECTION('',(-0.843836688989,-0.536600076702,-0.));
#1013 = ORIENTED_EDGE('',*,*,#1014,.T.);
#1014 = EDGE_CURVE('',#1006,#1015,#1017,.T.);
#1015 = VERTEX_POINT('',#1016);
#1016 = CARTESIAN_POINT('',(171.097763,-110.023406,1.585));
#1017 = LINE('',#1018,#1019);
#1018 = CARTESIAN_POINT('',(171.069221,-110.131437,1.585));
#1019 = VECTOR('',#1020,1.);
#1020 = DIRECTION('',(0.255437213322,0.966825646148,0.));
#1021 = ORIENTED_EDGE('',*,*,#1022,.T.);
#1022 = EDGE_CURVE('',#1015,#1023,#1025,.T.);
#1023 = VERTEX_POINT('',#1024);
#1024 = CARTESIAN_POINT('',(171.13328,-109.959544,1.585));
#1025 = LINE('',#1026,#1027);
#1026 = CARTESIAN_POINT('',(171.097763,-110.023406,1.585));
#1027 = VECTOR('',#1028,1.);
#1028 = DIRECTION('',(0.4860414169,0.873935776278,0.));
#1029 = ORIENTED_EDGE('',*,*,#1030,.T.);
#1030 = EDGE_CURVE('',#1023,#861,#1031,.T.);
#1031 = LINE('',#1032,#1033);
#1032 = CARTESIAN_POINT('',(171.13328,-109.959544,1.585));
#1033 = VECTOR('',#1034,1.);
#1034 = DIRECTION('',(0.731021398165,0.682354537924,0.));
#1035 = PLANE('',#1036);
#1036 = AXIS2_PLACEMENT_3D('',#1037,#1038,#1039);
#1037 = CARTESIAN_POINT('',(0.,0.,1.585));
#1038 = DIRECTION('',(0.,0.,1.));
#1039 = DIRECTION('',(1.,0.,-0.));
#1040 = SHELL_BASED_SURFACE_MODEL('',(#1041));
#1041 = OPEN_SHELL('',(#1042));
#1042 = ADVANCED_FACE('',(#1043),#1192,.T.);
#1043 = FACE_BOUND('',#1044,.F.);
#1044 = EDGE_LOOP('',(#1045,#1055,#1063,#1071,#1079,#1087,#1095,#1103,
    #1111,#1120,#1128,#1137,#1145,#1153,#1161,#1170,#1178,#1186));
#1045 = ORIENTED_EDGE('',*,*,#1046,.T.);
#1046 = EDGE_CURVE('',#1047,#1049,#1051,.T.);
#1047 = VERTEX_POINT('',#1048);
#1048 = CARTESIAN_POINT('',(172.815947,-109.89764,1.585));
#1049 = VERTEX_POINT('',#1050);
#1050 = CARTESIAN_POINT('',(172.844032,-109.874567,1.585));
#1051 = LINE('',#1052,#1053);
#1052 = CARTESIAN_POINT('',(172.815947,-109.89764,1.585));
#1053 = VECTOR('',#1054,1.);
#1054 = DIRECTION('',(0.772683360371,0.634791638734,0.));
#1055 = ORIENTED_EDGE('',*,*,#1056,.T.);
#1056 = EDGE_CURVE('',#1049,#1057,#1059,.T.);
#1057 = VERTEX_POINT('',#1058);
#1058 = CARTESIAN_POINT('',(172.880078,-109.870997,1.585));
#1059 = LINE('',#1060,#1061);
#1060 = CARTESIAN_POINT('',(172.844032,-109.874567,1.585));
#1061 = VECTOR('',#1062,1.);
#1062 = DIRECTION('',(0.995131316122,9.855792039486E-02,0.));
#1063 = ORIENTED_EDGE('',*,*,#1064,.T.);
#1064 = EDGE_CURVE('',#1057,#1065,#1067,.T.);
#1065 = VERTEX_POINT('',#1066);
#1066 = CARTESIAN_POINT('',(172.885433,-109.874567,1.585));
#1067 = LINE('',#1068,#1069);
#1068 = CARTESIAN_POINT('',(172.880078,-109.870997,1.585));
#1069 = VECTOR('',#1070,1.);
#1070 = DIRECTION('',(0.832050294339,-0.554700196224,0.));
#1071 = ORIENTED_EDGE('',*,*,#1072,.T.);
#1072 = EDGE_CURVE('',#1065,#1073,#1075,.T.);
#1073 = VERTEX_POINT('',#1074);
#1074 = CARTESIAN_POINT('',(172.891868,-109.874567,1.585));
#1075 = LINE('',#1076,#1077);
#1076 = CARTESIAN_POINT('',(172.885433,-109.874567,1.585));
#1077 = VECTOR('',#1078,1.);
#1078 = DIRECTION('',(1.,0.,0.));
#1079 = ORIENTED_EDGE('',*,*,#1080,.T.);
#1080 = EDGE_CURVE('',#1073,#1081,#1083,.T.);
#1081 = VERTEX_POINT('',#1082);
#1082 = CARTESIAN_POINT('',(172.91988,-109.897532,1.585));
#1083 = LINE('',#1084,#1085);
#1084 = CARTESIAN_POINT('',(172.891868,-109.874567,1.585));
#1085 = VECTOR('',#1086,1.);
#1086 = DIRECTION('',(0.773333301505,-0.633999688314,0.));
#1087 = ORIENTED_EDGE('',*,*,#1088,.T.);
#1088 = EDGE_CURVE('',#1081,#1089,#1091,.T.);
#1089 = VERTEX_POINT('',#1090);
#1090 = CARTESIAN_POINT('',(172.93045,-109.932309,1.585));
#1091 = LINE('',#1092,#1093);
#1092 = CARTESIAN_POINT('',(172.91988,-109.897532,1.585));
#1093 = VECTOR('',#1094,1.);
#1094 = DIRECTION('',(0.290801416945,-0.95678343208,0.));
#1095 = ORIENTED_EDGE('',*,*,#1096,.T.);
#1096 = EDGE_CURVE('',#1089,#1097,#1099,.T.);
#1097 = VERTEX_POINT('',#1098);
#1098 = CARTESIAN_POINT('',(172.93045,-110.369809,1.585));
#1099 = LINE('',#1100,#1101);
#1100 = CARTESIAN_POINT('',(172.93045,-109.932309,1.585));
#1101 = VECTOR('',#1102,1.);
#1102 = DIRECTION('',(0.,-1.,0.));
#1103 = ORIENTED_EDGE('',*,*,#1104,.T.);
#1104 = EDGE_CURVE('',#1097,#1105,#1107,.T.);
#1105 = VERTEX_POINT('',#1106);
#1106 = CARTESIAN_POINT('',(173.010807,-110.369809,1.585));
#1107 = LINE('',#1108,#1109);
#1108 = CARTESIAN_POINT('',(172.93045,-110.369809,1.585));
#1109 = VECTOR('',#1110,1.);
#1110 = DIRECTION('',(1.,0.,0.));
#1111 = ORIENTED_EDGE('',*,*,#1112,.T.);
#1112 = EDGE_CURVE('',#1105,#1113,#1115,.T.);
#1113 = VERTEX_POINT('',#1114);
#1114 = CARTESIAN_POINT('',(173.010807,-110.494809,1.585));
#1115 = CIRCLE('',#1116,6.2500000001E-02);
#1116 = AXIS2_PLACEMENT_3D('',#1117,#1118,#1119);
#1117 = CARTESIAN_POINT('',(173.01080664746,-110.432309,1.585));
#1118 = DIRECTION('',(0.,0.,-1.));
#1119 = DIRECTION('',(5.640539256912E-06,0.999999999984,0.));
#1120 = ORIENTED_EDGE('',*,*,#1121,.T.);
#1121 = EDGE_CURVE('',#1113,#1122,#1124,.T.);
#1122 = VERTEX_POINT('',#1123);
#1123 = CARTESIAN_POINT('',(172.725093,-110.494809,1.585));
#1124 = LINE('',#1125,#1126);
#1125 = CARTESIAN_POINT('',(173.010807,-110.494809,1.585));
#1126 = VECTOR('',#1127,1.);
#1127 = DIRECTION('',(-1.,0.,0.));
#1128 = ORIENTED_EDGE('',*,*,#1129,.T.);
#1129 = EDGE_CURVE('',#1122,#1130,#1132,.T.);
#1130 = VERTEX_POINT('',#1131);
#1131 = CARTESIAN_POINT('',(172.725093,-110.369809,1.585));
#1132 = CIRCLE('',#1133,6.250000000099E-02);
#1133 = AXIS2_PLACEMENT_3D('',#1134,#1135,#1136);
#1134 = CARTESIAN_POINT('',(172.72509335253,-110.432309,1.585));
#1135 = DIRECTION('',(0.,0.,-1.));
#1136 = DIRECTION('',(-5.640538802163E-06,-0.999999999984,-0.));
#1137 = ORIENTED_EDGE('',*,*,#1138,.T.);
#1138 = EDGE_CURVE('',#1130,#1139,#1141,.T.);
#1139 = VERTEX_POINT('',#1140);
#1140 = CARTESIAN_POINT('',(172.80545,-110.369809,1.585));
#1141 = LINE('',#1142,#1143);
#1142 = CARTESIAN_POINT('',(172.725093,-110.369809,1.585));
#1143 = VECTOR('',#1144,1.);
#1144 = DIRECTION('',(1.,0.,0.));
#1145 = ORIENTED_EDGE('',*,*,#1146,.T.);
#1146 = EDGE_CURVE('',#1139,#1147,#1149,.T.);
#1147 = VERTEX_POINT('',#1148);
#1148 = CARTESIAN_POINT('',(172.80545,-110.103542,1.585));
#1149 = LINE('',#1150,#1151);
#1150 = CARTESIAN_POINT('',(172.80545,-110.369809,1.585));
#1151 = VECTOR('',#1152,1.);
#1152 = DIRECTION('',(0.,1.,0.));
#1153 = ORIENTED_EDGE('',*,*,#1154,.T.);
#1154 = EDGE_CURVE('',#1147,#1155,#1157,.T.);
#1155 = VERTEX_POINT('',#1156);
#1156 = CARTESIAN_POINT('',(172.753043,-110.131068,1.585));
#1157 = LINE('',#1158,#1159);
#1158 = CARTESIAN_POINT('',(172.80545,-110.103542,1.585));
#1159 = VECTOR('',#1160,1.);
#1160 = DIRECTION('',(-0.885312197751,-0.46499711022,0.));
#1161 = ORIENTED_EDGE('',*,*,#1162,.T.);
#1162 = EDGE_CURVE('',#1155,#1163,#1165,.T.);
#1163 = VERTEX_POINT('',#1164);
#1164 = CARTESIAN_POINT('',(172.697143,-110.019264,1.585));
#1165 = CIRCLE('',#1166,6.249988883207E-02);
#1166 = AXIS2_PLACEMENT_3D('',#1167,#1168,#1169);
#1167 = CARTESIAN_POINT('',(172.72509286793,-110.075166066,1.585));
#1168 = DIRECTION('',(0.,0.,-1.));
#1169 = DIRECTION('',(0.447202908538,-0.894432534401,0.));
#1170 = ORIENTED_EDGE('',*,*,#1171,.T.);
#1171 = EDGE_CURVE('',#1163,#1172,#1174,.T.);
#1172 = VERTEX_POINT('',#1173);
#1173 = CARTESIAN_POINT('',(172.735691,-109.99999,1.585));
#1174 = LINE('',#1175,#1176);
#1175 = CARTESIAN_POINT('',(172.697143,-110.019264,1.585));
#1176 = VECTOR('',#1177,1.);
#1177 = DIRECTION('',(0.894427191,0.4472135955,0.));
#1178 = ORIENTED_EDGE('',*,*,#1179,.T.);
#1179 = EDGE_CURVE('',#1172,#1180,#1182,.T.);
#1180 = VERTEX_POINT('',#1181);
#1181 = CARTESIAN_POINT('',(172.771759,-109.963921,1.585));
#1182 = LINE('',#1183,#1184);
#1183 = CARTESIAN_POINT('',(172.735691,-109.99999,1.585));
#1184 = VECTOR('',#1185,1.);
#1185 = DIRECTION('',(0.707096978843,0.707116583395,0.));
#1186 = ORIENTED_EDGE('',*,*,#1187,.T.);
#1187 = EDGE_CURVE('',#1180,#1047,#1188,.T.);
#1188 = LINE('',#1189,#1190);
#1189 = CARTESIAN_POINT('',(172.771759,-109.963921,1.585));
#1190 = VECTOR('',#1191,1.);
#1191 = DIRECTION('',(0.55470599005,0.832046431759,0.));
#1192 = PLANE('',#1193);
#1193 = AXIS2_PLACEMENT_3D('',#1194,#1195,#1196);
#1194 = CARTESIAN_POINT('',(0.,0.,1.585));
#1195 = DIRECTION('',(0.,0.,1.));
#1196 = DIRECTION('',(1.,0.,-0.));
#1197 = SHELL_BASED_SURFACE_MODEL('',(#1198));
#1198 = OPEN_SHELL('',(#1199));
#1199 = ADVANCED_FACE('',(#1200,#1357),#1440,.T.);
#1200 = FACE_BOUND('',#1201,.F.);
#1201 = EDGE_LOOP('',(#1202,#1212,#1220,#1229,#1237,#1245,#1253,#1261,
    #1269,#1277,#1285,#1294,#1302,#1310,#1318,#1326,#1334,#1342,#1351));
#1202 = ORIENTED_EDGE('',*,*,#1203,.T.);
#1203 = EDGE_CURVE('',#1204,#1206,#1208,.T.);
#1204 = VERTEX_POINT('',#1205);
#1205 = CARTESIAN_POINT('',(173.697141,-109.900218,1.585));
#1206 = VERTEX_POINT('',#1207);
#1207 = CARTESIAN_POINT('',(173.758618,-109.872612,1.585));
#1208 = LINE('',#1209,#1210);
#1209 = CARTESIAN_POINT('',(173.697141,-109.900218,1.585));
#1210 = VECTOR('',#1211,1.);
#1211 = DIRECTION('',(0.912246901044,0.409640807948,0.));
#1212 = ORIENTED_EDGE('',*,*,#1213,.T.);
#1213 = EDGE_CURVE('',#1206,#1214,#1216,.T.);
#1214 = VERTEX_POINT('',#1215);
#1215 = CARTESIAN_POINT('',(173.87102,-109.87042,1.585));
#1216 = LINE('',#1217,#1218);
#1217 = CARTESIAN_POINT('',(173.758618,-109.872612,1.585));
#1218 = VECTOR('',#1219,1.);
#1219 = DIRECTION('',(0.999809901288,1.949772516176E-02,0.));
#1220 = ORIENTED_EDGE('',*,*,#1221,.T.);
#1221 = EDGE_CURVE('',#1214,#1222,#1224,.T.);
#1222 = VERTEX_POINT('',#1223);
#1223 = CARTESIAN_POINT('',(173.995278,-109.951977,1.585));
#1224 = CIRCLE('',#1225,0.184759687064);
#1225 = AXIS2_PLACEMENT_3D('',#1226,#1227,#1228);
#1226 = CARTESIAN_POINT('',(173.84033120409,-110.0526131386,1.585));
#1227 = DIRECTION('',(0.,0.,-1.));
#1228 = DIRECTION('',(0.166101146827,0.986108720691,0.));
#1229 = ORIENTED_EDGE('',*,*,#1230,.T.);
#1230 = EDGE_CURVE('',#1222,#1231,#1233,.T.);
#1231 = VERTEX_POINT('',#1232);
#1232 = CARTESIAN_POINT('',(174.022883,-110.013454,1.585));
#1233 = LINE('',#1234,#1235);
#1234 = CARTESIAN_POINT('',(173.995278,-109.951977,1.585));
#1235 = VECTOR('',#1236,1.);
#1236 = DIRECTION('',(0.409628459042,-0.91225244617,0.));
#1237 = ORIENTED_EDGE('',*,*,#1238,.T.);
#1238 = EDGE_CURVE('',#1231,#1239,#1241,.T.);
#1239 = VERTEX_POINT('',#1240);
#1240 = CARTESIAN_POINT('',(174.023821,-110.233182,1.585));
#1241 = LINE('',#1242,#1243);
#1242 = CARTESIAN_POINT('',(174.022883,-110.013454,1.585));
#1243 = VECTOR('',#1244,1.);
#1244 = DIRECTION('',(4.26887539697E-03,-0.99999088831,0.));
#1245 = ORIENTED_EDGE('',*,*,#1246,.T.);
#1246 = EDGE_CURVE('',#1239,#1247,#1249,.T.);
#1247 = VERTEX_POINT('',#1248);
#1248 = CARTESIAN_POINT('',(173.99138,-110.347929,1.585));
#1249 = LINE('',#1250,#1251);
#1250 = CARTESIAN_POINT('',(174.023821,-110.233182,1.585));
#1251 = VECTOR('',#1252,1.);
#1252 = DIRECTION('',(-0.272054077295,-0.962281964409,0.));
#1253 = ORIENTED_EDGE('',*,*,#1254,.T.);
#1254 = EDGE_CURVE('',#1247,#1255,#1257,.T.);
#1255 = VERTEX_POINT('',#1256);
#1256 = CARTESIAN_POINT('',(173.935953,-110.428883,1.585));
#1257 = LINE('',#1258,#1259);
#1258 = CARTESIAN_POINT('',(173.99138,-110.347929,1.585));
#1259 = VECTOR('',#1260,1.);
#1260 = DIRECTION('',(-0.56494368281,-0.825129465752,0.));
#1261 = ORIENTED_EDGE('',*,*,#1262,.T.);
#1262 = EDGE_CURVE('',#1255,#1263,#1265,.T.);
#1263 = VERTEX_POINT('',#1264);
#1264 = CARTESIAN_POINT('',(173.895899,-110.464402,1.585));
#1265 = LINE('',#1266,#1267);
#1266 = CARTESIAN_POINT('',(173.935953,-110.428883,1.585));
#1267 = VECTOR('',#1268,1.);
#1268 = DIRECTION('',(-0.748193083845,-0.663481054204,0.));
#1269 = ORIENTED_EDGE('',*,*,#1270,.T.);
#1270 = EDGE_CURVE('',#1263,#1271,#1273,.T.);
#1271 = VERTEX_POINT('',#1272);
#1272 = CARTESIAN_POINT('',(173.834426,-110.492004,1.585));
#1273 = LINE('',#1274,#1275);
#1274 = CARTESIAN_POINT('',(173.895899,-110.464402,1.585));
#1275 = VECTOR('',#1276,1.);
#1276 = DIRECTION('',(-0.912259122145,-0.409613591161,0.));
#1277 = ORIENTED_EDGE('',*,*,#1278,.T.);
#1278 = EDGE_CURVE('',#1271,#1279,#1281,.T.);
#1279 = VERTEX_POINT('',#1280);
#1280 = CARTESIAN_POINT('',(173.725092,-110.494809,1.585));
#1281 = LINE('',#1282,#1283);
#1282 = CARTESIAN_POINT('',(173.834426,-110.492004,1.585));
#1283 = VECTOR('',#1284,1.);
#1284 = DIRECTION('',(-0.999671064355,-2.564689241705E-02,0.));
#1285 = ORIENTED_EDGE('',*,*,#1286,.T.);
#1286 = EDGE_CURVE('',#1279,#1287,#1289,.T.);
#1287 = VERTEX_POINT('',#1288);
#1288 = CARTESIAN_POINT('',(173.725092,-110.369809,1.585));
#1289 = CIRCLE('',#1290,6.250000000099E-02);
#1290 = AXIS2_PLACEMENT_3D('',#1291,#1292,#1293);
#1291 = CARTESIAN_POINT('',(173.72509235253,-110.432309,1.585));
#1292 = DIRECTION('',(0.,0.,-1.));
#1293 = DIRECTION('',(-5.640538802163E-06,-0.999999999984,-0.));
#1294 = ORIENTED_EDGE('',*,*,#1295,.T.);
#1295 = EDGE_CURVE('',#1287,#1296,#1298,.T.);
#1296 = VERTEX_POINT('',#1297);
#1297 = CARTESIAN_POINT('',(173.805576,-110.369809,1.585));
#1298 = LINE('',#1299,#1300);
#1299 = CARTESIAN_POINT('',(173.725092,-110.369809,1.585));
#1300 = VECTOR('',#1301,1.);
#1301 = DIRECTION('',(1.,0.,0.));
#1302 = ORIENTED_EDGE('',*,*,#1303,.T.);
#1303 = EDGE_CURVE('',#1296,#1304,#1306,.T.);
#1304 = VERTEX_POINT('',#1305);
#1305 = CARTESIAN_POINT('',(173.830927,-110.357133,1.585));
#1306 = LINE('',#1307,#1308);
#1307 = CARTESIAN_POINT('',(173.805576,-110.369809,1.585));
#1308 = VECTOR('',#1309,1.);
#1309 = DIRECTION('',(0.894420134598,0.447227708026,0.));
#1310 = ORIENTED_EDGE('',*,*,#1311,.T.);
#1311 = EDGE_CURVE('',#1304,#1312,#1314,.T.);
#1312 = VERTEX_POINT('',#1313);
#1313 = CARTESIAN_POINT('',(173.867949,-110.304333,1.585));
#1314 = LINE('',#1315,#1316);
#1315 = CARTESIAN_POINT('',(173.830927,-110.357133,1.585));
#1316 = VECTOR('',#1317,1.);
#1317 = DIRECTION('',(0.574107432377,0.818779980269,0.));
#1318 = ORIENTED_EDGE('',*,*,#1319,.T.);
#1319 = EDGE_CURVE('',#1312,#1320,#1322,.T.);
#1320 = VERTEX_POINT('',#1321);
#1321 = CARTESIAN_POINT('',(173.758618,-110.301529,1.585));
#1322 = LINE('',#1323,#1324);
#1323 = CARTESIAN_POINT('',(173.867949,-110.304333,1.585));
#1324 = VECTOR('',#1325,1.);
#1325 = DIRECTION('',(-0.999671280703,2.563845817827E-02,0.));
#1326 = ORIENTED_EDGE('',*,*,#1327,.T.);
#1327 = EDGE_CURVE('',#1320,#1328,#1330,.T.);
#1328 = VERTEX_POINT('',#1329);
#1329 = CARTESIAN_POINT('',(173.689232,-110.267785,1.585));
#1330 = LINE('',#1331,#1332);
#1331 = CARTESIAN_POINT('',(173.758618,-110.301529,1.585));
#1332 = VECTOR('',#1333,1.);
#1333 = DIRECTION('',(-0.899292956299,0.437346748874,0.));
#1334 = ORIENTED_EDGE('',*,*,#1335,.T.);
#1335 = EDGE_CURVE('',#1328,#1336,#1338,.T.);
#1336 = VERTEX_POINT('',#1337);
#1337 = CARTESIAN_POINT('',(173.64538,-110.222164,1.585));
#1338 = LINE('',#1339,#1340);
#1339 = CARTESIAN_POINT('',(173.689232,-110.267785,1.585));
#1340 = VECTOR('',#1341,1.);
#1341 = DIRECTION('',(-0.692990907614,0.720946323913,0.));
#1342 = ORIENTED_EDGE('',*,*,#1343,.T.);
#1343 = EDGE_CURVE('',#1336,#1344,#1346,.T.);
#1344 = VERTEX_POINT('',#1345);
#1345 = CARTESIAN_POINT('',(173.651522,-109.944063,1.585));
#1346 = CIRCLE('',#1347,0.255127405127);
#1347 = AXIS2_PLACEMENT_3D('',#1348,#1349,#1350);
#1348 = CARTESIAN_POINT('',(173.86228088067,-110.0878360401,1.585));
#1349 = DIRECTION('',(0.,0.,-1.));
#1350 = DIRECTION('',(-0.850166921775,-0.526513252559,-0.));
#1351 = ORIENTED_EDGE('',*,*,#1352,.T.);
#1352 = EDGE_CURVE('',#1344,#1204,#1353,.T.);
#1353 = LINE('',#1354,#1355);
#1354 = CARTESIAN_POINT('',(173.651522,-109.944063,1.585));
#1355 = VECTOR('',#1356,1.);
#1356 = DIRECTION('',(0.720986415487,0.692949196322,0.));
#1357 = FACE_BOUND('',#1358,.F.);
#1358 = EDGE_LOOP('',(#1359,#1370,#1378,#1386,#1394,#1402,#1410,#1418,
    #1426,#1434));
#1359 = ORIENTED_EDGE('',*,*,#1360,.T.);
#1360 = EDGE_CURVE('',#1361,#1363,#1365,.T.);
#1361 = VERTEX_POINT('',#1362);
#1362 = CARTESIAN_POINT('',(173.878546,-110.007485,1.585));
#1363 = VERTEX_POINT('',#1364);
#1364 = CARTESIAN_POINT('',(173.762114,-110.007484,1.585));
#1365 = CIRCLE('',#1366,0.102812457798);
#1366 = AXIS2_PLACEMENT_3D('',#1367,#1368,#1369);
#1367 = CARTESIAN_POINT('',(173.82032927217,-110.0922270443,1.585));
#1368 = DIRECTION('',(0.,0.,1.));
#1369 = DIRECTION('',(0.566241962069,0.8242390675,-0.));
#1370 = ORIENTED_EDGE('',*,*,#1371,.T.);
#1371 = EDGE_CURVE('',#1363,#1372,#1374,.T.);
#1372 = VERTEX_POINT('',#1373);
#1373 = CARTESIAN_POINT('',(173.739973,-110.042301,1.585));
#1374 = LINE('',#1375,#1376);
#1375 = CARTESIAN_POINT('',(173.762114,-110.007484,1.585));
#1376 = VECTOR('',#1377,1.);
#1377 = DIRECTION('',(-0.536612005099,-0.843829103542,0.));
#1378 = ORIENTED_EDGE('',*,*,#1379,.T.);
#1379 = EDGE_CURVE('',#1372,#1380,#1382,.T.);
#1380 = VERTEX_POINT('',#1381);
#1381 = CARTESIAN_POINT('',(173.739973,-110.131841,1.585));
#1382 = LINE('',#1383,#1384);
#1383 = CARTESIAN_POINT('',(173.739973,-110.042301,1.585));
#1384 = VECTOR('',#1385,1.);
#1385 = DIRECTION('',(0.,-1.,0.));
#1386 = ORIENTED_EDGE('',*,*,#1387,.T.);
#1387 = EDGE_CURVE('',#1380,#1388,#1390,.T.);
#1388 = VERTEX_POINT('',#1389);
#1389 = CARTESIAN_POINT('',(173.762114,-110.166657,1.585));
#1390 = LINE('',#1391,#1392);
#1391 = CARTESIAN_POINT('',(173.739973,-110.131841,1.585));
#1392 = VECTOR('',#1393,1.);
#1393 = DIRECTION('',(0.536622979608,-0.843822124477,0.));
#1394 = ORIENTED_EDGE('',*,*,#1395,.T.);
#1395 = EDGE_CURVE('',#1388,#1396,#1398,.T.);
#1396 = VERTEX_POINT('',#1397);
#1397 = CARTESIAN_POINT('',(173.787464,-110.179333,1.585));
#1398 = LINE('',#1399,#1400);
#1399 = CARTESIAN_POINT('',(173.762114,-110.166657,1.585));
#1400 = VECTOR('',#1401,1.);
#1401 = DIRECTION('',(0.894413077528,-0.447241821331,0.));
#1402 = ORIENTED_EDGE('',*,*,#1403,.T.);
#1403 = EDGE_CURVE('',#1396,#1404,#1406,.T.);
#1404 = VERTEX_POINT('',#1405);
#1405 = CARTESIAN_POINT('',(173.853195,-110.179333,1.585));
#1406 = LINE('',#1407,#1408);
#1407 = CARTESIAN_POINT('',(173.787464,-110.179333,1.585));
#1408 = VECTOR('',#1409,1.);
#1409 = DIRECTION('',(1.,0.,0.));
#1410 = ORIENTED_EDGE('',*,*,#1411,.T.);
#1411 = EDGE_CURVE('',#1404,#1412,#1414,.T.);
#1412 = VERTEX_POINT('',#1413);
#1413 = CARTESIAN_POINT('',(173.888012,-110.15719,1.585));
#1414 = LINE('',#1415,#1416);
#1415 = CARTESIAN_POINT('',(173.853195,-110.179333,1.585));
#1416 = VECTOR('',#1417,1.);
#1417 = DIRECTION('',(0.843807154746,0.536646518297,0.));
#1418 = ORIENTED_EDGE('',*,*,#1419,.T.);
#1419 = EDGE_CURVE('',#1412,#1420,#1422,.T.);
#1420 = VERTEX_POINT('',#1421);
#1421 = CARTESIAN_POINT('',(173.900687,-110.131841,1.585));
#1422 = LINE('',#1423,#1424);
#1423 = CARTESIAN_POINT('',(173.888012,-110.15719,1.585));
#1424 = VECTOR('',#1425,1.);
#1425 = DIRECTION('',(0.447227709139,0.894420134041,0.));
#1426 = ORIENTED_EDGE('',*,*,#1427,.T.);
#1427 = EDGE_CURVE('',#1420,#1428,#1430,.T.);
#1428 = VERTEX_POINT('',#1429);
#1429 = CARTESIAN_POINT('',(173.900687,-110.0423,1.585));
#1430 = LINE('',#1431,#1432);
#1431 = CARTESIAN_POINT('',(173.900687,-110.131841,1.585));
#1432 = VECTOR('',#1433,1.);
#1433 = DIRECTION('',(0.,1.,0.));
#1434 = ORIENTED_EDGE('',*,*,#1435,.T.);
#1435 = EDGE_CURVE('',#1428,#1361,#1436,.T.);
#1436 = LINE('',#1437,#1438);
#1437 = CARTESIAN_POINT('',(173.900687,-110.0423,1.585));
#1438 = VECTOR('',#1439,1.);
#1439 = DIRECTION('',(-0.536633954476,0.843815144983,0.));
#1440 = PLANE('',#1441);
#1441 = AXIS2_PLACEMENT_3D('',#1442,#1443,#1444);
#1442 = CARTESIAN_POINT('',(0.,0.,1.585));
#1443 = DIRECTION('',(0.,0.,1.));
#1444 = DIRECTION('',(1.,0.,-0.));
#1445 = SHELL_BASED_SURFACE_MODEL('',(#1446));
#1446 = OPEN_SHELL('',(#1447));
#1447 = ADVANCED_FACE('',(#1448),#1597,.T.);
#1448 = FACE_BOUND('',#1449,.F.);
#1449 = EDGE_LOOP('',(#1450,#1460,#1468,#1476,#1484,#1492,#1500,#1508,
    #1516,#1525,#1533,#1542,#1550,#1558,#1566,#1575,#1583,#1591));
#1450 = ORIENTED_EDGE('',*,*,#1451,.T.);
#1451 = EDGE_CURVE('',#1452,#1454,#1456,.T.);
#1452 = VERTEX_POINT('',#1453);
#1453 = CARTESIAN_POINT('',(175.339755,-109.89764,1.585));
#1454 = VERTEX_POINT('',#1455);
#1455 = CARTESIAN_POINT('',(175.36784,-109.874567,1.585));
#1456 = LINE('',#1457,#1458);
#1457 = CARTESIAN_POINT('',(175.339755,-109.89764,1.585));
#1458 = VECTOR('',#1459,1.);
#1459 = DIRECTION('',(0.772683360371,0.634791638734,0.));
#1460 = ORIENTED_EDGE('',*,*,#1461,.T.);
#1461 = EDGE_CURVE('',#1454,#1462,#1464,.T.);
#1462 = VERTEX_POINT('',#1463);
#1463 = CARTESIAN_POINT('',(175.403886,-109.870997,1.585));
#1464 = LINE('',#1465,#1466);
#1465 = CARTESIAN_POINT('',(175.36784,-109.874567,1.585));
#1466 = VECTOR('',#1467,1.);
#1467 = DIRECTION('',(0.995131316122,9.855792039486E-02,0.));
#1468 = ORIENTED_EDGE('',*,*,#1469,.T.);
#1469 = EDGE_CURVE('',#1462,#1470,#1472,.T.);
#1470 = VERTEX_POINT('',#1471);
#1471 = CARTESIAN_POINT('',(175.409241,-109.874567,1.585));
#1472 = LINE('',#1473,#1474);
#1473 = CARTESIAN_POINT('',(175.403886,-109.870997,1.585));
#1474 = VECTOR('',#1475,1.);
#1475 = DIRECTION('',(0.832050294339,-0.554700196224,0.));
#1476 = ORIENTED_EDGE('',*,*,#1477,.T.);
#1477 = EDGE_CURVE('',#1470,#1478,#1480,.T.);
#1478 = VERTEX_POINT('',#1479);
#1479 = CARTESIAN_POINT('',(175.415676,-109.874567,1.585));
#1480 = LINE('',#1481,#1482);
#1481 = CARTESIAN_POINT('',(175.409241,-109.874567,1.585));
#1482 = VECTOR('',#1483,1.);
#1483 = DIRECTION('',(1.,0.,0.));
#1484 = ORIENTED_EDGE('',*,*,#1485,.T.);
#1485 = EDGE_CURVE('',#1478,#1486,#1488,.T.);
#1486 = VERTEX_POINT('',#1487);
#1487 = CARTESIAN_POINT('',(175.443688,-109.897532,1.585));
#1488 = LINE('',#1489,#1490);
#1489 = CARTESIAN_POINT('',(175.415676,-109.874567,1.585));
#1490 = VECTOR('',#1491,1.);
#1491 = DIRECTION('',(0.773333301505,-0.633999688314,0.));
#1492 = ORIENTED_EDGE('',*,*,#1493,.T.);
#1493 = EDGE_CURVE('',#1486,#1494,#1496,.T.);
#1494 = VERTEX_POINT('',#1495);
#1495 = CARTESIAN_POINT('',(175.454258,-109.932309,1.585));
#1496 = LINE('',#1497,#1498);
#1497 = CARTESIAN_POINT('',(175.443688,-109.897532,1.585));
#1498 = VECTOR('',#1499,1.);
#1499 = DIRECTION('',(0.290801416945,-0.95678343208,0.));
#1500 = ORIENTED_EDGE('',*,*,#1501,.T.);
#1501 = EDGE_CURVE('',#1494,#1502,#1504,.T.);
#1502 = VERTEX_POINT('',#1503);
#1503 = CARTESIAN_POINT('',(175.454258,-110.369809,1.585));
#1504 = LINE('',#1505,#1506);
#1505 = CARTESIAN_POINT('',(175.454258,-109.932309,1.585));
#1506 = VECTOR('',#1507,1.);
#1507 = DIRECTION('',(0.,-1.,0.));
#1508 = ORIENTED_EDGE('',*,*,#1509,.T.);
#1509 = EDGE_CURVE('',#1502,#1510,#1512,.T.);
#1510 = VERTEX_POINT('',#1511);
#1511 = CARTESIAN_POINT('',(175.534615,-110.369809,1.585));
#1512 = LINE('',#1513,#1514);
#1513 = CARTESIAN_POINT('',(175.454258,-110.369809,1.585));
#1514 = VECTOR('',#1515,1.);
#1515 = DIRECTION('',(1.,0.,0.));
#1516 = ORIENTED_EDGE('',*,*,#1517,.T.);
#1517 = EDGE_CURVE('',#1510,#1518,#1520,.T.);
#1518 = VERTEX_POINT('',#1519);
#1519 = CARTESIAN_POINT('',(175.534615,-110.494809,1.585));
#1520 = CIRCLE('',#1521,6.250000000099E-02);
#1521 = AXIS2_PLACEMENT_3D('',#1522,#1523,#1524);
#1522 = CARTESIAN_POINT('',(175.53461464746,-110.432309,1.585));
#1523 = DIRECTION('',(0.,0.,-1.));
#1524 = DIRECTION('',(5.640538802164E-06,0.999999999984,0.));
#1525 = ORIENTED_EDGE('',*,*,#1526,.T.);
#1526 = EDGE_CURVE('',#1518,#1527,#1529,.T.);
#1527 = VERTEX_POINT('',#1528);
#1528 = CARTESIAN_POINT('',(175.248901,-110.494809,1.585));
#1529 = LINE('',#1530,#1531);
#1530 = CARTESIAN_POINT('',(175.534615,-110.494809,1.585));
#1531 = VECTOR('',#1532,1.);
#1532 = DIRECTION('',(-1.,0.,0.));
#1533 = ORIENTED_EDGE('',*,*,#1534,.T.);
#1534 = EDGE_CURVE('',#1527,#1535,#1537,.T.);
#1535 = VERTEX_POINT('',#1536);
#1536 = CARTESIAN_POINT('',(175.248901,-110.369809,1.585));
#1537 = CIRCLE('',#1538,6.2500000001E-02);
#1538 = AXIS2_PLACEMENT_3D('',#1539,#1540,#1541);
#1539 = CARTESIAN_POINT('',(175.24890135253,-110.432309,1.585));
#1540 = DIRECTION('',(0.,0.,-1.));
#1541 = DIRECTION('',(-5.64053925691E-06,-0.999999999984,-0.));
#1542 = ORIENTED_EDGE('',*,*,#1543,.T.);
#1543 = EDGE_CURVE('',#1535,#1544,#1546,.T.);
#1544 = VERTEX_POINT('',#1545);
#1545 = CARTESIAN_POINT('',(175.329258,-110.369809,1.585));
#1546 = LINE('',#1547,#1548);
#1547 = CARTESIAN_POINT('',(175.248901,-110.369809,1.585));
#1548 = VECTOR('',#1549,1.);
#1549 = DIRECTION('',(1.,0.,0.));
#1550 = ORIENTED_EDGE('',*,*,#1551,.T.);
#1551 = EDGE_CURVE('',#1544,#1552,#1554,.T.);
#1552 = VERTEX_POINT('',#1553);
#1553 = CARTESIAN_POINT('',(175.329258,-110.103542,1.585));
#1554 = LINE('',#1555,#1556);
#1555 = CARTESIAN_POINT('',(175.329258,-110.369809,1.585));
#1556 = VECTOR('',#1557,1.);
#1557 = DIRECTION('',(0.,1.,0.));
#1558 = ORIENTED_EDGE('',*,*,#1559,.T.);
#1559 = EDGE_CURVE('',#1552,#1560,#1562,.T.);
#1560 = VERTEX_POINT('',#1561);
#1561 = CARTESIAN_POINT('',(175.276851,-110.131068,1.585));
#1562 = LINE('',#1563,#1564);
#1563 = CARTESIAN_POINT('',(175.329258,-110.103542,1.585));
#1564 = VECTOR('',#1565,1.);
#1565 = DIRECTION('',(-0.885312197751,-0.46499711022,0.));
#1566 = ORIENTED_EDGE('',*,*,#1567,.T.);
#1567 = EDGE_CURVE('',#1560,#1568,#1570,.T.);
#1568 = VERTEX_POINT('',#1569);
#1569 = CARTESIAN_POINT('',(175.220951,-110.019264,1.585));
#1570 = CIRCLE('',#1571,6.249988883207E-02);
#1571 = AXIS2_PLACEMENT_3D('',#1572,#1573,#1574);
#1572 = CARTESIAN_POINT('',(175.24890086793,-110.075166066,1.585));
#1573 = DIRECTION('',(0.,0.,-1.));
#1574 = DIRECTION('',(0.447202908538,-0.894432534401,0.));
#1575 = ORIENTED_EDGE('',*,*,#1576,.T.);
#1576 = EDGE_CURVE('',#1568,#1577,#1579,.T.);
#1577 = VERTEX_POINT('',#1578);
#1578 = CARTESIAN_POINT('',(175.259499,-109.99999,1.585));
#1579 = LINE('',#1580,#1581);
#1580 = CARTESIAN_POINT('',(175.220951,-110.019264,1.585));
#1581 = VECTOR('',#1582,1.);
#1582 = DIRECTION('',(0.894427191,0.4472135955,0.));
#1583 = ORIENTED_EDGE('',*,*,#1584,.T.);
#1584 = EDGE_CURVE('',#1577,#1585,#1587,.T.);
#1585 = VERTEX_POINT('',#1586);
#1586 = CARTESIAN_POINT('',(175.295567,-109.963921,1.585));
#1587 = LINE('',#1588,#1589);
#1588 = CARTESIAN_POINT('',(175.259499,-109.99999,1.585));
#1589 = VECTOR('',#1590,1.);
#1590 = DIRECTION('',(0.707096978843,0.707116583395,0.));
#1591 = ORIENTED_EDGE('',*,*,#1592,.T.);
#1592 = EDGE_CURVE('',#1585,#1452,#1593,.T.);
#1593 = LINE('',#1594,#1595);
#1594 = CARTESIAN_POINT('',(175.295567,-109.963921,1.585));
#1595 = VECTOR('',#1596,1.);
#1596 = DIRECTION('',(0.55470599005,0.832046431759,0.));
#1597 = PLANE('',#1598);
#1598 = AXIS2_PLACEMENT_3D('',#1599,#1600,#1601);
#1599 = CARTESIAN_POINT('',(0.,0.,1.585));
#1600 = DIRECTION('',(0.,0.,1.));
#1601 = DIRECTION('',(1.,0.,-0.));
#1602 = SHELL_BASED_SURFACE_MODEL('',(#1603));
#1603 = OPEN_SHELL('',(#1604));
#1604 = ADVANCED_FACE('',(#1605),#1674,.T.);
#1605 = FACE_BOUND('',#1606,.F.);
#1606 = EDGE_LOOP('',(#1607,#1618,#1626,#1634,#1643,#1651,#1660,#1668));
#1607 = ORIENTED_EDGE('',*,*,#1608,.T.);
#1608 = EDGE_CURVE('',#1609,#1611,#1613,.T.);
#1609 = VERTEX_POINT('',#1610);
#1610 = CARTESIAN_POINT('',(176.310206,-109.908391,1.585));
#1611 = VERTEX_POINT('',#1612);
#1612 = CARTESIAN_POINT('',(176.430448,-109.932309,1.585));
#1613 = CIRCLE('',#1614,6.249988563228E-02);
#1614 = AXIS2_PLACEMENT_3D('',#1615,#1616,#1617);
#1615 = CARTESIAN_POINT('',(176.36794811436,-109.9323092761,1.585));
#1616 = DIRECTION('',(0.,0.,-1.));
#1617 = DIRECTION('',(-0.923875520478,0.382693118126,0.));
#1618 = ORIENTED_EDGE('',*,*,#1619,.T.);
#1619 = EDGE_CURVE('',#1611,#1620,#1622,.T.);
#1620 = VERTEX_POINT('',#1621);
#1621 = CARTESIAN_POINT('',(176.430448,-110.369809,1.585));
#1622 = LINE('',#1623,#1624);
#1623 = CARTESIAN_POINT('',(176.430448,-109.932309,1.585));
#1624 = VECTOR('',#1625,1.);
#1625 = DIRECTION('',(0.,-1.,0.));
#1626 = ORIENTED_EDGE('',*,*,#1627,.T.);
#1627 = EDGE_CURVE('',#1620,#1628,#1630,.T.);
#1628 = VERTEX_POINT('',#1629);
#1629 = CARTESIAN_POINT('',(176.606043,-110.369809,1.585));
#1630 = LINE('',#1631,#1632);
#1631 = CARTESIAN_POINT('',(176.430448,-110.369809,1.585));
#1632 = VECTOR('',#1633,1.);
#1633 = DIRECTION('',(1.,0.,0.));
#1634 = ORIENTED_EDGE('',*,*,#1635,.T.);
#1635 = EDGE_CURVE('',#1628,#1636,#1638,.T.);
#1636 = VERTEX_POINT('',#1637);
#1637 = CARTESIAN_POINT('',(176.606043,-110.494809,1.585));
#1638 = CIRCLE('',#1639,6.2500000001E-02);
#1639 = AXIS2_PLACEMENT_3D('',#1640,#1641,#1642);
#1640 = CARTESIAN_POINT('',(176.60604264746,-110.432309,1.585));
#1641 = DIRECTION('',(0.,0.,-1.));
#1642 = DIRECTION('',(5.640539256912E-06,0.999999999984,0.));
#1643 = ORIENTED_EDGE('',*,*,#1644,.T.);
#1644 = EDGE_CURVE('',#1636,#1645,#1647,.T.);
#1645 = VERTEX_POINT('',#1646);
#1646 = CARTESIAN_POINT('',(176.367948,-110.494809,1.585));
#1647 = LINE('',#1648,#1649);
#1648 = CARTESIAN_POINT('',(176.606043,-110.494809,1.585));
#1649 = VECTOR('',#1650,1.);
#1650 = DIRECTION('',(-1.,0.,0.));
#1651 = ORIENTED_EDGE('',*,*,#1652,.T.);
#1652 = EDGE_CURVE('',#1645,#1653,#1655,.T.);
#1653 = VERTEX_POINT('',#1654);
#1654 = CARTESIAN_POINT('',(176.305448,-110.432309,1.585));
#1655 = CIRCLE('',#1656,6.250106243077E-02);
#1656 = AXIS2_PLACEMENT_3D('',#1657,#1658,#1659);
#1657 = CARTESIAN_POINT('',(176.36794906242,-110.4323079375,1.585));
#1658 = DIRECTION('',(0.,0.,-1.));
#1659 = DIRECTION('',(-1.699845896896E-05,-0.999999999856,-0.));
#1660 = ORIENTED_EDGE('',*,*,#1661,.T.);
#1661 = EDGE_CURVE('',#1653,#1662,#1664,.T.);
#1662 = VERTEX_POINT('',#1663);
#1663 = CARTESIAN_POINT('',(176.305448,-109.932309,1.585));
#1664 = LINE('',#1665,#1666);
#1665 = CARTESIAN_POINT('',(176.305448,-110.432309,1.585));
#1666 = VECTOR('',#1667,1.);
#1667 = DIRECTION('',(0.,1.,0.));
#1668 = ORIENTED_EDGE('',*,*,#1669,.T.);
#1669 = EDGE_CURVE('',#1662,#1609,#1670,.T.);
#1670 = LINE('',#1671,#1672);
#1671 = CARTESIAN_POINT('',(176.305448,-109.932309,1.585));
#1672 = VECTOR('',#1673,1.);
#1673 = DIRECTION('',(0.195106652234,0.98078203198,0.));
#1674 = PLANE('',#1675);
#1675 = AXIS2_PLACEMENT_3D('',#1676,#1677,#1678);
#1676 = CARTESIAN_POINT('',(0.,0.,1.585));
#1677 = DIRECTION('',(0.,0.,1.));
#1678 = DIRECTION('',(1.,0.,-0.));
#1679 = SHELL_BASED_SURFACE_MODEL('',(#1680));
#1680 = OPEN_SHELL('',(#1681));
#1681 = ADVANCED_FACE('',(#1682,#1783),#1866,.T.);
#1682 = FACE_BOUND('',#1683,.F.);
#1683 = EDGE_LOOP('',(#1684,#1695,#1703,#1711,#1719,#1728,#1736,#1744,
    #1752,#1761,#1769,#1777));
#1684 = ORIENTED_EDGE('',*,*,#1685,.T.);
#1685 = EDGE_CURVE('',#1686,#1688,#1690,.T.);
#1686 = VERTEX_POINT('',#1687);
#1687 = CARTESIAN_POINT('',(177.329258,-109.932309,1.585));
#1688 = VERTEX_POINT('',#1689);
#1689 = CARTESIAN_POINT('',(177.391758,-109.869809,1.585));
#1690 = CIRCLE('',#1691,6.250106243067E-02);
#1691 = AXIS2_PLACEMENT_3D('',#1692,#1693,#1694);
#1692 = CARTESIAN_POINT('',(177.39175906242,-109.9323100624,1.585));
#1693 = DIRECTION('',(0.,0.,-1.));
#1694 = DIRECTION('',(-0.999999999856,1.69984573774E-05,0.));
#1695 = ORIENTED_EDGE('',*,*,#1696,.T.);
#1696 = EDGE_CURVE('',#1688,#1697,#1699,.T.);
#1697 = VERTEX_POINT('',#1698);
#1698 = CARTESIAN_POINT('',(177.520629,-109.871763,1.585));
#1699 = LINE('',#1700,#1701);
#1700 = CARTESIAN_POINT('',(177.391758,-109.869809,1.585));
#1701 = VECTOR('',#1702,1.);
#1702 = DIRECTION('',(0.999885069882,-1.516070664888E-02,0.));
#1703 = ORIENTED_EDGE('',*,*,#1704,.T.);
#1704 = EDGE_CURVE('',#1697,#1705,#1707,.T.);
#1705 = VERTEX_POINT('',#1706);
#1706 = CARTESIAN_POINT('',(177.614473,-109.903937,1.585));
#1707 = LINE('',#1708,#1709);
#1708 = CARTESIAN_POINT('',(177.520629,-109.871763,1.585));
#1709 = VECTOR('',#1710,1.);
#1710 = DIRECTION('',(0.945949303447,-0.324314531447,0.));
#1711 = ORIENTED_EDGE('',*,*,#1712,.T.);
#1712 = EDGE_CURVE('',#1705,#1713,#1715,.T.);
#1713 = VERTEX_POINT('',#1714);
#1714 = CARTESIAN_POINT('',(177.679613,-109.967875,1.585));
#1715 = LINE('',#1716,#1717);
#1716 = CARTESIAN_POINT('',(177.614473,-109.903937,1.585));
#1717 = VECTOR('',#1718,1.);
#1718 = DIRECTION('',(0.713660557526,-0.700491690622,0.));
#1719 = ORIENTED_EDGE('',*,*,#1720,.T.);
#1720 = EDGE_CURVE('',#1713,#1721,#1723,.T.);
#1721 = VERTEX_POINT('',#1722);
#1722 = CARTESIAN_POINT('',(177.738106,-110.233181,1.585));
#1723 = CIRCLE('',#1724,0.396741285884);
#1724 = AXIS2_PLACEMENT_3D('',#1725,#1726,#1727);
#1725 = CARTESIAN_POINT('',(177.3448398267,-110.1807847704,1.585));
#1726 = DIRECTION('',(0.,0.,-1.));
#1727 = DIRECTION('',(0.843807249725,0.536646368954,0.));
#1728 = ORIENTED_EDGE('',*,*,#1729,.T.);
#1729 = EDGE_CURVE('',#1721,#1730,#1732,.T.);
#1730 = VERTEX_POINT('',#1731);
#1731 = CARTESIAN_POINT('',(177.709565,-110.341212,1.585));
#1732 = LINE('',#1733,#1734);
#1733 = CARTESIAN_POINT('',(177.738106,-110.233181,1.585));
#1734 = VECTOR('',#1735,1.);
#1735 = DIRECTION('',(-0.255428847712,-0.96682785632,0.));
#1736 = ORIENTED_EDGE('',*,*,#1737,.T.);
#1737 = EDGE_CURVE('',#1730,#1738,#1740,.T.);
#1738 = VERTEX_POINT('',#1739);
#1739 = CARTESIAN_POINT('',(177.674048,-110.405074,1.585));
#1740 = LINE('',#1741,#1742);
#1741 = CARTESIAN_POINT('',(177.709565,-110.341212,1.585));
#1742 = VECTOR('',#1743,1.);
#1743 = DIRECTION('',(-0.4860414169,-0.873935776278,0.));
#1744 = ORIENTED_EDGE('',*,*,#1745,.T.);
#1745 = EDGE_CURVE('',#1738,#1746,#1748,.T.);
#1746 = VERTEX_POINT('',#1747);
#1747 = CARTESIAN_POINT('',(177.614485,-110.460673,1.585));
#1748 = LINE('',#1749,#1750);
#1749 = CARTESIAN_POINT('',(177.674048,-110.405074,1.585));
#1750 = VECTOR('',#1751,1.);
#1751 = DIRECTION('',(-0.731013229844,-0.682363288721,0.));
#1752 = ORIENTED_EDGE('',*,*,#1753,.T.);
#1753 = EDGE_CURVE('',#1746,#1754,#1756,.T.);
#1754 = VERTEX_POINT('',#1755);
#1755 = CARTESIAN_POINT('',(177.36784,-110.490051,1.585));
#1756 = CIRCLE('',#1757,0.363520690234);
#1757 = AXIS2_PLACEMENT_3D('',#1758,#1759,#1760);
#1758 = CARTESIAN_POINT('',(177.45075432766,-110.1361124368,1.585));
#1759 = DIRECTION('',(-0.,0.,-1.));
#1760 = DIRECTION('',(0.450402622845,-0.892825558177,-0.));
#1761 = ORIENTED_EDGE('',*,*,#1762,.T.);
#1762 = EDGE_CURVE('',#1754,#1763,#1765,.T.);
#1763 = VERTEX_POINT('',#1764);
#1764 = CARTESIAN_POINT('',(177.334016,-110.456226,1.585));
#1765 = LINE('',#1766,#1767);
#1766 = CARTESIAN_POINT('',(177.36784,-110.490051,1.585));
#1767 = VECTOR('',#1768,1.);
#1768 = DIRECTION('',(-0.707096328527,0.707117233692,0.));
#1769 = ORIENTED_EDGE('',*,*,#1770,.T.);
#1770 = EDGE_CURVE('',#1763,#1771,#1773,.T.);
#1771 = VERTEX_POINT('',#1772);
#1772 = CARTESIAN_POINT('',(177.329258,-110.432309,1.585));
#1773 = LINE('',#1774,#1775);
#1774 = CARTESIAN_POINT('',(177.334016,-110.456226,1.585));
#1775 = VECTOR('',#1776,1.);
#1776 = DIRECTION('',(-0.195114499337,0.980780470925,0.));
#1777 = ORIENTED_EDGE('',*,*,#1778,.T.);
#1778 = EDGE_CURVE('',#1771,#1686,#1779,.T.);
#1779 = LINE('',#1780,#1781);
#1780 = CARTESIAN_POINT('',(177.329258,-110.432309,1.585));
#1781 = VECTOR('',#1782,1.);
#1782 = DIRECTION('',(0.,1.,0.));
#1783 = FACE_BOUND('',#1784,.F.);
#1784 = EDGE_LOOP('',(#1785,#1795,#1803,#1811,#1819,#1827,#1835,#1844,
    #1852,#1860));
#1785 = ORIENTED_EDGE('',*,*,#1786,.T.);
#1786 = EDGE_CURVE('',#1787,#1789,#1791,.T.);
#1787 = VERTEX_POINT('',#1788);
#1788 = CARTESIAN_POINT('',(177.548473,-110.010746,1.585));
#1789 = VERTEX_POINT('',#1790);
#1790 = CARTESIAN_POINT('',(177.500662,-109.994809,1.585));
#1791 = LINE('',#1792,#1793);
#1792 = CARTESIAN_POINT('',(177.548473,-110.010746,1.585));
#1793 = VECTOR('',#1794,1.);
#1794 = DIRECTION('',(-0.948683298051,0.316227766017,0.));
#1795 = ORIENTED_EDGE('',*,*,#1796,.T.);
#1796 = EDGE_CURVE('',#1789,#1797,#1799,.T.);
#1797 = VERTEX_POINT('',#1798);
#1798 = CARTESIAN_POINT('',(177.454258,-109.994809,1.585));
#1799 = LINE('',#1800,#1801);
#1800 = CARTESIAN_POINT('',(177.500662,-109.994809,1.585));
#1801 = VECTOR('',#1802,1.);
#1802 = DIRECTION('',(-1.,0.,0.));
#1803 = ORIENTED_EDGE('',*,*,#1804,.T.);
#1804 = EDGE_CURVE('',#1797,#1805,#1807,.T.);
#1805 = VERTEX_POINT('',#1806);
#1806 = CARTESIAN_POINT('',(177.454258,-110.369809,1.585));
#1807 = LINE('',#1808,#1809);
#1808 = CARTESIAN_POINT('',(177.454258,-109.994809,1.585));
#1809 = VECTOR('',#1810,1.);
#1810 = DIRECTION('',(0.,-1.,0.));
#1811 = ORIENTED_EDGE('',*,*,#1812,.T.);
#1812 = EDGE_CURVE('',#1805,#1813,#1815,.T.);
#1813 = VERTEX_POINT('',#1814);
#1814 = CARTESIAN_POINT('',(177.500663,-110.369809,1.585));
#1815 = LINE('',#1816,#1817);
#1816 = CARTESIAN_POINT('',(177.454258,-110.369809,1.585));
#1817 = VECTOR('',#1818,1.);
#1818 = DIRECTION('',(1.,0.,0.));
#1819 = ORIENTED_EDGE('',*,*,#1820,.T.);
#1820 = EDGE_CURVE('',#1813,#1821,#1823,.T.);
#1821 = VERTEX_POINT('',#1822);
#1822 = CARTESIAN_POINT('',(177.548471,-110.353873,1.585));
#1823 = LINE('',#1824,#1825);
#1824 = CARTESIAN_POINT('',(177.500663,-110.369809,1.585));
#1825 = VECTOR('',#1826,1.);
#1826 = DIRECTION('',(0.94868329805,0.316227766017,0.));
#1827 = ORIENTED_EDGE('',*,*,#1828,.T.);
#1828 = EDGE_CURVE('',#1821,#1829,#1831,.T.);
#1829 = VERTEX_POINT('',#1830);
#1830 = CARTESIAN_POINT('',(177.578489,-110.323855,1.585));
#1831 = LINE('',#1832,#1833);
#1832 = CARTESIAN_POINT('',(177.548471,-110.353873,1.585));
#1833 = VECTOR('',#1834,1.);
#1834 = DIRECTION('',(0.707106781186,0.707106781187,0.));
#1835 = ORIENTED_EDGE('',*,*,#1836,.T.);
#1836 = EDGE_CURVE('',#1829,#1837,#1839,.T.);
#1837 = VERTEX_POINT('',#1838);
#1838 = CARTESIAN_POINT('',(177.614972,-110.154288,1.585));
#1839 = CIRCLE('',#1840,0.278346238184);
#1840 = AXIS2_PLACEMENT_3D('',#1841,#1842,#1843);
#1841 = CARTESIAN_POINT('',(177.33815637539,-110.1834382707,1.585));
#1842 = DIRECTION('',(0.,0.,1.));
#1843 = DIRECTION('',(0.863430474854,-0.504467853379,0.));
#1844 = ORIENTED_EDGE('',*,*,#1845,.T.);
#1845 = EDGE_CURVE('',#1837,#1846,#1848,.T.);
#1846 = VERTEX_POINT('',#1847);
#1847 = CARTESIAN_POINT('',(177.594692,-110.073169,1.585));
#1848 = LINE('',#1849,#1850);
#1849 = CARTESIAN_POINT('',(177.614972,-110.154288,1.585));
#1850 = VECTOR('',#1851,1.);
#1851 = DIRECTION('',(-0.242538439033,0.970141796642,0.));
#1852 = ORIENTED_EDGE('',*,*,#1853,.T.);
#1853 = EDGE_CURVE('',#1846,#1854,#1856,.T.);
#1854 = VERTEX_POINT('',#1855);
#1855 = CARTESIAN_POINT('',(177.578488,-110.040761,1.585));
#1856 = LINE('',#1857,#1858);
#1857 = CARTESIAN_POINT('',(177.594692,-110.073169,1.585));
#1858 = VECTOR('',#1859,1.);
#1859 = DIRECTION('',(-0.4472135955,0.894427191,0.));
#1860 = ORIENTED_EDGE('',*,*,#1861,.T.);
#1861 = EDGE_CURVE('',#1854,#1787,#1862,.T.);
#1862 = LINE('',#1863,#1864);
#1863 = CARTESIAN_POINT('',(177.578488,-110.040761,1.585));
#1864 = VECTOR('',#1865,1.);
#1865 = DIRECTION('',(-0.707106781186,0.707106781187,0.));
#1866 = PLANE('',#1867);
#1867 = AXIS2_PLACEMENT_3D('',#1868,#1869,#1870);
#1868 = CARTESIAN_POINT('',(0.,0.,1.585));
#1869 = DIRECTION('',(0.,0.,1.));
#1870 = DIRECTION('',(1.,0.,-0.));
#1871 = SHELL_BASED_SURFACE_MODEL('',(#1872));
#1872 = OPEN_SHELL('',(#1873));
#1873 = ADVANCED_FACE('',(#1874),#1943,.T.);
#1874 = FACE_BOUND('',#1875,.F.);
#1875 = EDGE_LOOP('',(#1876,#1887,#1895,#1903,#1912,#1920,#1929,#1937));
#1876 = ORIENTED_EDGE('',*,*,#1877,.T.);
#1877 = EDGE_CURVE('',#1878,#1880,#1882,.T.);
#1878 = VERTEX_POINT('',#1879);
#1879 = CARTESIAN_POINT('',(179.929254,-109.908391,1.585));
#1880 = VERTEX_POINT('',#1881);
#1881 = CARTESIAN_POINT('',(180.049496,-109.932309,1.585));
#1882 = CIRCLE('',#1883,6.249988563229E-02);
#1883 = AXIS2_PLACEMENT_3D('',#1884,#1885,#1886);
#1884 = CARTESIAN_POINT('',(179.98699611436,-109.9323092761,1.585));
#1885 = DIRECTION('',(0.,0.,-1.));
#1886 = DIRECTION('',(-0.923875520478,0.382693118127,0.));
#1887 = ORIENTED_EDGE('',*,*,#1888,.T.);
#1888 = EDGE_CURVE('',#1880,#1889,#1891,.T.);
#1889 = VERTEX_POINT('',#1890);
#1890 = CARTESIAN_POINT('',(180.049496,-110.369809,1.585));
#1891 = LINE('',#1892,#1893);
#1892 = CARTESIAN_POINT('',(180.049496,-109.932309,1.585));
#1893 = VECTOR('',#1894,1.);
#1894 = DIRECTION('',(0.,-1.,0.));
#1895 = ORIENTED_EDGE('',*,*,#1896,.T.);
#1896 = EDGE_CURVE('',#1889,#1897,#1899,.T.);
#1897 = VERTEX_POINT('',#1898);
#1898 = CARTESIAN_POINT('',(180.225091,-110.369809,1.585));
#1899 = LINE('',#1900,#1901);
#1900 = CARTESIAN_POINT('',(180.049496,-110.369809,1.585));
#1901 = VECTOR('',#1902,1.);
#1902 = DIRECTION('',(1.,0.,0.));
#1903 = ORIENTED_EDGE('',*,*,#1904,.T.);
#1904 = EDGE_CURVE('',#1897,#1905,#1907,.T.);
#1905 = VERTEX_POINT('',#1906);
#1906 = CARTESIAN_POINT('',(180.225091,-110.494809,1.585));
#1907 = CIRCLE('',#1908,6.2500000001E-02);
#1908 = AXIS2_PLACEMENT_3D('',#1909,#1910,#1911);
#1909 = CARTESIAN_POINT('',(180.22509064746,-110.432309,1.585));
#1910 = DIRECTION('',(0.,0.,-1.));
#1911 = DIRECTION('',(5.640538802164E-06,0.999999999984,0.));
#1912 = ORIENTED_EDGE('',*,*,#1913,.T.);
#1913 = EDGE_CURVE('',#1905,#1914,#1916,.T.);
#1914 = VERTEX_POINT('',#1915);
#1915 = CARTESIAN_POINT('',(179.986996,-110.494809,1.585));
#1916 = LINE('',#1917,#1918);
#1917 = CARTESIAN_POINT('',(180.225091,-110.494809,1.585));
#1918 = VECTOR('',#1919,1.);
#1919 = DIRECTION('',(-1.,0.,0.));
#1920 = ORIENTED_EDGE('',*,*,#1921,.T.);
#1921 = EDGE_CURVE('',#1914,#1922,#1924,.T.);
#1922 = VERTEX_POINT('',#1923);
#1923 = CARTESIAN_POINT('',(179.924496,-110.432309,1.585));
#1924 = CIRCLE('',#1925,6.250106243075E-02);
#1925 = AXIS2_PLACEMENT_3D('',#1926,#1927,#1928);
#1926 = CARTESIAN_POINT('',(179.98699706242,-110.4323079375,1.585));
#1927 = DIRECTION('',(0.,0.,-1.));
#1928 = DIRECTION('',(-1.699845851422E-05,-0.999999999856,-0.));
#1929 = ORIENTED_EDGE('',*,*,#1930,.T.);
#1930 = EDGE_CURVE('',#1922,#1931,#1933,.T.);
#1931 = VERTEX_POINT('',#1932);
#1932 = CARTESIAN_POINT('',(179.924496,-109.932309,1.585));
#1933 = LINE('',#1934,#1935);
#1934 = CARTESIAN_POINT('',(179.924496,-110.432309,1.585));
#1935 = VECTOR('',#1936,1.);
#1936 = DIRECTION('',(0.,1.,0.));
#1937 = ORIENTED_EDGE('',*,*,#1938,.T.);
#1938 = EDGE_CURVE('',#1931,#1878,#1939,.T.);
#1939 = LINE('',#1940,#1941);
#1940 = CARTESIAN_POINT('',(179.924496,-109.932309,1.585));
#1941 = VECTOR('',#1942,1.);
#1942 = DIRECTION('',(0.195106652234,0.98078203198,0.));
#1943 = PLANE('',#1944);
#1944 = AXIS2_PLACEMENT_3D('',#1945,#1946,#1947);
#1945 = CARTESIAN_POINT('',(0.,0.,1.585));
#1946 = DIRECTION('',(0.,0.,1.));
#1947 = DIRECTION('',(1.,0.,-0.));
#1948 = SHELL_BASED_SURFACE_MODEL('',(#1949));
#1949 = OPEN_SHELL('',(#1950));
#1950 = ADVANCED_FACE('',(#1951),#2118,.T.);
#1951 = FACE_BOUND('',#1952,.F.);
#1952 = EDGE_LOOP('',(#1953,#1963,#1971,#1979,#1988,#1996,#2004,#2012,
    #2020,#2028,#2037,#2045,#2054,#2062,#2070,#2078,#2086,#2095,#2103,
    #2112));
#1953 = ORIENTED_EDGE('',*,*,#1954,.T.);
#1954 = EDGE_CURVE('',#1955,#1957,#1959,.T.);
#1955 = VERTEX_POINT('',#1956);
#1956 = CARTESIAN_POINT('',(180.347564,-109.911925,1.585));
#1957 = VERTEX_POINT('',#1958);
#1958 = CARTESIAN_POINT('',(180.415459,-109.874567,1.585));
#1959 = LINE('',#1960,#1961);
#1960 = CARTESIAN_POINT('',(180.347564,-109.911925,1.585));
#1961 = VECTOR('',#1962,1.);
#1962 = DIRECTION('',(0.876130073241,0.482074781297,0.));
#1963 = ORIENTED_EDGE('',*,*,#1964,.T.);
#1964 = EDGE_CURVE('',#1957,#1965,#1967,.T.);
#1965 = VERTEX_POINT('',#1966);
#1966 = CARTESIAN_POINT('',(180.439377,-109.869809,1.585));
#1967 = LINE('',#1968,#1969);
#1968 = CARTESIAN_POINT('',(180.415459,-109.874567,1.585));
#1969 = VECTOR('',#1970,1.);
#1970 = DIRECTION('',(0.980782031979,0.195106652235,0.));
#1971 = ORIENTED_EDGE('',*,*,#1972,.T.);
#1972 = EDGE_CURVE('',#1965,#1973,#1975,.T.);
#1973 = VERTEX_POINT('',#1974);
#1974 = CARTESIAN_POINT('',(180.561496,-109.87042,1.585));
#1975 = LINE('',#1976,#1977);
#1976 = CARTESIAN_POINT('',(180.439377,-109.869809,1.585));
#1977 = VECTOR('',#1978,1.);
#1978 = DIRECTION('',(0.999987483647,-5.003253813908E-03,0.));
#1979 = ORIENTED_EDGE('',*,*,#1980,.T.);
#1980 = EDGE_CURVE('',#1973,#1981,#1983,.T.);
#1981 = VERTEX_POINT('',#1982);
#1982 = CARTESIAN_POINT('',(180.685754,-109.951977,1.585));
#1983 = CIRCLE('',#1984,0.184759687064);
#1984 = AXIS2_PLACEMENT_3D('',#1985,#1986,#1987);
#1985 = CARTESIAN_POINT('',(180.53080720409,-110.0526131386,1.585));
#1986 = DIRECTION('',(0.,0.,-1.));
#1987 = DIRECTION('',(0.166101146828,0.986108720691,0.));
#1988 = ORIENTED_EDGE('',*,*,#1989,.T.);
#1989 = EDGE_CURVE('',#1981,#1990,#1992,.T.);
#1990 = VERTEX_POINT('',#1991);
#1991 = CARTESIAN_POINT('',(180.713359,-110.013454,1.585));
#1992 = LINE('',#1993,#1994);
#1993 = CARTESIAN_POINT('',(180.685754,-109.951977,1.585));
#1994 = VECTOR('',#1995,1.);
#1995 = DIRECTION('',(0.409628459042,-0.91225244617,0.));
#1996 = ORIENTED_EDGE('',*,*,#1997,.T.);
#1997 = EDGE_CURVE('',#1990,#1998,#2000,.T.);
#1998 = VERTEX_POINT('',#1999);
#1999 = CARTESIAN_POINT('',(180.714208,-110.084991,1.585));
#2000 = LINE('',#2001,#2002);
#2001 = CARTESIAN_POINT('',(180.713359,-110.013454,1.585));
#2002 = VECTOR('',#2003,1.);
#2003 = DIRECTION('',(1.186714869101E-02,-0.999929582912,0.));
#2004 = ORIENTED_EDGE('',*,*,#2005,.T.);
#2005 = EDGE_CURVE('',#1998,#2006,#2008,.T.);
#2006 = VERTEX_POINT('',#2007);
#2007 = CARTESIAN_POINT('',(180.682027,-110.178846,1.585));
#2008 = LINE('',#2009,#2010);
#2009 = CARTESIAN_POINT('',(180.714208,-110.084991,1.585));
#2010 = VECTOR('',#2011,1.);
#2011 = DIRECTION('',(-0.324343649801,-0.945939319848,0.));
#2012 = ORIENTED_EDGE('',*,*,#2013,.T.);
#2013 = EDGE_CURVE('',#2006,#2014,#2016,.T.);
#2014 = VERTEX_POINT('',#2015);
#2015 = CARTESIAN_POINT('',(180.495027,-110.369809,1.585));
#2016 = LINE('',#2017,#2018);
#2017 = CARTESIAN_POINT('',(180.682027,-110.178846,1.585));
#2018 = VECTOR('',#2019,1.);
#2019 = DIRECTION('',(-0.699654199792,-0.714481630774,0.));
#2020 = ORIENTED_EDGE('',*,*,#2021,.T.);
#2021 = EDGE_CURVE('',#2014,#2022,#2024,.T.);
#2022 = VERTEX_POINT('',#2023);
#2023 = CARTESIAN_POINT('',(180.653663,-110.369809,1.585));
#2024 = LINE('',#2025,#2026);
#2025 = CARTESIAN_POINT('',(180.495027,-110.369809,1.585));
#2026 = VECTOR('',#2027,1.);
#2027 = DIRECTION('',(1.,0.,0.));
#2028 = ORIENTED_EDGE('',*,*,#2029,.T.);
#2029 = EDGE_CURVE('',#2022,#2030,#2032,.T.);
#2030 = VERTEX_POINT('',#2031);
#2031 = CARTESIAN_POINT('',(180.653663,-110.494809,1.585));
#2032 = CIRCLE('',#2033,6.2500000001E-02);
#2033 = AXIS2_PLACEMENT_3D('',#2034,#2035,#2036);
#2034 = CARTESIAN_POINT('',(180.65366264746,-110.432309,1.585));
#2035 = DIRECTION('',(0.,0.,-1.));
#2036 = DIRECTION('',(5.640538802164E-06,0.999999999984,0.));
#2037 = ORIENTED_EDGE('',*,*,#2038,.T.);
#2038 = EDGE_CURVE('',#2030,#2039,#2041,.T.);
#2039 = VERTEX_POINT('',#2040);
#2040 = CARTESIAN_POINT('',(180.344139,-110.494809,1.585));
#2041 = LINE('',#2042,#2043);
#2042 = CARTESIAN_POINT('',(180.653663,-110.494809,1.585));
#2043 = VECTOR('',#2044,1.);
#2044 = DIRECTION('',(-1.,0.,0.));
#2045 = ORIENTED_EDGE('',*,*,#2046,.T.);
#2046 = EDGE_CURVE('',#2039,#2047,#2049,.T.);
#2047 = VERTEX_POINT('',#2048);
#2048 = CARTESIAN_POINT('',(180.299945,-110.388115,1.585));
#2049 = CIRCLE('',#2050,6.250000279858E-02);
#2050 = AXIS2_PLACEMENT_3D('',#2051,#2052,#2053);
#2051 = CARTESIAN_POINT('',(180.3441393544,-110.4323089972,1.585));
#2052 = DIRECTION('',(0.,0.,-1.));
#2053 = DIRECTION('',(-5.670446826867E-06,-0.999999999984,-0.));
#2054 = ORIENTED_EDGE('',*,*,#2055,.T.);
#2055 = EDGE_CURVE('',#2047,#2056,#2058,.T.);
#2056 = VERTEX_POINT('',#2057);
#2057 = CARTESIAN_POINT('',(180.575225,-110.112834,1.585));
#2058 = LINE('',#2059,#2060);
#2059 = CARTESIAN_POINT('',(180.299945,-110.388115,1.585));
#2060 = VECTOR('',#2061,1.);
#2061 = DIRECTION('',(0.707105496847,0.707108065524,0.));
#2062 = ORIENTED_EDGE('',*,*,#2063,.T.);
#2063 = EDGE_CURVE('',#2056,#2064,#2066,.T.);
#2064 = VERTEX_POINT('',#2065);
#2065 = CARTESIAN_POINT('',(180.591163,-110.065022,1.585));
#2066 = LINE('',#2067,#2068);
#2067 = CARTESIAN_POINT('',(180.575225,-110.112834,1.585));
#2068 = VECTOR('',#2069,1.);
#2069 = DIRECTION('',(0.316239671112,0.948679329602,0.));
#2070 = ORIENTED_EDGE('',*,*,#2071,.T.);
#2071 = EDGE_CURVE('',#2064,#2072,#2074,.T.);
#2072 = VERTEX_POINT('',#2073);
#2073 = CARTESIAN_POINT('',(180.591163,-110.0423,1.585));
#2074 = LINE('',#2075,#2076);
#2075 = CARTESIAN_POINT('',(180.591163,-110.065022,1.585));
#2076 = VECTOR('',#2077,1.);
#2077 = DIRECTION('',(0.,1.,0.));
#2078 = ORIENTED_EDGE('',*,*,#2079,.T.);
#2079 = EDGE_CURVE('',#2072,#2080,#2082,.T.);
#2080 = VERTEX_POINT('',#2081);
#2081 = CARTESIAN_POINT('',(180.569022,-110.007485,1.585));
#2082 = LINE('',#2083,#2084);
#2083 = CARTESIAN_POINT('',(180.591163,-110.0423,1.585));
#2084 = VECTOR('',#2085,1.);
#2085 = DIRECTION('',(-0.536633954476,0.843815144983,0.));
#2086 = ORIENTED_EDGE('',*,*,#2087,.T.);
#2087 = EDGE_CURVE('',#2080,#2088,#2090,.T.);
#2088 = VERTEX_POINT('',#2089);
#2089 = CARTESIAN_POINT('',(180.428781,-110.007483,1.585));
#2090 = CIRCLE('',#2091,0.129229743559);
#2091 = AXIS2_PLACEMENT_3D('',#2092,#2093,#2094);
#2092 = CARTESIAN_POINT('',(180.49889995192,-110.1160355642,1.585));
#2093 = DIRECTION('',(0.,0.,1.));
#2094 = DIRECTION('',(0.542615392872,0.839981270874,-0.));
#2095 = ORIENTED_EDGE('',*,*,#2096,.T.);
#2096 = EDGE_CURVE('',#2088,#2097,#2099,.T.);
#2097 = VERTEX_POINT('',#2098);
#2098 = CARTESIAN_POINT('',(180.391866,-110.03767,1.585));
#2099 = LINE('',#2100,#2101);
#2100 = CARTESIAN_POINT('',(180.428781,-110.007483,1.585));
#2101 = VECTOR('',#2102,1.);
#2102 = DIRECTION('',(-0.774123582589,-0.633034500545,0.));
#2103 = ORIENTED_EDGE('',*,*,#2104,.T.);
#2104 = EDGE_CURVE('',#2097,#2105,#2107,.T.);
#2105 = VERTEX_POINT('',#2106);
#2106 = CARTESIAN_POINT('',(180.310207,-109.956011,1.585));
#2107 = CIRCLE('',#2108,6.249929162E-02);
#2108 = AXIS2_PLACEMENT_3D('',#2109,#2110,#2111);
#2109 = CARTESIAN_POINT('',(180.367949,-109.979928,1.585));
#2110 = DIRECTION('',(0.,0.,-1.));
#2111 = DIRECTION('',(0.382676337284,-0.923882471358,0.));
#2112 = ORIENTED_EDGE('',*,*,#2113,.T.);
#2113 = EDGE_CURVE('',#2105,#1955,#2114,.T.);
#2114 = LINE('',#2115,#2116);
#2115 = CARTESIAN_POINT('',(180.310207,-109.956011,1.585));
#2116 = VECTOR('',#2117,1.);
#2117 = DIRECTION('',(0.646481235926,0.762929886421,0.));
#2118 = PLANE('',#2119);
#2119 = AXIS2_PLACEMENT_3D('',#2120,#2121,#2122);
#2120 = CARTESIAN_POINT('',(0.,0.,1.585));
#2121 = DIRECTION('',(0.,0.,1.));
#2122 = DIRECTION('',(1.,0.,-0.));
#2123 = SHELL_BASED_SURFACE_MODEL('',(#2124));
#2124 = OPEN_SHELL('',(#2125));
#2125 = ADVANCED_FACE('',(#2126),#2187,.T.);
#2126 = FACE_BOUND('',#2127,.F.);
#2127 = EDGE_LOOP('',(#2128,#2139,#2147,#2156,#2164,#2173,#2181));
#2128 = ORIENTED_EDGE('',*,*,#2129,.T.);
#2129 = EDGE_CURVE('',#2130,#2132,#2134,.T.);
#2130 = VERTEX_POINT('',#2131);
#2131 = CARTESIAN_POINT('',(178.09437,-109.912545,1.585));
#2132 = VERTEX_POINT('',#2133);
#2133 = CARTESIAN_POINT('',(178.212956,-109.952074,1.585));
#2134 = CIRCLE('',#2135,6.250036247773E-02);
#2135 = AXIS2_PLACEMENT_3D('',#2136,#2137,#2138);
#2136 = CARTESIAN_POINT('',(178.15366275528,-109.9323102341,1.585));
#2137 = DIRECTION('',(0.,0.,-1.));
#2138 = DIRECTION('',(-0.948678582502,0.316241912312,0.));
#2139 = ORIENTED_EDGE('',*,*,#2140,.T.);
#2140 = EDGE_CURVE('',#2132,#2141,#2143,.T.);
#2141 = VERTEX_POINT('',#2142);
#2142 = CARTESIAN_POINT('',(178.046289,-110.452073,1.585));
#2143 = LINE('',#2144,#2145);
#2144 = CARTESIAN_POINT('',(178.212956,-109.952074,1.585));
#2145 = VECTOR('',#2146,1.);
#2146 = DIRECTION('',(-0.316228904438,-0.948682918576,0.));
#2147 = ORIENTED_EDGE('',*,*,#2148,.T.);
#2148 = EDGE_CURVE('',#2141,#2149,#2151,.T.);
#2149 = VERTEX_POINT('',#2150);
#2150 = CARTESIAN_POINT('',(177.927703,-110.452073,1.585));
#2151 = CIRCLE('',#2152,6.250063817902E-02);
#2152 = AXIS2_PLACEMENT_3D('',#2153,#2154,#2155);
#2153 = CARTESIAN_POINT('',(177.986996,-110.4323076281,1.585));
#2154 = DIRECTION('',(-0.,0.,-1.));
#2155 = DIRECTION('',(0.948678313174,-0.316242720252,-0.));
#2156 = ORIENTED_EDGE('',*,*,#2157,.T.);
#2157 = EDGE_CURVE('',#2149,#2158,#2160,.T.);
#2158 = VERTEX_POINT('',#2159);
#2159 = CARTESIAN_POINT('',(177.761037,-109.952073,1.585));
#2160 = LINE('',#2161,#2162);
#2161 = CARTESIAN_POINT('',(177.927703,-110.452073,1.585));
#2162 = VECTOR('',#2163,1.);
#2163 = DIRECTION('',(-0.316226627596,0.948683677523,0.));
#2164 = ORIENTED_EDGE('',*,*,#2165,.T.);
#2165 = EDGE_CURVE('',#2158,#2166,#2168,.T.);
#2166 = VERTEX_POINT('',#2167);
#2167 = CARTESIAN_POINT('',(177.879623,-109.912545,1.585));
#2168 = CIRCLE('',#2169,6.250020436786E-02);
#2169 = AXIS2_PLACEMENT_3D('',#2170,#2171,#2172);
#2170 = CARTESIAN_POINT('',(177.82033031988,-109.9323099596,1.585));
#2171 = DIRECTION('',(0.,0.,-1.));
#2172 = DIRECTION('',(-0.948690016038,-0.316207611342,-0.));
#2173 = ORIENTED_EDGE('',*,*,#2174,.T.);
#2174 = EDGE_CURVE('',#2166,#2175,#2177,.T.);
#2175 = VERTEX_POINT('',#2176);
#2176 = CARTESIAN_POINT('',(177.986996,-110.234665,1.585));
#2177 = LINE('',#2178,#2179);
#2178 = CARTESIAN_POINT('',(177.879623,-109.912545,1.585));
#2179 = VECTOR('',#2180,1.);
#2180 = DIRECTION('',(0.316226882479,-0.948683592563,0.));
#2181 = ORIENTED_EDGE('',*,*,#2182,.T.);
#2182 = EDGE_CURVE('',#2175,#2130,#2183,.T.);
#2183 = LINE('',#2184,#2185);
#2184 = CARTESIAN_POINT('',(177.986996,-110.234665,1.585));
#2185 = VECTOR('',#2186,1.);
#2186 = DIRECTION('',(0.316229533089,0.948682709024,0.));
#2187 = PLANE('',#2188);
#2188 = AXIS2_PLACEMENT_3D('',#2189,#2190,#2191);
#2189 = CARTESIAN_POINT('',(0.,0.,1.585));
#2190 = DIRECTION('',(0.,0.,1.));
#2191 = DIRECTION('',(1.,0.,-0.));
#2192 = SHELL_BASED_SURFACE_MODEL('',(#2193));
#2193 = OPEN_SHELL('',(#2194));
#2194 = ADVANCED_FACE('',(#2195,#2295),#2321,.T.);
#2195 = FACE_BOUND('',#2196,.F.);
#2196 = EDGE_LOOP('',(#2197,#2207,#2215,#2223,#2231,#2239,#2247,#2256,
    #2264,#2272,#2280,#2289));
#2197 = ORIENTED_EDGE('',*,*,#2198,.T.);
#2198 = EDGE_CURVE('',#2199,#2201,#2203,.T.);
#2199 = VERTEX_POINT('',#2200);
#2200 = CARTESIAN_POINT('',(178.975322,-109.912545,1.585));
#2201 = VERTEX_POINT('',#2202);
#2202 = CARTESIAN_POINT('',(178.993665,-109.885094,1.585));
#2203 = LINE('',#2204,#2205);
#2204 = CARTESIAN_POINT('',(178.975322,-109.912545,1.585));
#2205 = VECTOR('',#2206,1.);
#2206 = DIRECTION('',(0.555587575556,0.831458024129,0.));
#2207 = ORIENTED_EDGE('',*,*,#2208,.T.);
#2208 = EDGE_CURVE('',#2201,#2209,#2211,.T.);
#2209 = VERTEX_POINT('',#2210);
#2210 = CARTESIAN_POINT('',(179.039046,-109.869967,1.585));
#2211 = LINE('',#2212,#2213);
#2212 = CARTESIAN_POINT('',(178.993665,-109.885094,1.585));
#2213 = VECTOR('',#2214,1.);
#2214 = DIRECTION('',(0.948683298051,0.316227766017,0.));
#2215 = ORIENTED_EDGE('',*,*,#2216,.T.);
#2216 = EDGE_CURVE('',#2209,#2217,#2219,.T.);
#2217 = VERTEX_POINT('',#2218);
#2218 = CARTESIAN_POINT('',(179.05677,-109.878829,1.585));
#2219 = LINE('',#2220,#2221);
#2220 = CARTESIAN_POINT('',(179.039046,-109.869967,1.585));
#2221 = VECTOR('',#2222,1.);
#2222 = DIRECTION('',(0.894427191,-0.4472135955,0.));
#2223 = ORIENTED_EDGE('',*,*,#2224,.T.);
#2224 = EDGE_CURVE('',#2217,#2225,#2227,.T.);
#2225 = VERTEX_POINT('',#2226);
#2226 = CARTESIAN_POINT('',(179.08183,-109.891359,1.585));
#2227 = LINE('',#2228,#2229);
#2228 = CARTESIAN_POINT('',(179.05677,-109.878829,1.585));
#2229 = VECTOR('',#2230,1.);
#2230 = DIRECTION('',(0.894427191,-0.4472135955,0.));
#2231 = ORIENTED_EDGE('',*,*,#2232,.T.);
#2232 = EDGE_CURVE('',#2225,#2233,#2235,.T.);
#2233 = VERTEX_POINT('',#2234);
#2234 = CARTESIAN_POINT('',(179.093908,-109.912545,1.585));
#2235 = LINE('',#2236,#2237);
#2236 = CARTESIAN_POINT('',(179.08183,-109.891359,1.585));
#2237 = VECTOR('',#2238,1.);
#2238 = DIRECTION('',(0.495264323533,-0.868742338001,0.));
#2239 = ORIENTED_EDGE('',*,*,#2240,.T.);
#2240 = EDGE_CURVE('',#2233,#2241,#2243,.T.);
#2241 = VERTEX_POINT('',#2242);
#2242 = CARTESIAN_POINT('',(179.260575,-110.412544,1.585));
#2243 = LINE('',#2244,#2245);
#2244 = CARTESIAN_POINT('',(179.093908,-109.912545,1.585));
#2245 = VECTOR('',#2246,1.);
#2246 = DIRECTION('',(0.316228904438,-0.948682918576,0.));
#2247 = ORIENTED_EDGE('',*,*,#2248,.T.);
#2248 = EDGE_CURVE('',#2241,#2249,#2251,.T.);
#2249 = VERTEX_POINT('',#2250);
#2250 = CARTESIAN_POINT('',(179.141989,-110.452073,1.585));
#2251 = CIRCLE('',#2252,6.250036247773E-02);
#2252 = AXIS2_PLACEMENT_3D('',#2253,#2254,#2255);
#2253 = CARTESIAN_POINT('',(179.20128175528,-110.4323077658,1.585));
#2254 = DIRECTION('',(0.,0.,-1.));
#2255 = DIRECTION('',(0.948686413457,0.316218419644,0.));
#2256 = ORIENTED_EDGE('',*,*,#2257,.T.);
#2257 = EDGE_CURVE('',#2249,#2258,#2260,.T.);
#2258 = VERTEX_POINT('',#2259);
#2259 = CARTESIAN_POINT('',(179.108615,-110.351952,1.585));
#2260 = LINE('',#2261,#2262);
#2261 = CARTESIAN_POINT('',(179.141989,-110.452073,1.585));
#2262 = VECTOR('',#2263,1.);
#2263 = DIRECTION('',(-0.316230608623,0.94868235051,0.));
#2264 = ORIENTED_EDGE('',*,*,#2265,.T.);
#2265 = EDGE_CURVE('',#2258,#2266,#2268,.T.);
#2266 = VERTEX_POINT('',#2267);
#2267 = CARTESIAN_POINT('',(178.960616,-110.351952,1.585));
#2268 = LINE('',#2269,#2270);
#2269 = CARTESIAN_POINT('',(179.108615,-110.351952,1.585));
#2270 = VECTOR('',#2271,1.);
#2271 = DIRECTION('',(-1.,0.,0.));
#2272 = ORIENTED_EDGE('',*,*,#2273,.T.);
#2273 = EDGE_CURVE('',#2266,#2274,#2276,.T.);
#2274 = VERTEX_POINT('',#2275);
#2275 = CARTESIAN_POINT('',(178.927242,-110.452073,1.585));
#2276 = LINE('',#2277,#2278);
#2277 = CARTESIAN_POINT('',(178.960616,-110.351952,1.585));
#2278 = VECTOR('',#2279,1.);
#2279 = DIRECTION('',(-0.316230608623,-0.94868235051,0.));
#2280 = ORIENTED_EDGE('',*,*,#2281,.T.);
#2281 = EDGE_CURVE('',#2274,#2282,#2284,.T.);
#2282 = VERTEX_POINT('',#2283);
#2283 = CARTESIAN_POINT('',(178.808656,-110.412545,1.585));
#2284 = CIRCLE('',#2285,6.250020436785E-02);
#2285 = AXIS2_PLACEMENT_3D('',#2286,#2287,#2288);
#2286 = CARTESIAN_POINT('',(178.86794931988,-110.4323080403,1.585));
#2287 = DIRECTION('',(-0.,0.,-1.));
#2288 = DIRECTION('',(0.948679779802,-0.316238320568,-0.));
#2289 = ORIENTED_EDGE('',*,*,#2290,.T.);
#2290 = EDGE_CURVE('',#2282,#2199,#2291,.T.);
#2291 = LINE('',#2292,#2293);
#2292 = CARTESIAN_POINT('',(178.808656,-110.412545,1.585));
#2293 = VECTOR('',#2294,1.);
#2294 = DIRECTION('',(0.316226627596,0.948683677523,0.));
#2295 = FACE_BOUND('',#2296,.F.);
#2296 = EDGE_LOOP('',(#2297,#2307,#2315));
#2297 = ORIENTED_EDGE('',*,*,#2298,.T.);
#2298 = EDGE_CURVE('',#2299,#2301,#2303,.T.);
#2299 = VERTEX_POINT('',#2300);
#2300 = CARTESIAN_POINT('',(179.002282,-110.226952,1.585));
#2301 = VERTEX_POINT('',#2302);
#2302 = CARTESIAN_POINT('',(179.066949,-110.226952,1.585));
#2303 = LINE('',#2304,#2305);
#2304 = CARTESIAN_POINT('',(179.002282,-110.226952,1.585));
#2305 = VECTOR('',#2306,1.);
#2306 = DIRECTION('',(1.,0.,0.));
#2307 = ORIENTED_EDGE('',*,*,#2308,.T.);
#2308 = EDGE_CURVE('',#2301,#2309,#2311,.T.);
#2309 = VERTEX_POINT('',#2310);
#2310 = CARTESIAN_POINT('',(179.034615,-110.129952,1.585));
#2311 = LINE('',#2312,#2313);
#2312 = CARTESIAN_POINT('',(179.066949,-110.226952,1.585));
#2313 = VECTOR('',#2314,1.);
#2314 = DIRECTION('',(-0.316233634143,0.948681341988,0.));
#2315 = ORIENTED_EDGE('',*,*,#2316,.T.);
#2316 = EDGE_CURVE('',#2309,#2299,#2317,.T.);
#2317 = LINE('',#2318,#2319);
#2318 = CARTESIAN_POINT('',(179.034615,-110.129952,1.585));
#2319 = VECTOR('',#2320,1.);
#2320 = DIRECTION('',(-0.31622483194,-0.948684276071,0.));
#2321 = PLANE('',#2322);
#2322 = AXIS2_PLACEMENT_3D('',#2323,#2324,#2325);
#2323 = CARTESIAN_POINT('',(0.,0.,1.585));
#2324 = DIRECTION('',(0.,0.,1.));
#2325 = DIRECTION('',(1.,0.,-0.));
#2326 = SHELL_BASED_SURFACE_MODEL('',(#2327));
#2327 = OPEN_SHELL('',(#2328));
#2328 = ADVANCED_FACE('',(#2329,#2432),#2483,.T.);
#2329 = FACE_BOUND('',#2330,.F.);
#2330 = EDGE_LOOP('',(#2331,#2342,#2350,#2359,#2367,#2376,#2384,#2393,
    #2401,#2409,#2417,#2426));
#2331 = ORIENTED_EDGE('',*,*,#2332,.T.);
#2332 = EDGE_CURVE('',#2333,#2335,#2337,.T.);
#2333 = VERTEX_POINT('',#2334);
#2334 = CARTESIAN_POINT('',(182.924496,-109.932309,1.585));
#2335 = VERTEX_POINT('',#2336);
#2336 = CARTESIAN_POINT('',(182.986996,-109.869809,1.585));
#2337 = CIRCLE('',#2338,6.250106243067E-02);
#2338 = AXIS2_PLACEMENT_3D('',#2339,#2340,#2341);
#2339 = CARTESIAN_POINT('',(182.98699706242,-109.9323100624,1.585));
#2340 = DIRECTION('',(0.,0.,-1.));
#2341 = DIRECTION('',(-0.999999999856,1.69984573774E-05,0.));
#2342 = ORIENTED_EDGE('',*,*,#2343,.T.);
#2343 = EDGE_CURVE('',#2335,#2344,#2346,.T.);
#2344 = VERTEX_POINT('',#2345);
#2345 = CARTESIAN_POINT('',(183.180543,-109.87042,1.585));
#2346 = LINE('',#2347,#2348);
#2347 = CARTESIAN_POINT('',(182.986996,-109.869809,1.585));
#2348 = VECTOR('',#2349,1.);
#2349 = DIRECTION('',(0.999995017167,-3.156840227343E-03,0.));
#2350 = ORIENTED_EDGE('',*,*,#2351,.T.);
#2351 = EDGE_CURVE('',#2344,#2352,#2354,.T.);
#2352 = VERTEX_POINT('',#2353);
#2353 = CARTESIAN_POINT('',(183.304803,-109.951978,1.585));
#2354 = CIRCLE('',#2355,0.184763844111);
#2355 = AXIS2_PLACEMENT_3D('',#2356,#2357,#2358);
#2356 = CARTESIAN_POINT('',(183.14985322902,-110.05261719,1.585));
#2357 = DIRECTION('',(0.,0.,-1.));
#2358 = DIRECTION('',(0.166102687028,0.986108461257,0.));
#2359 = ORIENTED_EDGE('',*,*,#2360,.T.);
#2360 = EDGE_CURVE('',#2352,#2361,#2363,.T.);
#2361 = VERTEX_POINT('',#2362);
#2362 = CARTESIAN_POINT('',(183.332406,-110.013456,1.585));
#2363 = LINE('',#2364,#2365);
#2364 = CARTESIAN_POINT('',(183.304803,-109.951978,1.585));
#2365 = VECTOR('',#2366,1.);
#2366 = DIRECTION('',(0.409598215745,-0.912266025707,0.));
#2367 = ORIENTED_EDGE('',*,*,#2368,.T.);
#2368 = EDGE_CURVE('',#2361,#2369,#2371,.T.);
#2369 = VERTEX_POINT('',#2370);
#2370 = CARTESIAN_POINT('',(183.217306,-110.244173,1.585));
#2371 = CIRCLE('',#2372,0.19446193138);
#2372 = AXIS2_PLACEMENT_3D('',#2373,#2374,#2375);
#2373 = CARTESIAN_POINT('',(183.14457982852,-110.0638223783,1.585));
#2374 = DIRECTION('',(0.,0.,-1.));
#2375 = DIRECTION('',(0.965876303608,0.259003795587,0.));
#2376 = ORIENTED_EDGE('',*,*,#2377,.T.);
#2377 = EDGE_CURVE('',#2369,#2378,#2380,.T.);
#2378 = VERTEX_POINT('',#2379);
#2379 = CARTESIAN_POINT('',(183.323912,-110.396468,1.585));
#2380 = LINE('',#2381,#2382);
#2381 = CARTESIAN_POINT('',(183.217306,-110.244173,1.585));
#2382 = VECTOR('',#2383,1.);
#2383 = DIRECTION('',(0.573460539244,-0.8192331841,0.));
#2384 = ORIENTED_EDGE('',*,*,#2385,.T.);
#2385 = EDGE_CURVE('',#2378,#2386,#2388,.T.);
#2386 = VERTEX_POINT('',#2387);
#2387 = CARTESIAN_POINT('',(183.221508,-110.468151,1.585));
#2388 = CIRCLE('',#2389,6.250006341722E-02);
#2389 = AXIS2_PLACEMENT_3D('',#2390,#2391,#2392);
#2390 = CARTESIAN_POINT('',(183.27270945415,-110.4323087202,1.585));
#2391 = DIRECTION('',(0.,0.,-1.));
#2392 = DIRECTION('',(0.819239902243,0.573450941732,0.));
#2393 = ORIENTED_EDGE('',*,*,#2394,.T.);
#2394 = EDGE_CURVE('',#2386,#2395,#2397,.T.);
#2395 = VERTEX_POINT('',#2396);
#2396 = CARTESIAN_POINT('',(183.073503,-110.256714,1.585));
#2397 = LINE('',#2398,#2399);
#2398 = CARTESIAN_POINT('',(183.221508,-110.468151,1.585));
#2399 = VECTOR('',#2400,1.);
#2400 = DIRECTION('',(-0.573460003999,0.819233558769,0.));
#2401 = ORIENTED_EDGE('',*,*,#2402,.T.);
#2402 = EDGE_CURVE('',#2395,#2403,#2405,.T.);
#2403 = VERTEX_POINT('',#2404);
#2404 = CARTESIAN_POINT('',(183.049496,-110.256714,1.585));
#2405 = LINE('',#2406,#2407);
#2406 = CARTESIAN_POINT('',(183.073503,-110.256714,1.585));
#2407 = VECTOR('',#2408,1.);
#2408 = DIRECTION('',(-1.,0.,0.));
#2409 = ORIENTED_EDGE('',*,*,#2410,.T.);
#2410 = EDGE_CURVE('',#2403,#2411,#2413,.T.);
#2411 = VERTEX_POINT('',#2412);
#2412 = CARTESIAN_POINT('',(183.049496,-110.432309,1.585));
#2413 = LINE('',#2414,#2415);
#2414 = CARTESIAN_POINT('',(183.049496,-110.256714,1.585));
#2415 = VECTOR('',#2416,1.);
#2416 = DIRECTION('',(0.,-1.,0.));
#2417 = ORIENTED_EDGE('',*,*,#2418,.T.);
#2418 = EDGE_CURVE('',#2411,#2419,#2421,.T.);
#2419 = VERTEX_POINT('',#2420);
#2420 = CARTESIAN_POINT('',(182.924496,-110.432309,1.585));
#2421 = CIRCLE('',#2422,6.250000000099E-02);
#2422 = AXIS2_PLACEMENT_3D('',#2423,#2424,#2425);
#2423 = CARTESIAN_POINT('',(182.986996,-110.4323086474,1.585));
#2424 = DIRECTION('',(-0.,0.,-1.));
#2425 = DIRECTION('',(0.999999999984,-5.640539029538E-06,-0.));
#2426 = ORIENTED_EDGE('',*,*,#2427,.T.);
#2427 = EDGE_CURVE('',#2419,#2333,#2428,.T.);
#2428 = LINE('',#2429,#2430);
#2429 = CARTESIAN_POINT('',(182.924496,-110.432309,1.585));
#2430 = VECTOR('',#2431,1.);
#2431 = DIRECTION('',(0.,1.,0.));
#2432 = FACE_BOUND('',#2433,.F.);
#2433 = EDGE_LOOP('',(#2434,#2445,#2453,#2461,#2469,#2477));
#2434 = ORIENTED_EDGE('',*,*,#2435,.T.);
#2435 = EDGE_CURVE('',#2436,#2438,#2440,.T.);
#2436 = VERTEX_POINT('',#2437);
#2437 = CARTESIAN_POINT('',(183.197535,-110.109572,1.585));
#2438 = VERTEX_POINT('',#2439);
#2439 = CARTESIAN_POINT('',(183.18807,-110.007485,1.585));
#2440 = CIRCLE('',#2441,7.564938184916E-02);
#2441 = AXIS2_PLACEMENT_3D('',#2442,#2443,#2444);
#2442 = CARTESIAN_POINT('',(183.13740741477,-110.0636644573,1.585));
#2443 = DIRECTION('',(0.,-0.,1.));
#2444 = DIRECTION('',(0.794819253746,-0.606846235775,-0.));
#2445 = ORIENTED_EDGE('',*,*,#2446,.T.);
#2446 = EDGE_CURVE('',#2438,#2447,#2449,.T.);
#2447 = VERTEX_POINT('',#2448);
#2448 = CARTESIAN_POINT('',(183.162718,-109.994809,1.585));
#2449 = LINE('',#2450,#2451);
#2450 = CARTESIAN_POINT('',(183.18807,-110.007485,1.585));
#2451 = VECTOR('',#2452,1.);
#2452 = DIRECTION('',(-0.894427191,0.4472135955,0.));
#2453 = ORIENTED_EDGE('',*,*,#2454,.T.);
#2454 = EDGE_CURVE('',#2447,#2455,#2457,.T.);
#2455 = VERTEX_POINT('',#2456);
#2456 = CARTESIAN_POINT('',(183.049496,-109.994809,1.585));
#2457 = LINE('',#2458,#2459);
#2458 = CARTESIAN_POINT('',(183.162718,-109.994809,1.585));
#2459 = VECTOR('',#2460,1.);
#2460 = DIRECTION('',(-1.,0.,0.));
#2461 = ORIENTED_EDGE('',*,*,#2462,.T.);
#2462 = EDGE_CURVE('',#2455,#2463,#2465,.T.);
#2463 = VERTEX_POINT('',#2464);
#2464 = CARTESIAN_POINT('',(183.049496,-110.131714,1.585));
#2465 = LINE('',#2466,#2467);
#2466 = CARTESIAN_POINT('',(183.049496,-109.994809,1.585));
#2467 = VECTOR('',#2468,1.);
#2468 = DIRECTION('',(0.,-1.,0.));
#2469 = ORIENTED_EDGE('',*,*,#2470,.T.);
#2470 = EDGE_CURVE('',#2463,#2471,#2473,.T.);
#2471 = VERTEX_POINT('',#2472);
#2472 = CARTESIAN_POINT('',(183.162718,-110.131714,1.585));
#2473 = LINE('',#2474,#2475);
#2474 = CARTESIAN_POINT('',(183.049496,-110.131714,1.585));
#2475 = VECTOR('',#2476,1.);
#2476 = DIRECTION('',(1.,0.,0.));
#2477 = ORIENTED_EDGE('',*,*,#2478,.T.);
#2478 = EDGE_CURVE('',#2471,#2436,#2479,.T.);
#2479 = LINE('',#2480,#2481);
#2480 = CARTESIAN_POINT('',(183.162718,-110.131714,1.585));
#2481 = VECTOR('',#2482,1.);
#2482 = DIRECTION('',(0.843818129177,0.536629262035,0.));
#2483 = PLANE('',#2484);
#2484 = AXIS2_PLACEMENT_3D('',#2485,#2486,#2487);
#2485 = CARTESIAN_POINT('',(0.,0.,1.585));
#2486 = DIRECTION('',(0.,0.,1.));
#2487 = DIRECTION('',(1.,0.,-0.));
#2488 = SHELL_BASED_SURFACE_MODEL('',(#2489));
#2489 = OPEN_SHELL('',(#2490));
#2490 = ADVANCED_FACE('',(#2491),#2753,.T.);
#2491 = FACE_BOUND('',#2492,.F.);
#2492 = EDGE_LOOP('',(#2493,#2503,#2511,#2519,#2528,#2536,#2544,#2552,
    #2560,#2568,#2576,#2584,#2592,#2600,#2608,#2617,#2625,#2633,#2641,
    #2649,#2658,#2666,#2674,#2682,#2690,#2698,#2706,#2714,#2722,#2730,
    #2738,#2747));
#2493 = ORIENTED_EDGE('',*,*,#2494,.T.);
#2494 = EDGE_CURVE('',#2495,#2497,#2499,.T.);
#2495 = VERTEX_POINT('',#2496);
#2496 = CARTESIAN_POINT('',(170.220952,-109.900218,1.585));
#2497 = VERTEX_POINT('',#2498);
#2498 = CARTESIAN_POINT('',(170.282429,-109.872612,1.585));
#2499 = LINE('',#2500,#2501);
#2500 = CARTESIAN_POINT('',(170.220952,-109.900218,1.585));
#2501 = VECTOR('',#2502,1.);
#2502 = DIRECTION('',(0.912246901044,0.409640807948,0.));
#2503 = ORIENTED_EDGE('',*,*,#2504,.T.);
#2504 = EDGE_CURVE('',#2497,#2505,#2507,.T.);
#2505 = VERTEX_POINT('',#2506);
#2506 = CARTESIAN_POINT('',(170.425394,-109.871763,1.585));
#2507 = LINE('',#2508,#2509);
#2508 = CARTESIAN_POINT('',(170.282429,-109.872612,1.585));
#2509 = VECTOR('',#2510,1.);
#2510 = DIRECTION('',(0.999982367478,5.938411709096E-03,0.));
#2511 = ORIENTED_EDGE('',*,*,#2512,.T.);
#2512 = EDGE_CURVE('',#2505,#2513,#2515,.T.);
#2513 = VERTEX_POINT('',#2514);
#2514 = CARTESIAN_POINT('',(170.506763,-109.896826,1.585));
#2515 = LINE('',#2516,#2517);
#2516 = CARTESIAN_POINT('',(170.425394,-109.871763,1.585));
#2517 = VECTOR('',#2518,1.);
#2518 = DIRECTION('',(0.955691862158,-0.294368926019,0.));
#2519 = ORIENTED_EDGE('',*,*,#2520,.T.);
#2520 = EDGE_CURVE('',#2513,#2521,#2523,.T.);
#2521 = VERTEX_POINT('',#2522);
#2522 = CARTESIAN_POINT('',(170.467234,-110.015412,1.585));
#2523 = CIRCLE('',#2524,6.250036247626E-02);
#2524 = AXIS2_PLACEMENT_3D('',#2525,#2526,#2527);
#2525 = CARTESIAN_POINT('',(170.48699789011,-109.9561187967,1.585));
#2526 = DIRECTION('',(0.,0.,-1.));
#2527 = DIRECTION('',(0.316239924102,0.948679245269,0.));
#2528 = ORIENTED_EDGE('',*,*,#2529,.T.);
#2529 = EDGE_CURVE('',#2521,#2530,#2532,.T.);
#2530 = VERTEX_POINT('',#2531);
#2531 = CARTESIAN_POINT('',(170.405426,-109.994809,1.585));
#2532 = LINE('',#2533,#2534);
#2533 = CARTESIAN_POINT('',(170.467234,-110.015412,1.585));
#2534 = VECTOR('',#2535,1.);
#2535 = DIRECTION('',(-0.948681763154,0.316232370668,0.));
#2536 = ORIENTED_EDGE('',*,*,#2537,.T.);
#2537 = EDGE_CURVE('',#2530,#2538,#2540,.T.);
#2538 = VERTEX_POINT('',#2539);
#2539 = CARTESIAN_POINT('',(170.311275,-109.994809,1.585));
#2540 = LINE('',#2541,#2542);
#2541 = CARTESIAN_POINT('',(170.405426,-109.994809,1.585));
#2542 = VECTOR('',#2543,1.);
#2543 = DIRECTION('',(-1.,0.,0.));
#2544 = ORIENTED_EDGE('',*,*,#2545,.T.);
#2545 = EDGE_CURVE('',#2538,#2546,#2548,.T.);
#2546 = VERTEX_POINT('',#2547);
#2547 = CARTESIAN_POINT('',(170.276459,-110.016949,1.585));
#2548 = LINE('',#2549,#2550);
#2549 = CARTESIAN_POINT('',(170.311275,-109.994809,1.585));
#2550 = VECTOR('',#2551,1.);
#2551 = DIRECTION('',(-0.843833099132,-0.536605721932,0.));
#2552 = ORIENTED_EDGE('',*,*,#2553,.T.);
#2553 = EDGE_CURVE('',#2546,#2554,#2556,.T.);
#2554 = VERTEX_POINT('',#2555);
#2555 = CARTESIAN_POINT('',(170.263784,-110.042301,1.585));
#2556 = LINE('',#2557,#2558);
#2557 = CARTESIAN_POINT('',(170.276459,-110.016949,1.585));
#2558 = VECTOR('',#2559,1.);
#2559 = DIRECTION('',(-0.44718537056,-0.894441302913,0.));
#2560 = ORIENTED_EDGE('',*,*,#2561,.T.);
#2561 = EDGE_CURVE('',#2554,#2562,#2564,.T.);
#2562 = VERTEX_POINT('',#2563);
#2563 = CARTESIAN_POINT('',(170.263784,-110.060412,1.585));
#2564 = LINE('',#2565,#2566);
#2565 = CARTESIAN_POINT('',(170.263784,-110.042301,1.585));
#2566 = VECTOR('',#2567,1.);
#2567 = DIRECTION('',(0.,-1.,0.));
#2568 = ORIENTED_EDGE('',*,*,#2569,.T.);
#2569 = EDGE_CURVE('',#2562,#2570,#2572,.T.);
#2570 = VERTEX_POINT('',#2571);
#2571 = CARTESIAN_POINT('',(170.285924,-110.095228,1.585));
#2572 = LINE('',#2573,#2574);
#2573 = CARTESIAN_POINT('',(170.263784,-110.060412,1.585));
#2574 = VECTOR('',#2575,1.);
#2575 = DIRECTION('',(0.536605721932,-0.843833099132,0.));
#2576 = ORIENTED_EDGE('',*,*,#2577,.T.);
#2577 = EDGE_CURVE('',#2570,#2578,#2580,.T.);
#2578 = VERTEX_POINT('',#2579);
#2579 = CARTESIAN_POINT('',(170.318334,-110.111433,1.585));
#2580 = LINE('',#2581,#2582);
#2581 = CARTESIAN_POINT('',(170.285924,-110.095228,1.585));
#2582 = VECTOR('',#2583,1.);
#2583 = DIRECTION('',(0.894427191,-0.4472135955,0.));
#2584 = ORIENTED_EDGE('',*,*,#2585,.T.);
#2585 = EDGE_CURVE('',#2578,#2586,#2588,.T.);
#2586 = VERTEX_POINT('',#2587);
#2587 = CARTESIAN_POINT('',(170.41971,-110.138312,1.585));
#2588 = LINE('',#2589,#2590);
#2589 = CARTESIAN_POINT('',(170.318334,-110.111433,1.585));
#2590 = VECTOR('',#2591,1.);
#2591 = DIRECTION('',(0.966600950817,-0.256286171845,0.));
#2592 = ORIENTED_EDGE('',*,*,#2593,.T.);
#2593 = EDGE_CURVE('',#2586,#2594,#2596,.T.);
#2594 = VERTEX_POINT('',#2595);
#2595 = CARTESIAN_POINT('',(170.483574,-110.17383,1.585));
#2596 = LINE('',#2597,#2598);
#2597 = CARTESIAN_POINT('',(170.41971,-110.138312,1.585));
#2598 = VECTOR('',#2599,1.);
#2599 = DIRECTION('',(0.873936429068,-0.486040243136,0.));
#2600 = ORIENTED_EDGE('',*,*,#2601,.T.);
#2601 = EDGE_CURVE('',#2594,#2602,#2604,.T.);
#2602 = VERTEX_POINT('',#2603);
#2603 = CARTESIAN_POINT('',(170.519089,-110.213882,1.585));
#2604 = LINE('',#2605,#2606);
#2605 = CARTESIAN_POINT('',(170.483574,-110.17383,1.585));
#2606 = VECTOR('',#2607,1.);
#2607 = DIRECTION('',(0.663457770789,-0.748213730414,0.));
#2608 = ORIENTED_EDGE('',*,*,#2609,.T.);
#2609 = EDGE_CURVE('',#2602,#2610,#2612,.T.);
#2610 = VERTEX_POINT('',#2611);
#2611 = CARTESIAN_POINT('',(170.51295,-110.420549,1.585));
#2612 = CIRCLE('',#2613,0.170730845763);
#2613 = AXIS2_PLACEMENT_3D('',#2614,#2615,#2616);
#2614 = CARTESIAN_POINT('',(170.38020524525,-110.3131811659,1.585));
#2615 = DIRECTION('',(0.,0.,-1.));
#2616 = DIRECTION('',(0.813466097015,0.581612335673,0.));
#2617 = ORIENTED_EDGE('',*,*,#2618,.T.);
#2618 = EDGE_CURVE('',#2610,#2619,#2621,.T.);
#2619 = VERTEX_POINT('',#2620);
#2620 = CARTESIAN_POINT('',(170.467329,-110.464402,1.585));
#2621 = LINE('',#2622,#2623);
#2622 = CARTESIAN_POINT('',(170.51295,-110.420549,1.585));
#2623 = VECTOR('',#2624,1.);
#2624 = DIRECTION('',(-0.720938428654,-0.692999121277,0.));
#2625 = ORIENTED_EDGE('',*,*,#2626,.T.);
#2626 = EDGE_CURVE('',#2619,#2627,#2629,.T.);
#2627 = VERTEX_POINT('',#2628);
#2628 = CARTESIAN_POINT('',(170.405856,-110.492004,1.585));
#2629 = LINE('',#2630,#2631);
#2630 = CARTESIAN_POINT('',(170.467329,-110.464402,1.585));
#2631 = VECTOR('',#2632,1.);
#2632 = DIRECTION('',(-0.912259122145,-0.409613591161,0.));
#2633 = ORIENTED_EDGE('',*,*,#2634,.T.);
#2634 = EDGE_CURVE('',#2627,#2635,#2637,.T.);
#2635 = VERTEX_POINT('',#2636);
#2636 = CARTESIAN_POINT('',(170.262891,-110.492855,1.585));
#2637 = LINE('',#2638,#2639);
#2638 = CARTESIAN_POINT('',(170.405856,-110.492004,1.585));
#2639 = VECTOR('',#2640,1.);
#2640 = DIRECTION('',(-0.999982284308,-5.952400405396E-03,0.));
#2641 = ORIENTED_EDGE('',*,*,#2642,.T.);
#2642 = EDGE_CURVE('',#2635,#2643,#2645,.T.);
#2643 = VERTEX_POINT('',#2644);
#2644 = CARTESIAN_POINT('',(170.18152,-110.467793,1.585));
#2645 = LINE('',#2646,#2647);
#2646 = CARTESIAN_POINT('',(170.262891,-110.492855,1.585));
#2647 = VECTOR('',#2648,1.);
#2648 = DIRECTION('',(-0.955697201626,0.294351590458,0.));
#2649 = ORIENTED_EDGE('',*,*,#2650,.T.);
#2650 = EDGE_CURVE('',#2643,#2651,#2653,.T.);
#2651 = VERTEX_POINT('',#2652);
#2652 = CARTESIAN_POINT('',(170.221048,-110.349207,1.585));
#2653 = CIRCLE('',#2654,6.250020436785E-02);
#2654 = AXIS2_PLACEMENT_3D('',#2655,#2656,#2657);
#2655 = CARTESIAN_POINT('',(170.20128495966,-110.4085003198,1.585));
#2656 = DIRECTION('',(0.,0.,-1.));
#2657 = DIRECTION('',(-0.316238320568,-0.948679779802,-0.));
#2658 = ORIENTED_EDGE('',*,*,#2659,.T.);
#2659 = EDGE_CURVE('',#2651,#2660,#2662,.T.);
#2660 = VERTEX_POINT('',#2661);
#2661 = CARTESIAN_POINT('',(170.282855,-110.369809,1.585));
#2662 = LINE('',#2663,#2664);
#2663 = CARTESIAN_POINT('',(170.221048,-110.349207,1.585));
#2664 = VECTOR('',#2665,1.);
#2665 = DIRECTION('',(0.948684832954,-0.316223161268,0.));
#2666 = ORIENTED_EDGE('',*,*,#2667,.T.);
#2667 = EDGE_CURVE('',#2660,#2668,#2670,.T.);
#2668 = VERTEX_POINT('',#2669);
#2669 = CARTESIAN_POINT('',(170.377006,-110.369809,1.585));
#2670 = LINE('',#2671,#2672);
#2671 = CARTESIAN_POINT('',(170.282855,-110.369809,1.585));
#2672 = VECTOR('',#2673,1.);
#2673 = DIRECTION('',(1.,0.,0.));
#2674 = ORIENTED_EDGE('',*,*,#2675,.T.);
#2675 = EDGE_CURVE('',#2668,#2676,#2678,.T.);
#2676 = VERTEX_POINT('',#2677);
#2677 = CARTESIAN_POINT('',(170.411822,-110.347667,1.585));
#2678 = LINE('',#2679,#2680);
#2679 = CARTESIAN_POINT('',(170.377006,-110.369809,1.585));
#2680 = VECTOR('',#2681,1.);
#2681 = DIRECTION('',(0.843811149754,0.536640236611,0.));
#2682 = ORIENTED_EDGE('',*,*,#2683,.T.);
#2683 = EDGE_CURVE('',#2676,#2684,#2686,.T.);
#2684 = VERTEX_POINT('',#2685);
#2685 = CARTESIAN_POINT('',(170.424498,-110.322317,1.585));
#2686 = LINE('',#2687,#2688);
#2687 = CARTESIAN_POINT('',(170.411822,-110.347667,1.585));
#2688 = VECTOR('',#2689,1.);
#2689 = DIRECTION('',(0.447241821331,0.894413077528,0.));
#2690 = ORIENTED_EDGE('',*,*,#2691,.T.);
#2691 = EDGE_CURVE('',#2684,#2692,#2694,.T.);
#2692 = VERTEX_POINT('',#2693);
#2693 = CARTESIAN_POINT('',(170.424498,-110.304205,1.585));
#2694 = LINE('',#2695,#2696);
#2695 = CARTESIAN_POINT('',(170.424498,-110.322317,1.585));
#2696 = VECTOR('',#2697,1.);
#2697 = DIRECTION('',(0.,1.,0.));
#2698 = ORIENTED_EDGE('',*,*,#2699,.T.);
#2699 = EDGE_CURVE('',#2692,#2700,#2702,.T.);
#2700 = VERTEX_POINT('',#2701);
#2701 = CARTESIAN_POINT('',(170.402357,-110.269389,1.585));
#2702 = LINE('',#2703,#2704);
#2703 = CARTESIAN_POINT('',(170.424498,-110.304205,1.585));
#2704 = VECTOR('',#2705,1.);
#2705 = DIRECTION('',(-0.536622979608,0.843822124477,0.));
#2706 = ORIENTED_EDGE('',*,*,#2707,.T.);
#2707 = EDGE_CURVE('',#2700,#2708,#2710,.T.);
#2708 = VERTEX_POINT('',#2709);
#2709 = CARTESIAN_POINT('',(170.369946,-110.253184,1.585));
#2710 = LINE('',#2711,#2712);
#2711 = CARTESIAN_POINT('',(170.402357,-110.269389,1.585));
#2712 = VECTOR('',#2713,1.);
#2713 = DIRECTION('',(-0.894432710248,0.447202556834,0.));
#2714 = ORIENTED_EDGE('',*,*,#2715,.T.);
#2715 = EDGE_CURVE('',#2708,#2716,#2718,.T.);
#2716 = VERTEX_POINT('',#2717);
#2717 = CARTESIAN_POINT('',(170.268571,-110.226306,1.585));
#2718 = LINE('',#2719,#2720);
#2719 = CARTESIAN_POINT('',(170.369946,-110.253184,1.585));
#2720 = VECTOR('',#2721,1.);
#2721 = DIRECTION('',(-0.966602686569,0.256279625249,0.));
#2722 = ORIENTED_EDGE('',*,*,#2723,.T.);
#2723 = EDGE_CURVE('',#2716,#2724,#2726,.T.);
#2724 = VERTEX_POINT('',#2725);
#2725 = CARTESIAN_POINT('',(170.204709,-110.190789,1.585));
#2726 = LINE('',#2727,#2728);
#2727 = CARTESIAN_POINT('',(170.268571,-110.226306,1.585));
#2728 = VECTOR('',#2729,1.);
#2729 = DIRECTION('',(-0.873935776278,0.4860414169,0.));
#2730 = ORIENTED_EDGE('',*,*,#2731,.T.);
#2731 = EDGE_CURVE('',#2724,#2732,#2734,.T.);
#2732 = VERTEX_POINT('',#2733);
#2733 = CARTESIAN_POINT('',(170.169191,-110.150735,1.585));
#2734 = LINE('',#2735,#2736);
#2735 = CARTESIAN_POINT('',(170.204709,-110.190789,1.585));
#2736 = VECTOR('',#2737,1.);
#2737 = DIRECTION('',(-0.663470597297,0.748202356668,0.));
#2738 = ORIENTED_EDGE('',*,*,#2739,.T.);
#2739 = EDGE_CURVE('',#2732,#2740,#2742,.T.);
#2740 = VERTEX_POINT('',#2741);
#2741 = CARTESIAN_POINT('',(170.175333,-109.944063,1.585));
#2742 = CIRCLE('',#2743,0.170737266436);
#2743 = AXIS2_PLACEMENT_3D('',#2744,#2745,#2746);
#2744 = CARTESIAN_POINT('',(170.30808232904,-110.0514353883,1.585));
#2745 = DIRECTION('',(0.,0.,-1.));
#2746 = DIRECTION('',(-0.813479868477,-0.581593073878,-0.));
#2747 = ORIENTED_EDGE('',*,*,#2748,.T.);
#2748 = EDGE_CURVE('',#2740,#2495,#2749,.T.);
#2749 = LINE('',#2750,#2751);
#2750 = CARTESIAN_POINT('',(170.175333,-109.944063,1.585));
#2751 = VECTOR('',#2752,1.);
#2752 = DIRECTION('',(0.720986415487,0.692949196322,0.));
#2753 = PLANE('',#2754);
#2754 = AXIS2_PLACEMENT_3D('',#2755,#2756,#2757);
#2755 = CARTESIAN_POINT('',(0.,0.,1.585));
#2756 = DIRECTION('',(0.,0.,1.));
#2757 = DIRECTION('',(1.,0.,-0.));
#2758 = SHELL_BASED_SURFACE_MODEL('',(#2759));
#2759 = OPEN_SHELL('',(#2760));
#2760 = ADVANCED_FACE('',(#2761),#2855,.T.);
#2761 = FACE_BOUND('',#2762,.F.);
#2762 = EDGE_LOOP('',(#2763,#2774,#2782,#2790,#2799,#2807,#2815,#2824,
    #2832,#2841,#2849));
#2763 = ORIENTED_EDGE('',*,*,#2764,.T.);
#2764 = EDGE_CURVE('',#2765,#2767,#2769,.T.);
#2765 = VERTEX_POINT('',#2766);
#2766 = CARTESIAN_POINT('',(181.728516,-109.888115,1.585));
#2767 = VERTEX_POINT('',#2768);
#2768 = CARTESIAN_POINT('',(181.816904,-109.976503,1.585));
#2769 = CIRCLE('',#2770,6.24997541775E-02);
#2770 = AXIS2_PLACEMENT_3D('',#2771,#2772,#2773);
#2771 = CARTESIAN_POINT('',(181.77271035308,-109.9323086469,1.585));
#2772 = DIRECTION('',(0.,0.,-1.));
#2773 = DIRECTION('',(-0.707112430562,0.707101131766,-0.));
#2774 = ORIENTED_EDGE('',*,*,#2775,.T.);
#2775 = EDGE_CURVE('',#2767,#2776,#2778,.T.);
#2776 = VERTEX_POINT('',#2777);
#2777 = CARTESIAN_POINT('',(181.640947,-110.152459,1.585));
#2778 = LINE('',#2779,#2780);
#2779 = CARTESIAN_POINT('',(181.816904,-109.976503,1.585));
#2780 = VECTOR('',#2781,1.);
#2781 = DIRECTION('',(-0.707108790506,-0.707104771861,0.));
#2782 = ORIENTED_EDGE('',*,*,#2783,.T.);
#2783 = EDGE_CURVE('',#2776,#2784,#2786,.T.);
#2784 = VERTEX_POINT('',#2785);
#2785 = CARTESIAN_POINT('',(181.82271,-110.394809,1.585));
#2786 = LINE('',#2787,#2788);
#2787 = CARTESIAN_POINT('',(181.640947,-110.152459,1.585));
#2788 = VECTOR('',#2789,1.);
#2789 = DIRECTION('',(0.600001056322,-0.799999207757,0.));
#2790 = ORIENTED_EDGE('',*,*,#2791,.T.);
#2791 = EDGE_CURVE('',#2784,#2792,#2794,.T.);
#2792 = VERTEX_POINT('',#2793);
#2793 = CARTESIAN_POINT('',(181.72271,-110.469809,1.585));
#2794 = CIRCLE('',#2795,6.250000000513E-02);
#2795 = AXIS2_PLACEMENT_3D('',#2796,#2797,#2798);
#2796 = CARTESIAN_POINT('',(181.77270951936,-110.4323083591,1.585));
#2797 = DIRECTION('',(0.,0.,-1.));
#2798 = DIRECTION('',(0.800007690169,0.599989746305,0.));
#2799 = ORIENTED_EDGE('',*,*,#2800,.T.);
#2800 = EDGE_CURVE('',#2792,#2801,#2803,.T.);
#2801 = VERTEX_POINT('',#2802);
#2802 = CARTESIAN_POINT('',(181.551662,-110.241744,1.585));
#2803 = LINE('',#2804,#2805);
#2804 = CARTESIAN_POINT('',(181.72271,-110.469809,1.585));
#2805 = VECTOR('',#2806,1.);
#2806 = DIRECTION('',(-0.599998316266,0.800001262798,0.));
#2807 = ORIENTED_EDGE('',*,*,#2808,.T.);
#2808 = EDGE_CURVE('',#2801,#2809,#2811,.T.);
#2809 = VERTEX_POINT('',#2810);
#2810 = CARTESIAN_POINT('',(181.549496,-110.432309,1.585));
#2811 = LINE('',#2812,#2813);
#2812 = CARTESIAN_POINT('',(181.551662,-110.241744,1.585));
#2813 = VECTOR('',#2814,1.);
#2814 = DIRECTION('',(-1.136546637744E-02,-0.999935411001,0.));
#2815 = ORIENTED_EDGE('',*,*,#2816,.T.);
#2816 = EDGE_CURVE('',#2809,#2817,#2819,.T.);
#2817 = VERTEX_POINT('',#2818);
#2818 = CARTESIAN_POINT('',(181.424496,-110.432309,1.585));
#2819 = CIRCLE('',#2820,6.250000000099E-02);
#2820 = AXIS2_PLACEMENT_3D('',#2821,#2822,#2823);
#2821 = CARTESIAN_POINT('',(181.486996,-110.4323086474,1.585));
#2822 = DIRECTION('',(-0.,0.,-1.));
#2823 = DIRECTION('',(0.999999999984,-5.640539029538E-06,-0.));
#2824 = ORIENTED_EDGE('',*,*,#2825,.T.);
#2825 = EDGE_CURVE('',#2817,#2826,#2828,.T.);
#2826 = VERTEX_POINT('',#2827);
#2827 = CARTESIAN_POINT('',(181.424496,-109.932309,1.585));
#2828 = LINE('',#2829,#2830);
#2829 = CARTESIAN_POINT('',(181.424496,-110.432309,1.585));
#2830 = VECTOR('',#2831,1.);
#2831 = DIRECTION('',(0.,1.,0.));
#2832 = ORIENTED_EDGE('',*,*,#2833,.T.);
#2833 = EDGE_CURVE('',#2826,#2834,#2836,.T.);
#2834 = VERTEX_POINT('',#2835);
#2835 = CARTESIAN_POINT('',(181.549496,-109.932309,1.585));
#2836 = CIRCLE('',#2837,6.250000000099E-02);
#2837 = AXIS2_PLACEMENT_3D('',#2838,#2839,#2840);
#2838 = CARTESIAN_POINT('',(181.486996,-109.9323093525,1.585));
#2839 = DIRECTION('',(0.,0.,-1.));
#2840 = DIRECTION('',(-0.999999999984,5.640538802167E-06,0.));
#2841 = ORIENTED_EDGE('',*,*,#2842,.T.);
#2842 = EDGE_CURVE('',#2834,#2843,#2845,.T.);
#2843 = VERTEX_POINT('',#2844);
#2844 = CARTESIAN_POINT('',(181.549496,-110.067135,1.585));
#2845 = LINE('',#2846,#2847);
#2846 = CARTESIAN_POINT('',(181.549496,-109.932309,1.585));
#2847 = VECTOR('',#2848,1.);
#2848 = DIRECTION('',(0.,-1.,0.));
#2849 = ORIENTED_EDGE('',*,*,#2850,.T.);
#2850 = EDGE_CURVE('',#2843,#2765,#2851,.T.);
#2851 = LINE('',#2852,#2853);
#2852 = CARTESIAN_POINT('',(181.549496,-110.067135,1.585));
#2853 = VECTOR('',#2854,1.);
#2854 = DIRECTION('',(0.707106781187,0.707106781187,0.));
#2855 = PLANE('',#2856);
#2856 = AXIS2_PLACEMENT_3D('',#2857,#2858,#2859);
#2857 = CARTESIAN_POINT('',(0.,0.,1.585));
#2858 = DIRECTION('',(0.,0.,1.));
#2859 = DIRECTION('',(1.,0.,-0.));
#2860 = SHELL_BASED_SURFACE_MODEL('',(#2861));
#2861 = OPEN_SHELL('',(#2862));
#2862 = ADVANCED_FACE('',(#2863,#2998,#3081),#3148,.T.);
#2863 = FACE_BOUND('',#2864,.F.);
#2864 = EDGE_LOOP('',(#2865,#2875,#2883,#2892,#2900,#2908,#2916,#2924,
    #2932,#2941,#2949,#2958,#2966,#2975,#2983,#2992));
#2865 = ORIENTED_EDGE('',*,*,#2866,.T.);
#2866 = EDGE_CURVE('',#2867,#2869,#2871,.T.);
#2867 = VERTEX_POINT('',#2868);
#2868 = CARTESIAN_POINT('',(171.649523,-109.900218,1.585));
#2869 = VERTEX_POINT('',#2870);
#2870 = CARTESIAN_POINT('',(171.711,-109.872612,1.585));
#2871 = LINE('',#2872,#2873);
#2872 = CARTESIAN_POINT('',(171.649523,-109.900218,1.585));
#2873 = VECTOR('',#2874,1.);
#2874 = DIRECTION('',(0.912246901044,0.409640807948,0.));
#2875 = ORIENTED_EDGE('',*,*,#2876,.T.);
#2876 = EDGE_CURVE('',#2869,#2877,#2879,.T.);
#2877 = VERTEX_POINT('',#2878);
#2878 = CARTESIAN_POINT('',(171.823402,-109.87042,1.585));
#2879 = LINE('',#2880,#2881);
#2880 = CARTESIAN_POINT('',(171.711,-109.872612,1.585));
#2881 = VECTOR('',#2882,1.);
#2882 = DIRECTION('',(0.999809901288,1.949772516176E-02,0.));
#2883 = ORIENTED_EDGE('',*,*,#2884,.T.);
#2884 = EDGE_CURVE('',#2877,#2885,#2887,.T.);
#2885 = VERTEX_POINT('',#2886);
#2886 = CARTESIAN_POINT('',(171.94766,-109.951977,1.585));
#2887 = CIRCLE('',#2888,0.184759687064);
#2888 = AXIS2_PLACEMENT_3D('',#2889,#2890,#2891);
#2889 = CARTESIAN_POINT('',(171.79271320409,-110.0526131386,1.585));
#2890 = DIRECTION('',(0.,0.,-1.));
#2891 = DIRECTION('',(0.166101146827,0.986108720691,0.));
#2892 = ORIENTED_EDGE('',*,*,#2893,.T.);
#2893 = EDGE_CURVE('',#2885,#2894,#2896,.T.);
#2894 = VERTEX_POINT('',#2895);
#2895 = CARTESIAN_POINT('',(171.975265,-110.013454,1.585));
#2896 = LINE('',#2897,#2898);
#2897 = CARTESIAN_POINT('',(171.94766,-109.951977,1.585));
#2898 = VECTOR('',#2899,1.);
#2899 = DIRECTION('',(0.409628459042,-0.91225244617,0.));
#2900 = ORIENTED_EDGE('',*,*,#2901,.T.);
#2901 = EDGE_CURVE('',#2894,#2902,#2904,.T.);
#2902 = VERTEX_POINT('',#2903);
#2903 = CARTESIAN_POINT('',(171.975265,-110.065449,1.585));
#2904 = LINE('',#2905,#2906);
#2905 = CARTESIAN_POINT('',(171.975265,-110.013454,1.585));
#2906 = VECTOR('',#2907,1.);
#2907 = DIRECTION('',(0.,-1.,0.));
#2908 = ORIENTED_EDGE('',*,*,#2909,.T.);
#2909 = EDGE_CURVE('',#2902,#2910,#2912,.T.);
#2910 = VERTEX_POINT('',#2911);
#2911 = CARTESIAN_POINT('',(171.941519,-110.134838,1.585));
#2912 = LINE('',#2913,#2914);
#2913 = CARTESIAN_POINT('',(171.975265,-110.065449,1.585));
#2914 = VECTOR('',#2915,1.);
#2915 = DIRECTION('',(-0.437352419531,-0.899290198507,0.));
#2916 = ORIENTED_EDGE('',*,*,#2917,.T.);
#2917 = EDGE_CURVE('',#2910,#2918,#2920,.T.);
#2918 = VERTEX_POINT('',#2919);
#2919 = CARTESIAN_POINT('',(171.932528,-110.146594,1.585));
#2920 = LINE('',#2921,#2922);
#2921 = CARTESIAN_POINT('',(171.941519,-110.134838,1.585));
#2922 = VECTOR('',#2923,1.);
#2923 = DIRECTION('',(-0.607497757666,-0.794321392404,0.));
#2924 = ORIENTED_EDGE('',*,*,#2925,.T.);
#2925 = EDGE_CURVE('',#2918,#2926,#2928,.T.);
#2926 = VERTEX_POINT('',#2927);
#2927 = CARTESIAN_POINT('',(171.94766,-110.166263,1.585));
#2928 = LINE('',#2929,#2930);
#2929 = CARTESIAN_POINT('',(171.932528,-110.146594,1.585));
#2930 = VECTOR('',#2931,1.);
#2931 = DIRECTION('',(0.609761391947,-0.792585039532,0.));
#2932 = ORIENTED_EDGE('',*,*,#2933,.T.);
#2933 = EDGE_CURVE('',#2926,#2934,#2936,.T.);
#2934 = VERTEX_POINT('',#2935);
#2935 = CARTESIAN_POINT('',(171.941521,-110.420549,1.585));
#2936 = CIRCLE('',#2937,0.226799024235);
#2937 = AXIS2_PLACEMENT_3D('',#2938,#2939,#2940);
#2938 = CARTESIAN_POINT('',(171.75686066131,-110.288873806,1.585));
#2939 = DIRECTION('',(0.,0.,-1.));
#2940 = DIRECTION('',(0.841270544826,0.540614345359,0.));
#2941 = ORIENTED_EDGE('',*,*,#2942,.T.);
#2942 = EDGE_CURVE('',#2934,#2943,#2945,.T.);
#2943 = VERTEX_POINT('',#2944);
#2944 = CARTESIAN_POINT('',(171.8959,-110.464402,1.585));
#2945 = LINE('',#2946,#2947);
#2946 = CARTESIAN_POINT('',(171.941521,-110.420549,1.585));
#2947 = VECTOR('',#2948,1.);
#2948 = DIRECTION('',(-0.720938428654,-0.692999121277,0.));
#2949 = ORIENTED_EDGE('',*,*,#2950,.T.);
#2950 = EDGE_CURVE('',#2943,#2951,#2953,.T.);
#2951 = VERTEX_POINT('',#2952);
#2952 = CARTESIAN_POINT('',(171.641606,-110.458257,1.585));
#2953 = CIRCLE('',#2954,0.226810226138);
#2954 = AXIS2_PLACEMENT_3D('',#2955,#2956,#2957);
#2955 = CARTESIAN_POINT('',(171.77328973856,-110.273588996,1.585));
#2956 = DIRECTION('',(-0.,0.,-1.));
#2957 = DIRECTION('',(0.540585243984,-0.841289245139,-0.));
#2958 = ORIENTED_EDGE('',*,*,#2959,.T.);
#2959 = EDGE_CURVE('',#2951,#2960,#2962,.T.);
#2960 = VERTEX_POINT('',#2961);
#2961 = CARTESIAN_POINT('',(171.597762,-110.41264,1.585));
#2962 = LINE('',#2963,#2964);
#2963 = CARTESIAN_POINT('',(171.641606,-110.458257,1.585));
#2964 = VECTOR('',#2965,1.);
#2965 = DIRECTION('',(-0.692956773108,0.720979133265,0.));
#2966 = ORIENTED_EDGE('',*,*,#2967,.T.);
#2967 = EDGE_CURVE('',#2960,#2968,#2970,.T.);
#2968 = VERTEX_POINT('',#2969);
#2969 = CARTESIAN_POINT('',(171.612895,-110.146594,1.585));
#2970 = CIRCLE('',#2971,0.225243736548);
#2971 = AXIS2_PLACEMENT_3D('',#2972,#2973,#2974);
#2972 = CARTESIAN_POINT('',(171.78664590478,-110.2899305408,1.585));
#2973 = DIRECTION('',(0.,0.,-1.));
#2974 = DIRECTION('',(-0.83857561449,-0.544785222618,-0.));
#2975 = ORIENTED_EDGE('',*,*,#2976,.T.);
#2976 = EDGE_CURVE('',#2968,#2977,#2979,.T.);
#2977 = VERTEX_POINT('',#2978);
#2978 = CARTESIAN_POINT('',(171.597762,-110.126926,1.585));
#2979 = LINE('',#2980,#2981);
#2980 = CARTESIAN_POINT('',(171.612895,-110.146594,1.585));
#2981 = VECTOR('',#2982,1.);
#2982 = DIRECTION('',(-0.609806179624,0.792550580905,0.));
#2983 = ORIENTED_EDGE('',*,*,#2984,.T.);
#2984 = EDGE_CURVE('',#2977,#2985,#2987,.T.);
#2985 = VERTEX_POINT('',#2986);
#2986 = CARTESIAN_POINT('',(171.603904,-109.944063,1.585));
#2987 = CIRCLE('',#2988,0.143167917012);
#2988 = AXIS2_PLACEMENT_3D('',#2989,#2990,#2991);
#2989 = CARTESIAN_POINT('',(171.71089768788,-110.0391913512,1.585));
#2990 = DIRECTION('',(0.,0.,-1.));
#2991 = DIRECTION('',(-0.790230732172,-0.612809423827,-0.));
#2992 = ORIENTED_EDGE('',*,*,#2993,.T.);
#2993 = EDGE_CURVE('',#2985,#2867,#2994,.T.);
#2994 = LINE('',#2995,#2996);
#2995 = CARTESIAN_POINT('',(171.603904,-109.944063,1.585));
#2996 = VECTOR('',#2997,1.);
#2997 = DIRECTION('',(0.720986415487,0.692949196322,0.));
#2998 = FACE_BOUND('',#2999,.F.);
#2999 = EDGE_LOOP('',(#3000,#3011,#3019,#3027,#3035,#3043,#3051,#3059,
    #3067,#3075));
#3000 = ORIENTED_EDGE('',*,*,#3001,.T.);
#3001 = EDGE_CURVE('',#3002,#3004,#3006,.T.);
#3002 = VERTEX_POINT('',#3003);
#3003 = CARTESIAN_POINT('',(171.830928,-110.22177,1.585));
#3004 = VERTEX_POINT('',#3005);
#3005 = CARTESIAN_POINT('',(171.714495,-110.22177,1.585));
#3006 = CIRCLE('',#3007,0.102819451608);
#3007 = AXIS2_PLACEMENT_3D('',#3008,#3009,#3010);
#3008 = CARTESIAN_POINT('',(171.7727115,-110.3065206858,1.585));
#3009 = DIRECTION('',(0.,0.,1.));
#3010 = DIRECTION('',(0.566201230307,0.824267048231,-0.));
#3011 = ORIENTED_EDGE('',*,*,#3012,.T.);
#3012 = EDGE_CURVE('',#3004,#3013,#3015,.T.);
#3013 = VERTEX_POINT('',#3014);
#3014 = CARTESIAN_POINT('',(171.692355,-110.256587,1.585));
#3015 = LINE('',#3016,#3017);
#3016 = CARTESIAN_POINT('',(171.714495,-110.22177,1.585));
#3017 = VECTOR('',#3018,1.);
#3018 = DIRECTION('',(-0.53659474749,-0.843840077838,0.));
#3019 = ORIENTED_EDGE('',*,*,#3020,.T.);
#3020 = EDGE_CURVE('',#3013,#3021,#3023,.T.);
#3021 = VERTEX_POINT('',#3022);
#3022 = CARTESIAN_POINT('',(171.692355,-110.322317,1.585));
#3023 = LINE('',#3024,#3025);
#3024 = CARTESIAN_POINT('',(171.692355,-110.256587,1.585));
#3025 = VECTOR('',#3026,1.);
#3026 = DIRECTION('',(0.,-1.,0.));
#3027 = ORIENTED_EDGE('',*,*,#3028,.T.);
#3028 = EDGE_CURVE('',#3021,#3029,#3031,.T.);
#3029 = VERTEX_POINT('',#3030);
#3030 = CARTESIAN_POINT('',(171.714495,-110.357133,1.585));
#3031 = LINE('',#3032,#3033);
#3032 = CARTESIAN_POINT('',(171.692355,-110.322317,1.585));
#3033 = VECTOR('',#3034,1.);
#3034 = DIRECTION('',(0.536605721932,-0.843833099132,0.));
#3035 = ORIENTED_EDGE('',*,*,#3036,.T.);
#3036 = EDGE_CURVE('',#3029,#3037,#3039,.T.);
#3037 = VERTEX_POINT('',#3038);
#3038 = CARTESIAN_POINT('',(171.739847,-110.369809,1.585));
#3039 = LINE('',#3040,#3041);
#3040 = CARTESIAN_POINT('',(171.714495,-110.357133,1.585));
#3041 = VECTOR('',#3042,1.);
#3042 = DIRECTION('',(0.894427191,-0.4472135955,0.));
#3043 = ORIENTED_EDGE('',*,*,#3044,.T.);
#3044 = EDGE_CURVE('',#3037,#3045,#3047,.T.);
#3045 = VERTEX_POINT('',#3046);
#3046 = CARTESIAN_POINT('',(171.805577,-110.369809,1.585));
#3047 = LINE('',#3048,#3049);
#3048 = CARTESIAN_POINT('',(171.739847,-110.369809,1.585));
#3049 = VECTOR('',#3050,1.);
#3050 = DIRECTION('',(1.,0.,0.));
#3051 = ORIENTED_EDGE('',*,*,#3052,.T.);
#3052 = EDGE_CURVE('',#3045,#3053,#3055,.T.);
#3053 = VERTEX_POINT('',#3054);
#3054 = CARTESIAN_POINT('',(171.840393,-110.347667,1.585));
#3055 = LINE('',#3056,#3057);
#3056 = CARTESIAN_POINT('',(171.805577,-110.369809,1.585));
#3057 = VECTOR('',#3058,1.);
#3058 = DIRECTION('',(0.843811149754,0.536640236611,0.));
#3059 = ORIENTED_EDGE('',*,*,#3060,.T.);
#3060 = EDGE_CURVE('',#3053,#3061,#3063,.T.);
#3061 = VERTEX_POINT('',#3062);
#3062 = CARTESIAN_POINT('',(171.853069,-110.322317,1.585));
#3063 = LINE('',#3064,#3065);
#3064 = CARTESIAN_POINT('',(171.840393,-110.347667,1.585));
#3065 = VECTOR('',#3066,1.);
#3066 = DIRECTION('',(0.447241821331,0.894413077528,0.));
#3067 = ORIENTED_EDGE('',*,*,#3068,.T.);
#3068 = EDGE_CURVE('',#3061,#3069,#3071,.T.);
#3069 = VERTEX_POINT('',#3070);
#3070 = CARTESIAN_POINT('',(171.853069,-110.256586,1.585));
#3071 = LINE('',#3072,#3073);
#3072 = CARTESIAN_POINT('',(171.853069,-110.322317,1.585));
#3073 = VECTOR('',#3074,1.);
#3074 = DIRECTION('',(0.,1.,0.));
#3075 = ORIENTED_EDGE('',*,*,#3076,.T.);
#3076 = EDGE_CURVE('',#3069,#3002,#3077,.T.);
#3077 = LINE('',#3078,#3079);
#3078 = CARTESIAN_POINT('',(171.853069,-110.256586,1.585));
#3079 = VECTOR('',#3080,1.);
#3080 = DIRECTION('',(-0.536622979608,0.843822124477,0.));
#3081 = FACE_BOUND('',#3082,.F.);
#3082 = EDGE_LOOP('',(#3083,#3094,#3102,#3110,#3118,#3126,#3134,#3142));
#3083 = ORIENTED_EDGE('',*,*,#3084,.T.);
#3084 = EDGE_CURVE('',#3085,#3087,#3089,.T.);
#3085 = VERTEX_POINT('',#3086);
#3086 = CARTESIAN_POINT('',(171.830928,-110.007485,1.585));
#3087 = VERTEX_POINT('',#3088);
#3088 = CARTESIAN_POINT('',(171.714496,-110.007484,1.585));
#3089 = CIRCLE('',#3090,0.102812457798);
#3090 = AXIS2_PLACEMENT_3D('',#3091,#3092,#3093);
#3091 = CARTESIAN_POINT('',(171.77271127217,-110.0922270443,1.585));
#3092 = DIRECTION('',(0.,0.,1.));
#3093 = DIRECTION('',(0.566241962069,0.8242390675,-0.));
#3094 = ORIENTED_EDGE('',*,*,#3095,.T.);
#3095 = EDGE_CURVE('',#3087,#3096,#3098,.T.);
#3096 = VERTEX_POINT('',#3097);
#3097 = CARTESIAN_POINT('',(171.693779,-110.039452,1.585));
#3098 = LINE('',#3099,#3100);
#3099 = CARTESIAN_POINT('',(171.714496,-110.007484,1.585));
#3100 = VECTOR('',#3101,1.);
#3101 = DIRECTION('',(-0.543839997154,-0.839188928368,0.));
#3102 = ORIENTED_EDGE('',*,*,#3103,.T.);
#3103 = EDGE_CURVE('',#3096,#3104,#3106,.T.);
#3104 = VERTEX_POINT('',#3105);
#3105 = CARTESIAN_POINT('',(171.714496,-110.071419,1.585));
#3106 = LINE('',#3107,#3108);
#3107 = CARTESIAN_POINT('',(171.693779,-110.039452,1.585));
#3108 = VECTOR('',#3109,1.);
#3109 = DIRECTION('',(0.543851977868,-0.839181164093,0.));
#3110 = ORIENTED_EDGE('',*,*,#3111,.T.);
#3111 = EDGE_CURVE('',#3104,#3112,#3114,.T.);
#3112 = VERTEX_POINT('',#3113);
#3113 = CARTESIAN_POINT('',(171.739846,-110.084095,1.585));
#3114 = LINE('',#3115,#3116);
#3115 = CARTESIAN_POINT('',(171.714496,-110.071419,1.585));
#3116 = VECTOR('',#3117,1.);
#3117 = DIRECTION('',(0.894413077528,-0.447241821331,0.));
#3118 = ORIENTED_EDGE('',*,*,#3119,.T.);
#3119 = EDGE_CURVE('',#3112,#3120,#3122,.T.);
#3120 = VERTEX_POINT('',#3121);
#3121 = CARTESIAN_POINT('',(171.805577,-110.084095,1.585));
#3122 = LINE('',#3123,#3124);
#3123 = CARTESIAN_POINT('',(171.739846,-110.084095,1.585));
#3124 = VECTOR('',#3125,1.);
#3125 = DIRECTION('',(1.,0.,0.));
#3126 = ORIENTED_EDGE('',*,*,#3127,.T.);
#3127 = EDGE_CURVE('',#3120,#3128,#3130,.T.);
#3128 = VERTEX_POINT('',#3129);
#3129 = CARTESIAN_POINT('',(171.840394,-110.061952,1.585));
#3130 = LINE('',#3131,#3132);
#3131 = CARTESIAN_POINT('',(171.805577,-110.084095,1.585));
#3132 = VECTOR('',#3133,1.);
#3133 = DIRECTION('',(0.843807154746,0.536646518297,0.));
#3134 = ORIENTED_EDGE('',*,*,#3135,.T.);
#3135 = EDGE_CURVE('',#3128,#3136,#3138,.T.);
#3136 = VERTEX_POINT('',#3137);
#3137 = CARTESIAN_POINT('',(171.851644,-110.039452,1.585));
#3138 = LINE('',#3139,#3140);
#3139 = CARTESIAN_POINT('',(171.840394,-110.061952,1.585));
#3140 = VECTOR('',#3141,1.);
#3141 = DIRECTION('',(0.4472135955,0.894427191,0.));
#3142 = ORIENTED_EDGE('',*,*,#3143,.T.);
#3143 = EDGE_CURVE('',#3136,#3085,#3144,.T.);
#3144 = LINE('',#3145,#3146);
#3145 = CARTESIAN_POINT('',(171.851644,-110.039452,1.585));
#3146 = VECTOR('',#3147,1.);
#3147 = DIRECTION('',(-0.543833490521,0.839193144984,0.));
#3148 = PLANE('',#3149);
#3149 = AXIS2_PLACEMENT_3D('',#3150,#3151,#3152);
#3150 = CARTESIAN_POINT('',(0.,0.,1.585));
#3151 = DIRECTION('',(0.,0.,1.));
#3152 = DIRECTION('',(1.,0.,-0.));
#3153 = SHELL_BASED_SURFACE_MODEL('',(#3154));
#3154 = OPEN_SHELL('',(#3155));
#3155 = ADVANCED_FACE('',(#3156,#3258),#3328,.T.);
#3156 = FACE_BOUND('',#3157,.F.);
#3157 = EDGE_LOOP('',(#3158,#3169,#3177,#3185,#3194,#3202,#3210,#3219,
    #3227,#3235,#3244,#3252));
#3158 = ORIENTED_EDGE('',*,*,#3159,.T.);
#3159 = EDGE_CURVE('',#3160,#3162,#3164,.T.);
#3160 = VERTEX_POINT('',#3161);
#3161 = CARTESIAN_POINT('',(173.24476,-109.900218,1.585));
#3162 = VERTEX_POINT('',#3163);
#3163 = CARTESIAN_POINT('',(173.459761,-109.911924,1.585));
#3164 = CIRCLE('',#3165,0.173535948151);
#3165 = AXIS2_PLACEMENT_3D('',#3166,#3167,#3168);
#3166 = CARTESIAN_POINT('',(173.34486114336,-110.0419730224,1.585));
#3167 = DIRECTION('',(0.,0.,-1.));
#3168 = DIRECTION('',(-0.576832318808,0.816862580841,0.));
#3169 = ORIENTED_EDGE('',*,*,#3170,.T.);
#3170 = EDGE_CURVE('',#3162,#3171,#3173,.T.);
#3171 = VERTEX_POINT('',#3172);
#3172 = CARTESIAN_POINT('',(173.49528,-109.951978,1.585));
#3173 = LINE('',#3174,#3175);
#3174 = CARTESIAN_POINT('',(173.459761,-109.911924,1.585));
#3175 = VECTOR('',#3176,1.);
#3176 = DIRECTION('',(0.663481054204,-0.748193083844,0.));
#3177 = ORIENTED_EDGE('',*,*,#3178,.T.);
#3178 = EDGE_CURVE('',#3171,#3179,#3181,.T.);
#3179 = VERTEX_POINT('',#3180);
#3180 = CARTESIAN_POINT('',(173.523821,-110.012388,1.585));
#3181 = LINE('',#3182,#3183);
#3182 = CARTESIAN_POINT('',(173.49528,-109.951978,1.585));
#3183 = VECTOR('',#3184,1.);
#3184 = DIRECTION('',(0.427178311668,-0.904167401558,0.));
#3185 = ORIENTED_EDGE('',*,*,#3186,.T.);
#3186 = EDGE_CURVE('',#3179,#3187,#3189,.T.);
#3187 = VERTEX_POINT('',#3188);
#3188 = CARTESIAN_POINT('',(173.519089,-110.365022,1.585));
#3189 = CIRCLE('',#3190,0.509510201614);
#3190 = AXIS2_PLACEMENT_3D('',#3191,#3192,#3193);
#3191 = CARTESIAN_POINT('',(173.04347359532,-110.1822909616,1.585));
#3192 = DIRECTION('',(0.,0.,-1.));
#3193 = DIRECTION('',(0.942763075506,0.333463316516,0.));
#3194 = ORIENTED_EDGE('',*,*,#3195,.T.);
#3195 = EDGE_CURVE('',#3187,#3196,#3198,.T.);
#3196 = VERTEX_POINT('',#3197);
#3197 = CARTESIAN_POINT('',(173.483572,-110.428884,1.585));
#3198 = LINE('',#3199,#3200);
#3199 = CARTESIAN_POINT('',(173.519089,-110.365022,1.585));
#3200 = VECTOR('',#3201,1.);
#3201 = DIRECTION('',(-0.4860414169,-0.873935776278,0.));
#3202 = ORIENTED_EDGE('',*,*,#3203,.T.);
#3203 = EDGE_CURVE('',#3196,#3204,#3206,.T.);
#3204 = VERTEX_POINT('',#3205);
#3205 = CARTESIAN_POINT('',(173.443518,-110.464402,1.585));
#3206 = LINE('',#3207,#3208);
#3207 = CARTESIAN_POINT('',(173.483572,-110.428884,1.585));
#3208 = VECTOR('',#3209,1.);
#3209 = DIRECTION('',(-0.748202356667,-0.663470597297,0.));
#3210 = ORIENTED_EDGE('',*,*,#3211,.T.);
#3211 = EDGE_CURVE('',#3204,#3212,#3214,.T.);
#3212 = VERTEX_POINT('',#3213);
#3213 = CARTESIAN_POINT('',(173.236843,-110.458257,1.585));
#3214 = CIRCLE('',#3215,0.170740944012);
#3215 = AXIS2_PLACEMENT_3D('',#3216,#3217,#3218);
#3216 = CARTESIAN_POINT('',(173.34421890203,-110.3255057829,1.585));
#3217 = DIRECTION('',(-0.,0.,-1.));
#3218 = DIRECTION('',(0.581577538633,-0.813490975093,-0.));
#3219 = ORIENTED_EDGE('',*,*,#3220,.T.);
#3220 = EDGE_CURVE('',#3212,#3221,#3223,.T.);
#3221 = VERTEX_POINT('',#3222);
#3222 = CARTESIAN_POINT('',(173.193001,-110.412641,1.585));
#3223 = LINE('',#3224,#3225);
#3224 = CARTESIAN_POINT('',(173.236843,-110.458257,1.585));
#3225 = VECTOR('',#3226,1.);
#3226 = DIRECTION('',(-0.692948237818,0.720987336716,0.));
#3227 = ORIENTED_EDGE('',*,*,#3228,.T.);
#3228 = EDGE_CURVE('',#3221,#3229,#3231,.T.);
#3229 = VERTEX_POINT('',#3230);
#3230 = CARTESIAN_POINT('',(173.164458,-110.352229,1.585));
#3231 = LINE('',#3232,#3233);
#3232 = CARTESIAN_POINT('',(173.193001,-110.412641,1.585));
#3233 = VECTOR('',#3234,1.);
#3234 = DIRECTION('',(-0.427191221142,0.904161302302,0.));
#3235 = ORIENTED_EDGE('',*,*,#3236,.T.);
#3236 = EDGE_CURVE('',#3229,#3237,#3239,.T.);
#3237 = VERTEX_POINT('',#3238);
#3238 = CARTESIAN_POINT('',(173.169191,-109.999596,1.585));
#3239 = CIRCLE('',#3240,0.509517885566);
#3240 = AXIS2_PLACEMENT_3D('',#3241,#3242,#3243);
#3241 = CARTESIAN_POINT('',(173.64481425749,-110.1823280241,1.585));
#3242 = DIRECTION('',(0.,0.,-1.));
#3243 = DIRECTION('',(-0.942766232746,-0.333454390274,-0.));
#3244 = ORIENTED_EDGE('',*,*,#3245,.T.);
#3245 = EDGE_CURVE('',#3237,#3246,#3248,.T.);
#3246 = VERTEX_POINT('',#3247);
#3247 = CARTESIAN_POINT('',(173.204708,-109.935734,1.585));
#3248 = LINE('',#3249,#3250);
#3249 = CARTESIAN_POINT('',(173.169191,-109.999596,1.585));
#3250 = VECTOR('',#3251,1.);
#3251 = DIRECTION('',(0.4860414169,0.873935776278,0.));
#3252 = ORIENTED_EDGE('',*,*,#3253,.T.);
#3253 = EDGE_CURVE('',#3246,#3160,#3254,.T.);
#3254 = LINE('',#3255,#3256);
#3255 = CARTESIAN_POINT('',(173.204708,-109.935734,1.585));
#3256 = VECTOR('',#3257,1.);
#3257 = DIRECTION('',(0.748204457025,0.663468228695,0.));
#3258 = FACE_BOUND('',#3259,.F.);
#3259 = EDGE_LOOP('',(#3260,#3271,#3279,#3288,#3296,#3305,#3313,#3322));
#3260 = ORIENTED_EDGE('',*,*,#3261,.T.);
#3261 = EDGE_CURVE('',#3262,#3264,#3266,.T.);
#3262 = VERTEX_POINT('',#3263);
#3263 = CARTESIAN_POINT('',(173.388012,-110.01695,1.585));
#3264 = VERTEX_POINT('',#3265);
#3265 = CARTESIAN_POINT('',(173.300268,-110.016949,1.585));
#3266 = CIRCLE('',#3267,5.345746450177E-02);
#3267 = AXIS2_PLACEMENT_3D('',#3268,#3269,#3270);
#3268 = CARTESIAN_POINT('',(173.34413965189,-110.0474936995,1.585));
#3269 = DIRECTION('',(0.,0.,1.));
#3270 = DIRECTION('',(0.820696389452,0.571364538925,-0.));
#3271 = ORIENTED_EDGE('',*,*,#3272,.T.);
#3272 = EDGE_CURVE('',#3264,#3273,#3275,.T.);
#3273 = VERTEX_POINT('',#3274);
#3274 = CARTESIAN_POINT('',(173.284062,-110.049359,1.585));
#3275 = LINE('',#3276,#3277);
#3276 = CARTESIAN_POINT('',(173.300268,-110.016949,1.585));
#3277 = VECTOR('',#3278,1.);
#3278 = DIRECTION('',(-0.447235672899,-0.89441615196,0.));
#3279 = ORIENTED_EDGE('',*,*,#3280,.T.);
#3280 = EDGE_CURVE('',#3273,#3281,#3283,.T.);
#3281 = VERTEX_POINT('',#3282);
#3282 = CARTESIAN_POINT('',(173.284062,-110.315258,1.585));
#3283 = CIRCLE('',#3284,0.383234250239);
#3284 = AXIS2_PLACEMENT_3D('',#3285,#3286,#3287);
#3285 = CARTESIAN_POINT('',(173.64349616783,-110.1823085,1.585));
#3286 = DIRECTION('',(0.,0.,1.));
#3287 = DIRECTION('',(-0.937896776212,0.346914452237,0.));
#3288 = ORIENTED_EDGE('',*,*,#3289,.T.);
#3289 = EDGE_CURVE('',#3281,#3290,#3292,.T.);
#3290 = VERTEX_POINT('',#3291);
#3291 = CARTESIAN_POINT('',(173.300268,-110.347669,1.585));
#3292 = LINE('',#3293,#3294);
#3293 = CARTESIAN_POINT('',(173.284062,-110.315258,1.585));
#3294 = VECTOR('',#3295,1.);
#3295 = DIRECTION('',(0.447224633961,-0.894421671684,0.));
#3296 = ORIENTED_EDGE('',*,*,#3297,.T.);
#3297 = EDGE_CURVE('',#3290,#3298,#3300,.T.);
#3298 = VERTEX_POINT('',#3299);
#3299 = CARTESIAN_POINT('',(173.388011,-110.347668,1.585));
#3300 = CIRCLE('',#3301,5.345683861837E-02);
#3301 = AXIS2_PLACEMENT_3D('',#3302,#3303,#3304);
#3302 = CARTESIAN_POINT('',(173.34413915189,-110.3171246776,1.585));
#3303 = DIRECTION('',(0.,0.,1.));
#3304 = DIRECTION('',(-0.820683621186,-0.571382878564,0.));
#3305 = ORIENTED_EDGE('',*,*,#3306,.T.);
#3306 = EDGE_CURVE('',#3298,#3307,#3309,.T.);
#3307 = VERTEX_POINT('',#3308);
#3308 = CARTESIAN_POINT('',(173.404216,-110.315258,1.585));
#3309 = LINE('',#3310,#3311);
#3310 = CARTESIAN_POINT('',(173.388011,-110.347668,1.585));
#3311 = VECTOR('',#3312,1.);
#3312 = DIRECTION('',(0.4472135955,0.894427191,0.));
#3313 = ORIENTED_EDGE('',*,*,#3314,.T.);
#3314 = EDGE_CURVE('',#3307,#3315,#3317,.T.);
#3315 = VERTEX_POINT('',#3316);
#3316 = CARTESIAN_POINT('',(173.404216,-110.049359,1.585));
#3317 = CIRCLE('',#3318,0.383203924288);
#3318 = AXIS2_PLACEMENT_3D('',#3319,#3320,#3321);
#3319 = CARTESIAN_POINT('',(173.04481416633,-110.1823085,1.585));
#3320 = DIRECTION('',(0.,-0.,1.));
#3321 = DIRECTION('',(0.937886620889,-0.346941906315,-0.));
#3322 = ORIENTED_EDGE('',*,*,#3323,.T.);
#3323 = EDGE_CURVE('',#3315,#3262,#3324,.T.);
#3324 = LINE('',#3325,#3326);
#3325 = CARTESIAN_POINT('',(173.404216,-110.049359,1.585));
#3326 = VECTOR('',#3327,1.);
#3327 = DIRECTION('',(-0.447202556153,0.894432710588,0.));
#3328 = PLANE('',#3329);
#3329 = AXIS2_PLACEMENT_3D('',#3330,#3331,#3332);
#3330 = CARTESIAN_POINT('',(0.,0.,1.585));
#3331 = DIRECTION('',(0.,0.,1.));
#3332 = DIRECTION('',(1.,0.,-0.));
#3333 = SHELL_BASED_SURFACE_MODEL('',(#3334));
#3334 = OPEN_SHELL('',(#3335));
#3335 = ADVANCED_FACE('',(#3336,#3438),#3508,.T.);
#3336 = FACE_BOUND('',#3337,.F.);
#3337 = EDGE_LOOP('',(#3338,#3349,#3357,#3365,#3374,#3382,#3390,#3399,
    #3407,#3415,#3424,#3432));
#3338 = ORIENTED_EDGE('',*,*,#3339,.T.);
#3339 = EDGE_CURVE('',#3340,#3342,#3344,.T.);
#3340 = VERTEX_POINT('',#3341);
#3341 = CARTESIAN_POINT('',(174.816188,-109.900218,1.585));
#3342 = VERTEX_POINT('',#3343);
#3343 = CARTESIAN_POINT('',(175.031189,-109.911924,1.585));
#3344 = CIRCLE('',#3345,0.173535948151);
#3345 = AXIS2_PLACEMENT_3D('',#3346,#3347,#3348);
#3346 = CARTESIAN_POINT('',(174.91628914336,-110.0419730224,1.585));
#3347 = DIRECTION('',(0.,0.,-1.));
#3348 = DIRECTION('',(-0.576832318808,0.816862580841,0.));
#3349 = ORIENTED_EDGE('',*,*,#3350,.T.);
#3350 = EDGE_CURVE('',#3342,#3351,#3353,.T.);
#3351 = VERTEX_POINT('',#3352);
#3352 = CARTESIAN_POINT('',(175.066708,-109.951978,1.585));
#3353 = LINE('',#3354,#3355);
#3354 = CARTESIAN_POINT('',(175.031189,-109.911924,1.585));
#3355 = VECTOR('',#3356,1.);
#3356 = DIRECTION('',(0.663481054204,-0.748193083845,0.));
#3357 = ORIENTED_EDGE('',*,*,#3358,.T.);
#3358 = EDGE_CURVE('',#3351,#3359,#3361,.T.);
#3359 = VERTEX_POINT('',#3360);
#3360 = CARTESIAN_POINT('',(175.095249,-110.012388,1.585));
#3361 = LINE('',#3362,#3363);
#3362 = CARTESIAN_POINT('',(175.066708,-109.951978,1.585));
#3363 = VECTOR('',#3364,1.);
#3364 = DIRECTION('',(0.427178311668,-0.904167401558,0.));
#3365 = ORIENTED_EDGE('',*,*,#3366,.T.);
#3366 = EDGE_CURVE('',#3359,#3367,#3369,.T.);
#3367 = VERTEX_POINT('',#3368);
#3368 = CARTESIAN_POINT('',(175.090517,-110.365022,1.585));
#3369 = CIRCLE('',#3370,0.509510201614);
#3370 = AXIS2_PLACEMENT_3D('',#3371,#3372,#3373);
#3371 = CARTESIAN_POINT('',(174.61490159532,-110.1822909616,1.585));
#3372 = DIRECTION('',(0.,0.,-1.));
#3373 = DIRECTION('',(0.942763075506,0.333463316516,0.));
#3374 = ORIENTED_EDGE('',*,*,#3375,.T.);
#3375 = EDGE_CURVE('',#3367,#3376,#3378,.T.);
#3376 = VERTEX_POINT('',#3377);
#3377 = CARTESIAN_POINT('',(175.055,-110.428884,1.585));
#3378 = LINE('',#3379,#3380);
#3379 = CARTESIAN_POINT('',(175.090517,-110.365022,1.585));
#3380 = VECTOR('',#3381,1.);
#3381 = DIRECTION('',(-0.4860414169,-0.873935776278,0.));
#3382 = ORIENTED_EDGE('',*,*,#3383,.T.);
#3383 = EDGE_CURVE('',#3376,#3384,#3386,.T.);
#3384 = VERTEX_POINT('',#3385);
#3385 = CARTESIAN_POINT('',(175.014946,-110.464402,1.585));
#3386 = LINE('',#3387,#3388);
#3387 = CARTESIAN_POINT('',(175.055,-110.428884,1.585));
#3388 = VECTOR('',#3389,1.);
#3389 = DIRECTION('',(-0.748202356667,-0.663470597297,0.));
#3390 = ORIENTED_EDGE('',*,*,#3391,.T.);
#3391 = EDGE_CURVE('',#3384,#3392,#3394,.T.);
#3392 = VERTEX_POINT('',#3393);
#3393 = CARTESIAN_POINT('',(174.808271,-110.458257,1.585));
#3394 = CIRCLE('',#3395,0.170740944012);
#3395 = AXIS2_PLACEMENT_3D('',#3396,#3397,#3398);
#3396 = CARTESIAN_POINT('',(174.91564690203,-110.3255057829,1.585));
#3397 = DIRECTION('',(-0.,0.,-1.));
#3398 = DIRECTION('',(0.581577538632,-0.813490975093,-0.));
#3399 = ORIENTED_EDGE('',*,*,#3400,.T.);
#3400 = EDGE_CURVE('',#3392,#3401,#3403,.T.);
#3401 = VERTEX_POINT('',#3402);
#3402 = CARTESIAN_POINT('',(174.764429,-110.412641,1.585));
#3403 = LINE('',#3404,#3405);
#3404 = CARTESIAN_POINT('',(174.808271,-110.458257,1.585));
#3405 = VECTOR('',#3406,1.);
#3406 = DIRECTION('',(-0.692948237818,0.720987336716,0.));
#3407 = ORIENTED_EDGE('',*,*,#3408,.T.);
#3408 = EDGE_CURVE('',#3401,#3409,#3411,.T.);
#3409 = VERTEX_POINT('',#3410);
#3410 = CARTESIAN_POINT('',(174.735886,-110.352229,1.585));
#3411 = LINE('',#3412,#3413);
#3412 = CARTESIAN_POINT('',(174.764429,-110.412641,1.585));
#3413 = VECTOR('',#3414,1.);
#3414 = DIRECTION('',(-0.427191221142,0.904161302302,0.));
#3415 = ORIENTED_EDGE('',*,*,#3416,.T.);
#3416 = EDGE_CURVE('',#3409,#3417,#3419,.T.);
#3417 = VERTEX_POINT('',#3418);
#3418 = CARTESIAN_POINT('',(174.740619,-109.999596,1.585));
#3419 = CIRCLE('',#3420,0.509517885566);
#3420 = AXIS2_PLACEMENT_3D('',#3421,#3422,#3423);
#3421 = CARTESIAN_POINT('',(175.21624225749,-110.1823280241,1.585));
#3422 = DIRECTION('',(0.,0.,-1.));
#3423 = DIRECTION('',(-0.942766232746,-0.333454390274,-0.));
#3424 = ORIENTED_EDGE('',*,*,#3425,.T.);
#3425 = EDGE_CURVE('',#3417,#3426,#3428,.T.);
#3426 = VERTEX_POINT('',#3427);
#3427 = CARTESIAN_POINT('',(174.776136,-109.935734,1.585));
#3428 = LINE('',#3429,#3430);
#3429 = CARTESIAN_POINT('',(174.740619,-109.999596,1.585));
#3430 = VECTOR('',#3431,1.);
#3431 = DIRECTION('',(0.4860414169,0.873935776278,0.));
#3432 = ORIENTED_EDGE('',*,*,#3433,.T.);
#3433 = EDGE_CURVE('',#3426,#3340,#3434,.T.);
#3434 = LINE('',#3435,#3436);
#3435 = CARTESIAN_POINT('',(174.776136,-109.935734,1.585));
#3436 = VECTOR('',#3437,1.);
#3437 = DIRECTION('',(0.748204457025,0.663468228695,0.));
#3438 = FACE_BOUND('',#3439,.F.);
#3439 = EDGE_LOOP('',(#3440,#3451,#3459,#3468,#3476,#3485,#3493,#3502));
#3440 = ORIENTED_EDGE('',*,*,#3441,.T.);
#3441 = EDGE_CURVE('',#3442,#3444,#3446,.T.);
#3442 = VERTEX_POINT('',#3443);
#3443 = CARTESIAN_POINT('',(174.95944,-110.01695,1.585));
#3444 = VERTEX_POINT('',#3445);
#3445 = CARTESIAN_POINT('',(174.871696,-110.016949,1.585));
#3446 = CIRCLE('',#3447,5.345746450179E-02);
#3447 = AXIS2_PLACEMENT_3D('',#3448,#3449,#3450);
#3448 = CARTESIAN_POINT('',(174.91556765189,-110.0474936995,1.585));
#3449 = DIRECTION('',(0.,0.,1.));
#3450 = DIRECTION('',(0.820696389452,0.571364538925,-0.));
#3451 = ORIENTED_EDGE('',*,*,#3452,.T.);
#3452 = EDGE_CURVE('',#3444,#3453,#3455,.T.);
#3453 = VERTEX_POINT('',#3454);
#3454 = CARTESIAN_POINT('',(174.85549,-110.049359,1.585));
#3455 = LINE('',#3456,#3457);
#3456 = CARTESIAN_POINT('',(174.871696,-110.016949,1.585));
#3457 = VECTOR('',#3458,1.);
#3458 = DIRECTION('',(-0.447235672899,-0.89441615196,0.));
#3459 = ORIENTED_EDGE('',*,*,#3460,.T.);
#3460 = EDGE_CURVE('',#3453,#3461,#3463,.T.);
#3461 = VERTEX_POINT('',#3462);
#3462 = CARTESIAN_POINT('',(174.85549,-110.315258,1.585));
#3463 = CIRCLE('',#3464,0.383234250239);
#3464 = AXIS2_PLACEMENT_3D('',#3465,#3466,#3467);
#3465 = CARTESIAN_POINT('',(175.21492416783,-110.1823085,1.585));
#3466 = DIRECTION('',(0.,0.,1.));
#3467 = DIRECTION('',(-0.937896776212,0.346914452237,0.));
#3468 = ORIENTED_EDGE('',*,*,#3469,.T.);
#3469 = EDGE_CURVE('',#3461,#3470,#3472,.T.);
#3470 = VERTEX_POINT('',#3471);
#3471 = CARTESIAN_POINT('',(174.871696,-110.347669,1.585));
#3472 = LINE('',#3473,#3474);
#3473 = CARTESIAN_POINT('',(174.85549,-110.315258,1.585));
#3474 = VECTOR('',#3475,1.);
#3475 = DIRECTION('',(0.447224633961,-0.894421671684,0.));
#3476 = ORIENTED_EDGE('',*,*,#3477,.T.);
#3477 = EDGE_CURVE('',#3470,#3478,#3480,.T.);
#3478 = VERTEX_POINT('',#3479);
#3479 = CARTESIAN_POINT('',(174.959439,-110.347668,1.585));
#3480 = CIRCLE('',#3481,5.345683861839E-02);
#3481 = AXIS2_PLACEMENT_3D('',#3482,#3483,#3484);
#3482 = CARTESIAN_POINT('',(174.91556715189,-110.3171246776,1.585));
#3483 = DIRECTION('',(0.,0.,1.));
#3484 = DIRECTION('',(-0.820683621186,-0.571382878565,0.));
#3485 = ORIENTED_EDGE('',*,*,#3486,.T.);
#3486 = EDGE_CURVE('',#3478,#3487,#3489,.T.);
#3487 = VERTEX_POINT('',#3488);
#3488 = CARTESIAN_POINT('',(174.975644,-110.315258,1.585));
#3489 = LINE('',#3490,#3491);
#3490 = CARTESIAN_POINT('',(174.959439,-110.347668,1.585));
#3491 = VECTOR('',#3492,1.);
#3492 = DIRECTION('',(0.4472135955,0.894427191,0.));
#3493 = ORIENTED_EDGE('',*,*,#3494,.T.);
#3494 = EDGE_CURVE('',#3487,#3495,#3497,.T.);
#3495 = VERTEX_POINT('',#3496);
#3496 = CARTESIAN_POINT('',(174.975644,-110.049359,1.585));
#3497 = CIRCLE('',#3498,0.383203924288);
#3498 = AXIS2_PLACEMENT_3D('',#3499,#3500,#3501);
#3499 = CARTESIAN_POINT('',(174.61624216633,-110.1823085,1.585));
#3500 = DIRECTION('',(0.,-0.,1.));
#3501 = DIRECTION('',(0.937886620889,-0.346941906315,-0.));
#3502 = ORIENTED_EDGE('',*,*,#3503,.T.);
#3503 = EDGE_CURVE('',#3495,#3442,#3504,.T.);
#3504 = LINE('',#3505,#3506);
#3505 = CARTESIAN_POINT('',(174.975644,-110.049359,1.585));
#3506 = VECTOR('',#3507,1.);
#3507 = DIRECTION('',(-0.447202556153,0.894432710588,0.));
#3508 = PLANE('',#3509);
#3509 = AXIS2_PLACEMENT_3D('',#3510,#3511,#3512);
#3510 = CARTESIAN_POINT('',(0.,0.,1.585));
#3511 = DIRECTION('',(0.,0.,1.));
#3512 = DIRECTION('',(1.,0.,-0.));
#3513 = SHELL_BASED_SURFACE_MODEL('',(#3514));
#3514 = OPEN_SHELL('',(#3515));
#3515 = ADVANCED_FACE('',(#3516),#3626,.T.);
#3516 = FACE_BOUND('',#3517,.F.);
#3517 = EDGE_LOOP('',(#3518,#3529,#3537,#3545,#3553,#3562,#3570,#3579,
    #3587,#3595,#3603,#3612,#3620));
#3518 = ORIENTED_EDGE('',*,*,#3519,.T.);
#3519 = EDGE_CURVE('',#3520,#3522,#3524,.T.);
#3520 = VERTEX_POINT('',#3521);
#3521 = CARTESIAN_POINT('',(169.643541,-109.908391,1.585));
#3522 = VERTEX_POINT('',#3523);
#3523 = CARTESIAN_POINT('',(169.763783,-109.932309,1.585));
#3524 = CIRCLE('',#3525,6.249988563226E-02);
#3525 = AXIS2_PLACEMENT_3D('',#3526,#3527,#3528);
#3526 = CARTESIAN_POINT('',(169.70128311436,-109.9323092761,1.585));
#3527 = DIRECTION('',(0.,0.,-1.));
#3528 = DIRECTION('',(-0.923875520478,0.382693118126,0.));
#3529 = ORIENTED_EDGE('',*,*,#3530,.T.);
#3530 = EDGE_CURVE('',#3522,#3531,#3533,.T.);
#3531 = VERTEX_POINT('',#3532);
#3532 = CARTESIAN_POINT('',(169.763783,-110.107904,1.585));
#3533 = LINE('',#3534,#3535);
#3534 = CARTESIAN_POINT('',(169.763783,-109.932309,1.585));
#3535 = VECTOR('',#3536,1.);
#3536 = DIRECTION('',(0.,-1.,0.));
#3537 = ORIENTED_EDGE('',*,*,#3538,.T.);
#3538 = EDGE_CURVE('',#3531,#3539,#3541,.T.);
#3539 = VERTEX_POINT('',#3540);
#3540 = CARTESIAN_POINT('',(169.924497,-110.107904,1.585));
#3541 = LINE('',#3542,#3543);
#3542 = CARTESIAN_POINT('',(169.763783,-110.107904,1.585));
#3543 = VECTOR('',#3544,1.);
#3544 = DIRECTION('',(1.,0.,0.));
#3545 = ORIENTED_EDGE('',*,*,#3546,.T.);
#3546 = EDGE_CURVE('',#3539,#3547,#3549,.T.);
#3547 = VERTEX_POINT('',#3548);
#3548 = CARTESIAN_POINT('',(169.924497,-109.932309,1.585));
#3549 = LINE('',#3550,#3551);
#3550 = CARTESIAN_POINT('',(169.924497,-110.107904,1.585));
#3551 = VECTOR('',#3552,1.);
#3552 = DIRECTION('',(0.,1.,0.));
#3553 = ORIENTED_EDGE('',*,*,#3554,.T.);
#3554 = EDGE_CURVE('',#3547,#3555,#3557,.T.);
#3555 = VERTEX_POINT('',#3556);
#3556 = CARTESIAN_POINT('',(170.049497,-109.932309,1.585));
#3557 = CIRCLE('',#3558,6.250000000099E-02);
#3558 = AXIS2_PLACEMENT_3D('',#3559,#3560,#3561);
#3559 = CARTESIAN_POINT('',(169.986997,-109.9323093525,1.585));
#3560 = DIRECTION('',(0.,0.,-1.));
#3561 = DIRECTION('',(-0.999999999984,5.640538802167E-06,0.));
#3562 = ORIENTED_EDGE('',*,*,#3563,.T.);
#3563 = EDGE_CURVE('',#3555,#3564,#3566,.T.);
#3564 = VERTEX_POINT('',#3565);
#3565 = CARTESIAN_POINT('',(170.049497,-110.432309,1.585));
#3566 = LINE('',#3567,#3568);
#3567 = CARTESIAN_POINT('',(170.049497,-109.932309,1.585));
#3568 = VECTOR('',#3569,1.);
#3569 = DIRECTION('',(0.,-1.,0.));
#3570 = ORIENTED_EDGE('',*,*,#3571,.T.);
#3571 = EDGE_CURVE('',#3564,#3572,#3574,.T.);
#3572 = VERTEX_POINT('',#3573);
#3573 = CARTESIAN_POINT('',(169.924497,-110.432309,1.585));
#3574 = CIRCLE('',#3575,6.250000000099E-02);
#3575 = AXIS2_PLACEMENT_3D('',#3576,#3577,#3578);
#3576 = CARTESIAN_POINT('',(169.986997,-110.4323086474,1.585));
#3577 = DIRECTION('',(-0.,0.,-1.));
#3578 = DIRECTION('',(0.999999999984,-5.640539029538E-06,-0.));
#3579 = ORIENTED_EDGE('',*,*,#3580,.T.);
#3580 = EDGE_CURVE('',#3572,#3581,#3583,.T.);
#3581 = VERTEX_POINT('',#3582);
#3582 = CARTESIAN_POINT('',(169.924497,-110.232904,1.585));
#3583 = LINE('',#3584,#3585);
#3584 = CARTESIAN_POINT('',(169.924497,-110.432309,1.585));
#3585 = VECTOR('',#3586,1.);
#3586 = DIRECTION('',(0.,1.,0.));
#3587 = ORIENTED_EDGE('',*,*,#3588,.T.);
#3588 = EDGE_CURVE('',#3581,#3589,#3591,.T.);
#3589 = VERTEX_POINT('',#3590);
#3590 = CARTESIAN_POINT('',(169.763783,-110.232904,1.585));
#3591 = LINE('',#3592,#3593);
#3592 = CARTESIAN_POINT('',(169.924497,-110.232904,1.585));
#3593 = VECTOR('',#3594,1.);
#3594 = DIRECTION('',(-1.,0.,0.));
#3595 = ORIENTED_EDGE('',*,*,#3596,.T.);
#3596 = EDGE_CURVE('',#3589,#3597,#3599,.T.);
#3597 = VERTEX_POINT('',#3598);
#3598 = CARTESIAN_POINT('',(169.763783,-110.432309,1.585));
#3599 = LINE('',#3600,#3601);
#3600 = CARTESIAN_POINT('',(169.763783,-110.232904,1.585));
#3601 = VECTOR('',#3602,1.);
#3602 = DIRECTION('',(0.,-1.,0.));
#3603 = ORIENTED_EDGE('',*,*,#3604,.T.);
#3604 = EDGE_CURVE('',#3597,#3605,#3607,.T.);
#3605 = VERTEX_POINT('',#3606);
#3606 = CARTESIAN_POINT('',(169.638783,-110.432309,1.585));
#3607 = CIRCLE('',#3608,6.2500000001E-02);
#3608 = AXIS2_PLACEMENT_3D('',#3609,#3610,#3611);
#3609 = CARTESIAN_POINT('',(169.701283,-110.4323086474,1.585));
#3610 = DIRECTION('',(-0.,0.,-1.));
#3611 = DIRECTION('',(0.999999999984,-5.640539029535E-06,-0.));
#3612 = ORIENTED_EDGE('',*,*,#3613,.T.);
#3613 = EDGE_CURVE('',#3605,#3614,#3616,.T.);
#3614 = VERTEX_POINT('',#3615);
#3615 = CARTESIAN_POINT('',(169.638783,-109.932309,1.585));
#3616 = LINE('',#3617,#3618);
#3617 = CARTESIAN_POINT('',(169.638783,-110.432309,1.585));
#3618 = VECTOR('',#3619,1.);
#3619 = DIRECTION('',(0.,1.,0.));
#3620 = ORIENTED_EDGE('',*,*,#3621,.T.);
#3621 = EDGE_CURVE('',#3614,#3520,#3622,.T.);
#3622 = LINE('',#3623,#3624);
#3623 = CARTESIAN_POINT('',(169.638783,-109.932309,1.585));
#3624 = VECTOR('',#3625,1.);
#3625 = DIRECTION('',(0.195106652235,0.980782031979,0.));
#3626 = PLANE('',#3627);
#3627 = AXIS2_PLACEMENT_3D('',#3628,#3629,#3630);
#3628 = CARTESIAN_POINT('',(0.,0.,1.585));
#3629 = DIRECTION('',(0.,0.,1.));
#3630 = DIRECTION('',(1.,0.,-0.));
#3631 = SHELL_BASED_SURFACE_MODEL('',(#3632));
#3632 = OPEN_SHELL('',(#3633));
#3633 = ADVANCED_FACE('',(#3634),#3703,.T.);
#3634 = FACE_BOUND('',#3635,.F.);
#3635 = EDGE_LOOP('',(#3636,#3647,#3655,#3664,#3672,#3680,#3689,#3697));
#3636 = ORIENTED_EDGE('',*,*,#3637,.T.);
#3637 = EDGE_CURVE('',#3638,#3640,#3642,.T.);
#3638 = VERTEX_POINT('',#3639);
#3639 = CARTESIAN_POINT('',(182.534616,-109.994809,1.585));
#3640 = VERTEX_POINT('',#3641);
#3641 = CARTESIAN_POINT('',(182.534616,-109.869809,1.585));
#3642 = CIRCLE('',#3643,6.250000000099E-02);
#3643 = AXIS2_PLACEMENT_3D('',#3644,#3645,#3646);
#3644 = CARTESIAN_POINT('',(182.53461635253,-109.932309,1.585));
#3645 = DIRECTION('',(0.,0.,-1.));
#3646 = DIRECTION('',(-5.640538802163E-06,-0.999999999984,-0.));
#3647 = ORIENTED_EDGE('',*,*,#3648,.T.);
#3648 = EDGE_CURVE('',#3640,#3649,#3651,.T.);
#3649 = VERTEX_POINT('',#3650);
#3650 = CARTESIAN_POINT('',(182.82033,-109.869809,1.585));
#3651 = LINE('',#3652,#3653);
#3652 = CARTESIAN_POINT('',(182.534616,-109.869809,1.585));
#3653 = VECTOR('',#3654,1.);
#3654 = DIRECTION('',(1.,0.,0.));
#3655 = ORIENTED_EDGE('',*,*,#3656,.T.);
#3656 = EDGE_CURVE('',#3649,#3657,#3659,.T.);
#3657 = VERTEX_POINT('',#3658);
#3658 = CARTESIAN_POINT('',(182.82033,-109.994809,1.585));
#3659 = CIRCLE('',#3660,6.2500000001E-02);
#3660 = AXIS2_PLACEMENT_3D('',#3661,#3662,#3663);
#3661 = CARTESIAN_POINT('',(182.82032964746,-109.932309,1.585));
#3662 = DIRECTION('',(0.,0.,-1.));
#3663 = DIRECTION('',(5.640539256912E-06,0.999999999984,0.));
#3664 = ORIENTED_EDGE('',*,*,#3665,.T.);
#3665 = EDGE_CURVE('',#3657,#3666,#3668,.T.);
#3666 = VERTEX_POINT('',#3667);
#3667 = CARTESIAN_POINT('',(182.739973,-109.994809,1.585));
#3668 = LINE('',#3669,#3670);
#3669 = CARTESIAN_POINT('',(182.82033,-109.994809,1.585));
#3670 = VECTOR('',#3671,1.);
#3671 = DIRECTION('',(-1.,0.,0.));
#3672 = ORIENTED_EDGE('',*,*,#3673,.T.);
#3673 = EDGE_CURVE('',#3666,#3674,#3676,.T.);
#3674 = VERTEX_POINT('',#3675);
#3675 = CARTESIAN_POINT('',(182.739973,-110.432309,1.585));
#3676 = LINE('',#3677,#3678);
#3677 = CARTESIAN_POINT('',(182.739973,-109.994809,1.585));
#3678 = VECTOR('',#3679,1.);
#3679 = DIRECTION('',(0.,-1.,0.));
#3680 = ORIENTED_EDGE('',*,*,#3681,.T.);
#3681 = EDGE_CURVE('',#3674,#3682,#3684,.T.);
#3682 = VERTEX_POINT('',#3683);
#3683 = CARTESIAN_POINT('',(182.614973,-110.432309,1.585));
#3684 = CIRCLE('',#3685,6.250000000099E-02);
#3685 = AXIS2_PLACEMENT_3D('',#3686,#3687,#3688);
#3686 = CARTESIAN_POINT('',(182.677473,-110.4323086474,1.585));
#3687 = DIRECTION('',(-0.,0.,-1.));
#3688 = DIRECTION('',(0.999999999984,-5.640539029538E-06,-0.));
#3689 = ORIENTED_EDGE('',*,*,#3690,.T.);
#3690 = EDGE_CURVE('',#3682,#3691,#3693,.T.);
#3691 = VERTEX_POINT('',#3692);
#3692 = CARTESIAN_POINT('',(182.614973,-109.994809,1.585));
#3693 = LINE('',#3694,#3695);
#3694 = CARTESIAN_POINT('',(182.614973,-110.432309,1.585));
#3695 = VECTOR('',#3696,1.);
#3696 = DIRECTION('',(0.,1.,0.));
#3697 = ORIENTED_EDGE('',*,*,#3698,.T.);
#3698 = EDGE_CURVE('',#3691,#3638,#3699,.T.);
#3699 = LINE('',#3700,#3701);
#3700 = CARTESIAN_POINT('',(182.614973,-109.994809,1.585));
#3701 = VECTOR('',#3702,1.);
#3702 = DIRECTION('',(-1.,0.,0.));
#3703 = PLANE('',#3704);
#3704 = AXIS2_PLACEMENT_3D('',#3705,#3706,#3707);
#3705 = CARTESIAN_POINT('',(0.,0.,1.585));
#3706 = DIRECTION('',(0.,0.,1.));
#3707 = DIRECTION('',(1.,0.,-0.));
#3708 = SHELL_BASED_SURFACE_MODEL('',(#3709));
#3709 = OPEN_SHELL('',(#3710));
#3710 = ADVANCED_FACE('',(#3711),#3747,.T.);
#3711 = FACE_BOUND('',#3712,.F.);
#3712 = EDGE_LOOP('',(#3713,#3724,#3732,#3741));
#3713 = ORIENTED_EDGE('',*,*,#3714,.T.);
#3714 = EDGE_CURVE('',#3715,#3717,#3719,.T.);
#3715 = VERTEX_POINT('',#3716);
#3716 = CARTESIAN_POINT('',(172.129854,-110.304333,1.585));
#3717 = VERTEX_POINT('',#3718);
#3718 = CARTESIAN_POINT('',(172.129854,-110.179333,1.585));
#3719 = CIRCLE('',#3720,6.250000000099E-02);
#3720 = AXIS2_PLACEMENT_3D('',#3721,#3722,#3723);
#3721 = CARTESIAN_POINT('',(172.12985435253,-110.241833,1.585));
#3722 = DIRECTION('',(0.,0.,-1.));
#3723 = DIRECTION('',(-5.640538802164E-06,-0.999999999984,-0.));
#3724 = ORIENTED_EDGE('',*,*,#3725,.T.);
#3725 = EDGE_CURVE('',#3717,#3726,#3728,.T.);
#3726 = VERTEX_POINT('',#3727);
#3727 = CARTESIAN_POINT('',(172.510807,-110.179333,1.585));
#3728 = LINE('',#3729,#3730);
#3729 = CARTESIAN_POINT('',(172.129854,-110.179333,1.585));
#3730 = VECTOR('',#3731,1.);
#3731 = DIRECTION('',(1.,0.,0.));
#3732 = ORIENTED_EDGE('',*,*,#3733,.T.);
#3733 = EDGE_CURVE('',#3726,#3734,#3736,.T.);
#3734 = VERTEX_POINT('',#3735);
#3735 = CARTESIAN_POINT('',(172.510807,-110.304333,1.585));
#3736 = CIRCLE('',#3737,6.2500000001E-02);
#3737 = AXIS2_PLACEMENT_3D('',#3738,#3739,#3740);
#3738 = CARTESIAN_POINT('',(172.51080664746,-110.241833,1.585));
#3739 = DIRECTION('',(0.,0.,-1.));
#3740 = DIRECTION('',(5.640539256912E-06,0.999999999984,0.));
#3741 = ORIENTED_EDGE('',*,*,#3742,.T.);
#3742 = EDGE_CURVE('',#3734,#3715,#3743,.T.);
#3743 = LINE('',#3744,#3745);
#3744 = CARTESIAN_POINT('',(172.510807,-110.304333,1.585));
#3745 = VECTOR('',#3746,1.);
#3746 = DIRECTION('',(-1.,0.,0.));
#3747 = PLANE('',#3748);
#3748 = AXIS2_PLACEMENT_3D('',#3749,#3750,#3751);
#3749 = CARTESIAN_POINT('',(0.,0.,1.585));
#3750 = DIRECTION('',(0.,0.,1.));
#3751 = DIRECTION('',(1.,0.,-0.));
#3752 = SHELL_BASED_SURFACE_MODEL('',(#3753));
#3753 = OPEN_SHELL('',(#3754));
#3754 = ADVANCED_FACE('',(#3755),#3791,.T.);
#3755 = FACE_BOUND('',#3756,.F.);
#3756 = EDGE_LOOP('',(#3757,#3768,#3776,#3785));
#3757 = ORIENTED_EDGE('',*,*,#3758,.T.);
#3758 = EDGE_CURVE('',#3759,#3761,#3763,.T.);
#3759 = VERTEX_POINT('',#3760);
#3760 = CARTESIAN_POINT('',(174.177472,-110.304333,1.585));
#3761 = VERTEX_POINT('',#3762);
#3762 = CARTESIAN_POINT('',(174.177472,-110.179333,1.585));
#3763 = CIRCLE('',#3764,6.250000000099E-02);
#3764 = AXIS2_PLACEMENT_3D('',#3765,#3766,#3767);
#3765 = CARTESIAN_POINT('',(174.17747235253,-110.241833,1.585));
#3766 = DIRECTION('',(0.,0.,-1.));
#3767 = DIRECTION('',(-5.640538802164E-06,-0.999999999984,-0.));
#3768 = ORIENTED_EDGE('',*,*,#3769,.T.);
#3769 = EDGE_CURVE('',#3761,#3770,#3772,.T.);
#3770 = VERTEX_POINT('',#3771);
#3771 = CARTESIAN_POINT('',(174.558425,-110.179333,1.585));
#3772 = LINE('',#3773,#3774);
#3773 = CARTESIAN_POINT('',(174.177472,-110.179333,1.585));
#3774 = VECTOR('',#3775,1.);
#3775 = DIRECTION('',(1.,0.,0.));
#3776 = ORIENTED_EDGE('',*,*,#3777,.T.);
#3777 = EDGE_CURVE('',#3770,#3778,#3780,.T.);
#3778 = VERTEX_POINT('',#3779);
#3779 = CARTESIAN_POINT('',(174.558425,-110.304333,1.585));
#3780 = CIRCLE('',#3781,6.2500000001E-02);
#3781 = AXIS2_PLACEMENT_3D('',#3782,#3783,#3784);
#3782 = CARTESIAN_POINT('',(174.55842464746,-110.241833,1.585));
#3783 = DIRECTION('',(0.,0.,-1.));
#3784 = DIRECTION('',(5.640539256912E-06,0.999999999984,0.));
#3785 = ORIENTED_EDGE('',*,*,#3786,.T.);
#3786 = EDGE_CURVE('',#3778,#3759,#3787,.T.);
#3787 = LINE('',#3788,#3789);
#3788 = CARTESIAN_POINT('',(174.558425,-110.304333,1.585));
#3789 = VECTOR('',#3790,1.);
#3790 = DIRECTION('',(-1.,0.,0.));
#3791 = PLANE('',#3792);
#3792 = AXIS2_PLACEMENT_3D('',#3793,#3794,#3795);
#3793 = CARTESIAN_POINT('',(0.,0.,1.585));
#3794 = DIRECTION('',(0.,0.,1.));
#3795 = DIRECTION('',(1.,0.,-0.));
#3796 = SHELL_BASED_SURFACE_MODEL('',(#3797));
#3797 = OPEN_SHELL('',(#3798));
#3798 = ADVANCED_FACE('',(#3799),#3835,.T.);
#3799 = FACE_BOUND('',#3800,.F.);
#3800 = EDGE_LOOP('',(#3801,#3812,#3820,#3829));
#3801 = ORIENTED_EDGE('',*,*,#3802,.T.);
#3802 = EDGE_CURVE('',#3803,#3805,#3807,.T.);
#3803 = VERTEX_POINT('',#3804);
#3804 = CARTESIAN_POINT('',(175.7489,-110.304333,1.585));
#3805 = VERTEX_POINT('',#3806);
#3806 = CARTESIAN_POINT('',(175.7489,-110.179333,1.585));
#3807 = CIRCLE('',#3808,6.2500000001E-02);
#3808 = AXIS2_PLACEMENT_3D('',#3809,#3810,#3811);
#3809 = CARTESIAN_POINT('',(175.74890035253,-110.241833,1.585));
#3810 = DIRECTION('',(0.,0.,-1.));
#3811 = DIRECTION('',(-5.640539256912E-06,-0.999999999984,-0.));
#3812 = ORIENTED_EDGE('',*,*,#3813,.T.);
#3813 = EDGE_CURVE('',#3805,#3814,#3816,.T.);
#3814 = VERTEX_POINT('',#3815);
#3815 = CARTESIAN_POINT('',(176.129853,-110.179333,1.585));
#3816 = LINE('',#3817,#3818);
#3817 = CARTESIAN_POINT('',(175.7489,-110.179333,1.585));
#3818 = VECTOR('',#3819,1.);
#3819 = DIRECTION('',(1.,0.,0.));
#3820 = ORIENTED_EDGE('',*,*,#3821,.T.);
#3821 = EDGE_CURVE('',#3814,#3822,#3824,.T.);
#3822 = VERTEX_POINT('',#3823);
#3823 = CARTESIAN_POINT('',(176.129853,-110.304333,1.585));
#3824 = CIRCLE('',#3825,6.250000000099E-02);
#3825 = AXIS2_PLACEMENT_3D('',#3826,#3827,#3828);
#3826 = CARTESIAN_POINT('',(176.12985264746,-110.241833,1.585));
#3827 = DIRECTION('',(0.,0.,-1.));
#3828 = DIRECTION('',(5.640538802164E-06,0.999999999984,0.));
#3829 = ORIENTED_EDGE('',*,*,#3830,.T.);
#3830 = EDGE_CURVE('',#3822,#3803,#3831,.T.);
#3831 = LINE('',#3832,#3833);
#3832 = CARTESIAN_POINT('',(176.129853,-110.304333,1.585));
#3833 = VECTOR('',#3834,1.);
#3834 = DIRECTION('',(-1.,0.,0.));
#3835 = PLANE('',#3836);
#3836 = AXIS2_PLACEMENT_3D('',#3837,#3838,#3839);
#3837 = CARTESIAN_POINT('',(0.,0.,1.585));
#3838 = DIRECTION('',(0.,0.,1.));
#3839 = DIRECTION('',(1.,0.,-0.));
#3840 = SHELL_BASED_SURFACE_MODEL('',(#3841));
#3841 = OPEN_SHELL('',(#3842));
#3842 = ADVANCED_FACE('',(#3843),#3879,.T.);
#3843 = FACE_BOUND('',#3844,.F.);
#3844 = EDGE_LOOP('',(#3845,#3856,#3864,#3873));
#3845 = ORIENTED_EDGE('',*,*,#3846,.T.);
#3846 = EDGE_CURVE('',#3847,#3849,#3851,.T.);
#3847 = VERTEX_POINT('',#3848);
#3848 = CARTESIAN_POINT('',(176.77271,-110.304333,1.585));
#3849 = VERTEX_POINT('',#3850);
#3850 = CARTESIAN_POINT('',(176.77271,-110.179333,1.585));
#3851 = CIRCLE('',#3852,6.250000000099E-02);
#3852 = AXIS2_PLACEMENT_3D('',#3853,#3854,#3855);
#3853 = CARTESIAN_POINT('',(176.77271035253,-110.241833,1.585));
#3854 = DIRECTION('',(0.,0.,-1.));
#3855 = DIRECTION('',(-5.640538802164E-06,-0.999999999984,-0.));
#3856 = ORIENTED_EDGE('',*,*,#3857,.T.);
#3857 = EDGE_CURVE('',#3849,#3858,#3860,.T.);
#3858 = VERTEX_POINT('',#3859);
#3859 = CARTESIAN_POINT('',(177.153663,-110.179333,1.585));
#3860 = LINE('',#3861,#3862);
#3861 = CARTESIAN_POINT('',(176.77271,-110.179333,1.585));
#3862 = VECTOR('',#3863,1.);
#3863 = DIRECTION('',(1.,0.,0.));
#3864 = ORIENTED_EDGE('',*,*,#3865,.T.);
#3865 = EDGE_CURVE('',#3858,#3866,#3868,.T.);
#3866 = VERTEX_POINT('',#3867);
#3867 = CARTESIAN_POINT('',(177.153663,-110.304333,1.585));
#3868 = CIRCLE('',#3869,6.2500000001E-02);
#3869 = AXIS2_PLACEMENT_3D('',#3870,#3871,#3872);
#3870 = CARTESIAN_POINT('',(177.15366264746,-110.241833,1.585));
#3871 = DIRECTION('',(0.,0.,-1.));
#3872 = DIRECTION('',(5.640538802164E-06,0.999999999984,0.));
#3873 = ORIENTED_EDGE('',*,*,#3874,.T.);
#3874 = EDGE_CURVE('',#3866,#3847,#3875,.T.);
#3875 = LINE('',#3876,#3877);
#3876 = CARTESIAN_POINT('',(177.153663,-110.304333,1.585));
#3877 = VECTOR('',#3878,1.);
#3878 = DIRECTION('',(-1.,0.,0.));
#3879 = PLANE('',#3880);
#3880 = AXIS2_PLACEMENT_3D('',#3881,#3882,#3883);
#3881 = CARTESIAN_POINT('',(0.,0.,1.585));
#3882 = DIRECTION('',(0.,0.,1.));
#3883 = DIRECTION('',(1.,0.,-0.));
#3884 = SHELL_BASED_SURFACE_MODEL('',(#3885));
#3885 = OPEN_SHELL('',(#3886));
#3886 = ADVANCED_FACE('',(#3887),#3923,.T.);
#3887 = FACE_BOUND('',#3888,.F.);
#3888 = EDGE_LOOP('',(#3889,#3900,#3908,#3917));
#3889 = ORIENTED_EDGE('',*,*,#3890,.T.);
#3890 = EDGE_CURVE('',#3891,#3893,#3895,.T.);
#3891 = VERTEX_POINT('',#3892);
#3892 = CARTESIAN_POINT('',(178.320329,-110.304333,1.585));
#3893 = VERTEX_POINT('',#3894);
#3894 = CARTESIAN_POINT('',(178.320329,-110.179333,1.585));
#3895 = CIRCLE('',#3896,6.250000000099E-02);
#3896 = AXIS2_PLACEMENT_3D('',#3897,#3898,#3899);
#3897 = CARTESIAN_POINT('',(178.32032935253,-110.241833,1.585));
#3898 = DIRECTION('',(0.,0.,-1.));
#3899 = DIRECTION('',(-5.640538802164E-06,-0.999999999984,-0.));
#3900 = ORIENTED_EDGE('',*,*,#3901,.T.);
#3901 = EDGE_CURVE('',#3893,#3902,#3904,.T.);
#3902 = VERTEX_POINT('',#3903);
#3903 = CARTESIAN_POINT('',(178.701282,-110.179333,1.585));
#3904 = LINE('',#3905,#3906);
#3905 = CARTESIAN_POINT('',(178.320329,-110.179333,1.585));
#3906 = VECTOR('',#3907,1.);
#3907 = DIRECTION('',(1.,0.,0.));
#3908 = ORIENTED_EDGE('',*,*,#3909,.T.);
#3909 = EDGE_CURVE('',#3902,#3910,#3912,.T.);
#3910 = VERTEX_POINT('',#3911);
#3911 = CARTESIAN_POINT('',(178.701282,-110.304333,1.585));
#3912 = CIRCLE('',#3913,6.2500000001E-02);
#3913 = AXIS2_PLACEMENT_3D('',#3914,#3915,#3916);
#3914 = CARTESIAN_POINT('',(178.70128164746,-110.241833,1.585));
#3915 = DIRECTION('',(0.,0.,-1.));
#3916 = DIRECTION('',(5.640538802164E-06,0.999999999984,0.));
#3917 = ORIENTED_EDGE('',*,*,#3918,.T.);
#3918 = EDGE_CURVE('',#3910,#3891,#3919,.T.);
#3919 = LINE('',#3920,#3921);
#3920 = CARTESIAN_POINT('',(178.701282,-110.304333,1.585));
#3921 = VECTOR('',#3922,1.);
#3922 = DIRECTION('',(-1.,0.,0.));
#3923 = PLANE('',#3924);
#3924 = AXIS2_PLACEMENT_3D('',#3925,#3926,#3927);
#3925 = CARTESIAN_POINT('',(0.,0.,1.585));
#3926 = DIRECTION('',(0.,0.,1.));
#3927 = DIRECTION('',(1.,0.,-0.));
#3928 = SHELL_BASED_SURFACE_MODEL('',(#3929));
#3929 = OPEN_SHELL('',(#3930));
#3930 = ADVANCED_FACE('',(#3931),#3967,.T.);
#3931 = FACE_BOUND('',#3932,.F.);
#3932 = EDGE_LOOP('',(#3933,#3944,#3952,#3961));
#3933 = ORIENTED_EDGE('',*,*,#3934,.T.);
#3934 = EDGE_CURVE('',#3935,#3937,#3939,.T.);
#3935 = VERTEX_POINT('',#3936);
#3936 = CARTESIAN_POINT('',(179.367948,-110.304333,1.585));
#3937 = VERTEX_POINT('',#3938);
#3938 = CARTESIAN_POINT('',(179.367948,-110.179333,1.585));
#3939 = CIRCLE('',#3940,6.2500000001E-02);
#3940 = AXIS2_PLACEMENT_3D('',#3941,#3942,#3943);
#3941 = CARTESIAN_POINT('',(179.36794835253,-110.241833,1.585));
#3942 = DIRECTION('',(0.,0.,-1.));
#3943 = DIRECTION('',(-5.640538802164E-06,-0.999999999984,-0.));
#3944 = ORIENTED_EDGE('',*,*,#3945,.T.);
#3945 = EDGE_CURVE('',#3937,#3946,#3948,.T.);
#3946 = VERTEX_POINT('',#3947);
#3947 = CARTESIAN_POINT('',(179.748901,-110.179333,1.585));
#3948 = LINE('',#3949,#3950);
#3949 = CARTESIAN_POINT('',(179.367948,-110.179333,1.585));
#3950 = VECTOR('',#3951,1.);
#3951 = DIRECTION('',(1.,0.,0.));
#3952 = ORIENTED_EDGE('',*,*,#3953,.T.);
#3953 = EDGE_CURVE('',#3946,#3954,#3956,.T.);
#3954 = VERTEX_POINT('',#3955);
#3955 = CARTESIAN_POINT('',(179.748901,-110.304333,1.585));
#3956 = CIRCLE('',#3957,6.2500000001E-02);
#3957 = AXIS2_PLACEMENT_3D('',#3958,#3959,#3960);
#3958 = CARTESIAN_POINT('',(179.74890064746,-110.241833,1.585));
#3959 = DIRECTION('',(0.,0.,-1.));
#3960 = DIRECTION('',(5.640538802164E-06,0.999999999984,0.));
#3961 = ORIENTED_EDGE('',*,*,#3962,.T.);
#3962 = EDGE_CURVE('',#3954,#3935,#3963,.T.);
#3963 = LINE('',#3964,#3965);
#3964 = CARTESIAN_POINT('',(179.748901,-110.304333,1.585));
#3965 = VECTOR('',#3966,1.);
#3966 = DIRECTION('',(-1.,0.,0.));
#3967 = PLANE('',#3968);
#3968 = AXIS2_PLACEMENT_3D('',#3969,#3970,#3971);
#3969 = CARTESIAN_POINT('',(0.,0.,1.585));
#3970 = DIRECTION('',(0.,0.,1.));
#3971 = DIRECTION('',(1.,0.,-0.));
#3972 = SHELL_BASED_SURFACE_MODEL('',(#3973));
#3973 = OPEN_SHELL('',(#3974));
#3974 = ADVANCED_FACE('',(#3975),#4011,.T.);
#3975 = FACE_BOUND('',#3976,.F.);
#3976 = EDGE_LOOP('',(#3977,#3988,#3996,#4005));
#3977 = ORIENTED_EDGE('',*,*,#3978,.T.);
#3978 = EDGE_CURVE('',#3979,#3981,#3983,.T.);
#3979 = VERTEX_POINT('',#3980);
#3980 = CARTESIAN_POINT('',(180.867948,-110.304333,1.585));
#3981 = VERTEX_POINT('',#3982);
#3982 = CARTESIAN_POINT('',(180.867948,-110.179333,1.585));
#3983 = CIRCLE('',#3984,6.2500000001E-02);
#3984 = AXIS2_PLACEMENT_3D('',#3985,#3986,#3987);
#3985 = CARTESIAN_POINT('',(180.86794835253,-110.241833,1.585));
#3986 = DIRECTION('',(0.,0.,-1.));
#3987 = DIRECTION('',(-5.640538802164E-06,-0.999999999984,-0.));
#3988 = ORIENTED_EDGE('',*,*,#3989,.T.);
#3989 = EDGE_CURVE('',#3981,#3990,#3992,.T.);
#3990 = VERTEX_POINT('',#3991);
#3991 = CARTESIAN_POINT('',(181.248901,-110.179333,1.585));
#3992 = LINE('',#3993,#3994);
#3993 = CARTESIAN_POINT('',(180.867948,-110.179333,1.585));
#3994 = VECTOR('',#3995,1.);
#3995 = DIRECTION('',(1.,0.,0.));
#3996 = ORIENTED_EDGE('',*,*,#3997,.T.);
#3997 = EDGE_CURVE('',#3990,#3998,#4000,.T.);
#3998 = VERTEX_POINT('',#3999);
#3999 = CARTESIAN_POINT('',(181.248901,-110.304333,1.585));
#4000 = CIRCLE('',#4001,6.2500000001E-02);
#4001 = AXIS2_PLACEMENT_3D('',#4002,#4003,#4004);
#4002 = CARTESIAN_POINT('',(181.24890064746,-110.241833,1.585));
#4003 = DIRECTION('',(0.,0.,-1.));
#4004 = DIRECTION('',(5.640538802164E-06,0.999999999984,0.));
#4005 = ORIENTED_EDGE('',*,*,#4006,.T.);
#4006 = EDGE_CURVE('',#3998,#3979,#4007,.T.);
#4007 = LINE('',#4008,#4009);
#4008 = CARTESIAN_POINT('',(181.248901,-110.304333,1.585));
#4009 = VECTOR('',#4010,1.);
#4010 = DIRECTION('',(-1.,0.,0.));
#4011 = PLANE('',#4012);
#4012 = AXIS2_PLACEMENT_3D('',#4013,#4014,#4015);
#4013 = CARTESIAN_POINT('',(0.,0.,1.585));
#4014 = DIRECTION('',(0.,0.,1.));
#4015 = DIRECTION('',(1.,0.,-0.));
#4016 = SHELL_BASED_SURFACE_MODEL('',(#4017));
#4017 = OPEN_SHELL('',(#4018));
#4018 = ADVANCED_FACE('',(#4019),#4055,.T.);
#4019 = FACE_BOUND('',#4020,.F.);
#4020 = EDGE_LOOP('',(#4021,#4032,#4040,#4049));
#4021 = ORIENTED_EDGE('',*,*,#4022,.T.);
#4022 = EDGE_CURVE('',#4023,#4025,#4027,.T.);
#4023 = VERTEX_POINT('',#4024);
#4024 = CARTESIAN_POINT('',(181.986996,-110.304333,1.585));
#4025 = VERTEX_POINT('',#4026);
#4026 = CARTESIAN_POINT('',(181.986996,-110.179333,1.585));
#4027 = CIRCLE('',#4028,6.2500000001E-02);
#4028 = AXIS2_PLACEMENT_3D('',#4029,#4030,#4031);
#4029 = CARTESIAN_POINT('',(181.98699635253,-110.241833,1.585));
#4030 = DIRECTION('',(0.,0.,-1.));
#4031 = DIRECTION('',(-5.640538802164E-06,-0.999999999984,-0.));
#4032 = ORIENTED_EDGE('',*,*,#4033,.T.);
#4033 = EDGE_CURVE('',#4025,#4034,#4036,.T.);
#4034 = VERTEX_POINT('',#4035);
#4035 = CARTESIAN_POINT('',(182.367949,-110.179333,1.585));
#4036 = LINE('',#4037,#4038);
#4037 = CARTESIAN_POINT('',(181.986996,-110.179333,1.585));
#4038 = VECTOR('',#4039,1.);
#4039 = DIRECTION('',(1.,0.,0.));
#4040 = ORIENTED_EDGE('',*,*,#4041,.T.);
#4041 = EDGE_CURVE('',#4034,#4042,#4044,.T.);
#4042 = VERTEX_POINT('',#4043);
#4043 = CARTESIAN_POINT('',(182.367949,-110.304333,1.585));
#4044 = CIRCLE('',#4045,6.2500000001E-02);
#4045 = AXIS2_PLACEMENT_3D('',#4046,#4047,#4048);
#4046 = CARTESIAN_POINT('',(182.36794864746,-110.241833,1.585));
#4047 = DIRECTION('',(0.,0.,-1.));
#4048 = DIRECTION('',(5.640539256912E-06,0.999999999984,0.));
#4049 = ORIENTED_EDGE('',*,*,#4050,.T.);
#4050 = EDGE_CURVE('',#4042,#4023,#4051,.T.);
#4051 = LINE('',#4052,#4053);
#4052 = CARTESIAN_POINT('',(182.367949,-110.304333,1.585));
#4053 = VECTOR('',#4054,1.);
#4054 = DIRECTION('',(-1.,0.,0.));
#4055 = PLANE('',#4056);
#4056 = AXIS2_PLACEMENT_3D('',#4057,#4058,#4059);
#4057 = CARTESIAN_POINT('',(0.,0.,1.585));
#4058 = DIRECTION('',(0.,0.,1.));
#4059 = DIRECTION('',(1.,0.,-0.));
#4060 = SHELL_BASED_SURFACE_MODEL('',(#4061));
#4061 = OPEN_SHELL('',(#4062));
#4062 = ADVANCED_FACE('',(#4063,#4188),#4256,.T.);
#4063 = FACE_BOUND('',#4064,.F.);
#4064 = EDGE_LOOP('',(#4065,#4076,#4084,#4092,#4100,#4108,#4116,#4124,
    #4133,#4141,#4149,#4157,#4165,#4173,#4182));
#4065 = ORIENTED_EDGE('',*,*,#4066,.T.);
#4066 = EDGE_CURVE('',#4067,#4069,#4071,.T.);
#4067 = VERTEX_POINT('',#4068);
#4068 = CARTESIAN_POINT('',(171.158649,-107.705752,1.585));
#4069 = VERTEX_POINT('',#4070);
#4070 = CARTESIAN_POINT('',(171.227783,-107.659558,1.585));
#4071 = CIRCLE('',#4072,5.000005199705E-02);
#4072 = AXIS2_PLACEMENT_3D('',#4073,#4074,#4075);
#4073 = CARTESIAN_POINT('',(171.20864905199,-107.7057521255,1.585));
#4074 = DIRECTION('',(0.,0.,-1.));
#4075 = DIRECTION('',(-0.999999999997,2.510606638502E-06,0.));
#4076 = ORIENTED_EDGE('',*,*,#4077,.T.);
#4077 = EDGE_CURVE('',#4069,#4078,#4080,.T.);
#4078 = VERTEX_POINT('',#4079);
#4079 = CARTESIAN_POINT('',(171.246679,-107.678454,1.585));
#4080 = LINE('',#4081,#4082);
#4081 = CARTESIAN_POINT('',(171.227783,-107.659558,1.585));
#4082 = VECTOR('',#4083,1.);
#4083 = DIRECTION('',(0.707106781187,-0.707106781186,0.));
#4084 = ORIENTED_EDGE('',*,*,#4085,.T.);
#4085 = EDGE_CURVE('',#4078,#4086,#4088,.T.);
#4086 = VERTEX_POINT('',#4087);
#4087 = CARTESIAN_POINT('',(171.300342,-107.655878,1.585));
#4088 = LINE('',#4089,#4090);
#4089 = CARTESIAN_POINT('',(171.246679,-107.678454,1.585));
#4090 = VECTOR('',#4091,1.);
#4091 = DIRECTION('',(0.921751730889,0.387780539227,0.));
#4092 = ORIENTED_EDGE('',*,*,#4093,.T.);
#4093 = EDGE_CURVE('',#4086,#4094,#4096,.T.);
#4094 = VERTEX_POINT('',#4095);
#4095 = CARTESIAN_POINT('',(171.496819,-107.65624,1.585));
#4096 = LINE('',#4097,#4098);
#4097 = CARTESIAN_POINT('',(171.300342,-107.655878,1.585));
#4098 = VECTOR('',#4099,1.);
#4099 = DIRECTION('',(0.999998302684,-1.842451714793E-03,0.));
#4100 = ORIENTED_EDGE('',*,*,#4101,.T.);
#4101 = EDGE_CURVE('',#4094,#4102,#4104,.T.);
#4102 = VERTEX_POINT('',#4103);
#4103 = CARTESIAN_POINT('',(171.516724,-107.661031,1.585));
#4104 = LINE('',#4105,#4106);
#4105 = CARTESIAN_POINT('',(171.496819,-107.65624,1.585));
#4106 = VECTOR('',#4107,1.);
#4107 = DIRECTION('',(0.972234133225,-0.234010235231,0.));
#4108 = ORIENTED_EDGE('',*,*,#4109,.T.);
#4109 = EDGE_CURVE('',#4102,#4110,#4112,.T.);
#4110 = VERTEX_POINT('',#4111);
#4111 = CARTESIAN_POINT('',(171.624956,-107.718016,1.585));
#4112 = LINE('',#4113,#4114);
#4113 = CARTESIAN_POINT('',(171.516724,-107.661031,1.585));
#4114 = VECTOR('',#4115,1.);
#4115 = DIRECTION('',(0.884848162195,-0.465879522902,0.));
#4116 = ORIENTED_EDGE('',*,*,#4117,.T.);
#4117 = EDGE_CURVE('',#4110,#4118,#4120,.T.);
#4118 = VERTEX_POINT('',#4119);
#4119 = CARTESIAN_POINT('',(171.681941,-107.778629,1.585));
#4120 = LINE('',#4121,#4122);
#4121 = CARTESIAN_POINT('',(171.624956,-107.718016,1.585));
#4122 = VECTOR('',#4123,1.);
#4123 = DIRECTION('',(0.68496603593,-0.728574999312,0.));
#4124 = ORIENTED_EDGE('',*,*,#4125,.T.);
#4125 = EDGE_CURVE('',#4118,#4126,#4128,.T.);
#4126 = VERTEX_POINT('',#4127);
#4127 = CARTESIAN_POINT('',(171.672576,-108.312535,1.585));
#4128 = CIRCLE('',#4129,0.484197587606);
#4129 = AXIS2_PLACEMENT_3D('',#4130,#4131,#4132);
#4130 = CARTESIAN_POINT('',(171.27338811326,-108.0384978949,1.585));
#4131 = DIRECTION('',(0.,0.,-1.));
#4132 = DIRECTION('',(0.84377307363,0.53670010268,0.));
#4133 = ORIENTED_EDGE('',*,*,#4134,.T.);
#4134 = EDGE_CURVE('',#4126,#4135,#4137,.T.);
#4135 = VERTEX_POINT('',#4136);
#4136 = CARTESIAN_POINT('',(171.611961,-108.369522,1.585));
#4137 = LINE('',#4138,#4139);
#4138 = CARTESIAN_POINT('',(171.672576,-108.312535,1.585));
#4139 = VECTOR('',#4140,1.);
#4140 = DIRECTION('',(-0.728574281239,-0.684966799719,0.));
#4141 = ORIENTED_EDGE('',*,*,#4142,.T.);
#4142 = EDGE_CURVE('',#4135,#4143,#4145,.T.);
#4143 = VERTEX_POINT('',#4144);
#4144 = CARTESIAN_POINT('',(171.505635,-108.420176,1.585));
#4145 = LINE('',#4146,#4147);
#4146 = CARTESIAN_POINT('',(171.611961,-108.369522,1.585));
#4147 = VECTOR('',#4148,1.);
#4148 = DIRECTION('',(-0.902786113268,-0.430089797241,0.));
#4149 = ORIENTED_EDGE('',*,*,#4150,.T.);
#4150 = EDGE_CURVE('',#4143,#4151,#4153,.T.);
#4151 = VERTEX_POINT('',#4152);
#4152 = CARTESIAN_POINT('',(171.292614,-108.420176,1.585));
#4153 = LINE('',#4154,#4155);
#4154 = CARTESIAN_POINT('',(171.505635,-108.420176,1.585));
#4155 = VECTOR('',#4156,1.);
#4156 = DIRECTION('',(-1.,0.,0.));
#4157 = ORIENTED_EDGE('',*,*,#4158,.T.);
#4158 = EDGE_CURVE('',#4151,#4159,#4161,.T.);
#4159 = VERTEX_POINT('',#4160);
#4160 = CARTESIAN_POINT('',(171.258649,-108.405701,1.585));
#4161 = LINE('',#4162,#4163);
#4162 = CARTESIAN_POINT('',(171.292614,-108.420176,1.585));
#4163 = VECTOR('',#4164,1.);
#4164 = DIRECTION('',(-0.919941681665,0.39205522868,0.));
#4165 = ORIENTED_EDGE('',*,*,#4166,.T.);
#4166 = EDGE_CURVE('',#4159,#4167,#4169,.T.);
#4167 = VERTEX_POINT('',#4168);
#4168 = CARTESIAN_POINT('',(171.258649,-108.705752,1.585));
#4169 = LINE('',#4170,#4171);
#4170 = CARTESIAN_POINT('',(171.258649,-108.405701,1.585));
#4171 = VECTOR('',#4172,1.);
#4172 = DIRECTION('',(0.,-1.,0.));
#4173 = ORIENTED_EDGE('',*,*,#4174,.T.);
#4174 = EDGE_CURVE('',#4167,#4175,#4177,.T.);
#4175 = VERTEX_POINT('',#4176);
#4176 = CARTESIAN_POINT('',(171.158649,-108.705752,1.585));
#4177 = CIRCLE('',#4178,5.000000000002E-02);
#4178 = AXIS2_PLACEMENT_3D('',#4179,#4180,#4181);
#4179 = CARTESIAN_POINT('',(171.208649,-108.7057519522,1.585));
#4180 = DIRECTION('',(-0.,0.,-1.));
#4181 = DIRECTION('',(1.,-9.542364409753E-07,-0.));
#4182 = ORIENTED_EDGE('',*,*,#4183,.T.);
#4183 = EDGE_CURVE('',#4175,#4067,#4184,.T.);
#4184 = LINE('',#4185,#4186);
#4185 = CARTESIAN_POINT('',(171.158649,-108.705752,1.585));
#4186 = VECTOR('',#4187,1.);
#4187 = DIRECTION('',(0.,1.,0.));
#4188 = FACE_BOUND('',#4189,.F.);
#4189 = EDGE_LOOP('',(#4190,#4201,#4209,#4217,#4225,#4233,#4241,#4250));
#4190 = ORIENTED_EDGE('',*,*,#4191,.T.);
#4191 = EDGE_CURVE('',#4192,#4194,#4196,.T.);
#4192 = VERTEX_POINT('',#4193);
#4193 = CARTESIAN_POINT('',(171.634839,-107.908031,1.585));
#4194 = VERTEX_POINT('',#4195);
#4195 = CARTESIAN_POINT('',(171.48256,-107.755752,1.585));
#4196 = CIRCLE('',#4197,0.215066604438);
#4197 = AXIS2_PLACEMENT_3D('',#4198,#4199,#4200);
#4198 = CARTESIAN_POINT('',(171.42705756628,-107.9635334337,1.585));
#4199 = DIRECTION('',(0.,0.,1.));
#4200 = DIRECTION('',(0.966125978774,0.258070907192,-0.));
#4201 = ORIENTED_EDGE('',*,*,#4202,.T.);
#4202 = EDGE_CURVE('',#4194,#4203,#4205,.T.);
#4203 = VERTEX_POINT('',#4204);
#4204 = CARTESIAN_POINT('',(171.315691,-107.755752,1.585));
#4205 = LINE('',#4206,#4207);
#4206 = CARTESIAN_POINT('',(171.48256,-107.755752,1.585));
#4207 = VECTOR('',#4208,1.);
#4208 = DIRECTION('',(-1.,0.,0.));
#4209 = ORIENTED_EDGE('',*,*,#4210,.T.);
#4210 = EDGE_CURVE('',#4203,#4211,#4213,.T.);
#4211 = VERTEX_POINT('',#4212);
#4212 = CARTESIAN_POINT('',(171.258649,-107.784272,1.585));
#4213 = LINE('',#4214,#4215);
#4214 = CARTESIAN_POINT('',(171.315691,-107.755752,1.585));
#4215 = VECTOR('',#4216,1.);
#4216 = DIRECTION('',(-0.894433463016,-0.447201051247,0.));
#4217 = ORIENTED_EDGE('',*,*,#4218,.T.);
#4218 = EDGE_CURVE('',#4211,#4219,#4221,.T.);
#4219 = VERTEX_POINT('',#4220);
#4220 = CARTESIAN_POINT('',(171.258649,-108.293898,1.585));
#4221 = LINE('',#4222,#4223);
#4222 = CARTESIAN_POINT('',(171.258649,-107.784272,1.585));
#4223 = VECTOR('',#4224,1.);
#4224 = DIRECTION('',(0.,-1.,0.));
#4225 = ORIENTED_EDGE('',*,*,#4226,.T.);
#4226 = EDGE_CURVE('',#4219,#4227,#4229,.T.);
#4227 = VERTEX_POINT('',#4228);
#4228 = CARTESIAN_POINT('',(171.315691,-108.322419,1.585));
#4229 = LINE('',#4230,#4231);
#4230 = CARTESIAN_POINT('',(171.258649,-108.293898,1.585));
#4231 = VECTOR('',#4232,1.);
#4232 = DIRECTION('',(0.894427191,-0.4472135955,0.));
#4233 = ORIENTED_EDGE('',*,*,#4234,.T.);
#4234 = EDGE_CURVE('',#4227,#4235,#4237,.T.);
#4235 = VERTEX_POINT('',#4236);
#4236 = CARTESIAN_POINT('',(171.48256,-108.322419,1.585));
#4237 = LINE('',#4238,#4239);
#4238 = CARTESIAN_POINT('',(171.315691,-108.322419,1.585));
#4239 = VECTOR('',#4240,1.);
#4240 = DIRECTION('',(1.,0.,0.));
#4241 = ORIENTED_EDGE('',*,*,#4242,.T.);
#4242 = EDGE_CURVE('',#4235,#4243,#4245,.T.);
#4243 = VERTEX_POINT('',#4244);
#4244 = CARTESIAN_POINT('',(171.634839,-108.170138,1.585));
#4245 = CIRCLE('',#4246,0.215068068383);
#4246 = AXIS2_PLACEMENT_3D('',#4247,#4248,#4249);
#4247 = CARTESIAN_POINT('',(171.42705579516,-108.1146365241,1.585));
#4248 = DIRECTION('',(0.,0.,1.));
#4249 = DIRECTION('',(0.258077385714,-0.966124248212,0.));
#4250 = ORIENTED_EDGE('',*,*,#4251,.T.);
#4251 = EDGE_CURVE('',#4243,#4192,#4252,.T.);
#4252 = LINE('',#4253,#4254);
#4253 = CARTESIAN_POINT('',(171.634839,-108.170138,1.585));
#4254 = VECTOR('',#4255,1.);
#4255 = DIRECTION('',(0.,1.,0.));
#4256 = PLANE('',#4257);
#4257 = AXIS2_PLACEMENT_3D('',#4258,#4259,#4260);
#4258 = CARTESIAN_POINT('',(0.,0.,1.585));
#4259 = DIRECTION('',(0.,0.,1.));
#4260 = DIRECTION('',(1.,0.,-0.));
#4261 = SHELL_BASED_SURFACE_MODEL('',(#4262));
#4262 = OPEN_SHELL('',(#4263));
#4263 = ADVANCED_FACE('',(#4264),#4487,.T.);
#4264 = FACE_BOUND('',#4265,.F.);
#4265 = EDGE_LOOP('',(#4266,#4276,#4284,#4292,#4300,#4308,#4317,#4325,
    #4334,#4342,#4351,#4359,#4367,#4375,#4384,#4392,#4401,#4409,#4417,
    #4425,#4433,#4441,#4449,#4457,#4465,#4473,#4481));
#4266 = ORIENTED_EDGE('',*,*,#4267,.T.);
#4267 = EDGE_CURVE('',#4268,#4270,#4272,.T.);
#4268 = VERTEX_POINT('',#4269);
#4269 = CARTESIAN_POINT('',(153.030434,-107.479921,1.585));
#4270 = VERTEX_POINT('',#4271);
#4271 = CARTESIAN_POINT('',(153.135232,-107.378294,1.585));
#4272 = LINE('',#4273,#4274);
#4273 = CARTESIAN_POINT('',(153.030434,-107.479921,1.585));
#4274 = VECTOR('',#4275,1.);
#4275 = DIRECTION('',(0.717884313348,0.696162418297,0.));
#4276 = ORIENTED_EDGE('',*,*,#4277,.T.);
#4277 = EDGE_CURVE('',#4270,#4278,#4280,.T.);
#4278 = VERTEX_POINT('',#4279);
#4279 = CARTESIAN_POINT('',(153.303884,-107.322419,1.585));
#4280 = LINE('',#4281,#4282);
#4281 = CARTESIAN_POINT('',(153.135232,-107.378294,1.585));
#4282 = VECTOR('',#4283,1.);
#4283 = DIRECTION('',(0.949259761241,0.314493093229,0.));
#4284 = ORIENTED_EDGE('',*,*,#4285,.T.);
#4285 = EDGE_CURVE('',#4278,#4286,#4288,.T.);
#4286 = VERTEX_POINT('',#4287);
#4287 = CARTESIAN_POINT('',(153.406984,-107.323982,1.585));
#4288 = LINE('',#4289,#4290);
#4289 = CARTESIAN_POINT('',(153.303884,-107.322419,1.585));
#4290 = VECTOR('',#4291,1.);
#4291 = DIRECTION('',(0.999885106416,-1.515829700613E-02,0.));
#4292 = ORIENTED_EDGE('',*,*,#4293,.T.);
#4293 = EDGE_CURVE('',#4286,#4294,#4296,.T.);
#4294 = VERTEX_POINT('',#4295);
#4295 = CARTESIAN_POINT('',(153.567777,-107.378297,1.585));
#4296 = LINE('',#4297,#4298);
#4297 = CARTESIAN_POINT('',(153.406984,-107.323982,1.585));
#4298 = VECTOR('',#4299,1.);
#4299 = DIRECTION('',(0.947407692768,-0.320029160677,0.));
#4300 = ORIENTED_EDGE('',*,*,#4301,.T.);
#4301 = EDGE_CURVE('',#4294,#4302,#4304,.T.);
#4302 = VERTEX_POINT('',#4303);
#4303 = CARTESIAN_POINT('',(153.624953,-107.432301,1.585));
#4304 = LINE('',#4305,#4306);
#4305 = CARTESIAN_POINT('',(153.567777,-107.378297,1.585));
#4306 = VECTOR('',#4307,1.);
#4307 = DIRECTION('',(0.726984942781,-0.686653400902,0.));
#4308 = ORIENTED_EDGE('',*,*,#4309,.T.);
#4309 = EDGE_CURVE('',#4302,#4310,#4312,.T.);
#4310 = VERTEX_POINT('',#4311);
#4311 = CARTESIAN_POINT('',(153.570463,-107.513851,1.585));
#4312 = CIRCLE('',#4313,5.00003616048E-02);
#4313 = AXIS2_PLACEMENT_3D('',#4314,#4315,#4316);
#4314 = CARTESIAN_POINT('',(153.58959763399,-107.4676568235,1.585));
#4315 = DIRECTION('',(0.,0.,-1.));
#4316 = DIRECTION('',(0.707102206211,0.707111356133,0.));
#4317 = ORIENTED_EDGE('',*,*,#4318,.T.);
#4318 = EDGE_CURVE('',#4310,#4319,#4321,.T.);
#4319 = VERTEX_POINT('',#4320);
#4320 = CARTESIAN_POINT('',(153.51497,-107.463739,1.585));
#4321 = LINE('',#4322,#4323);
#4322 = CARTESIAN_POINT('',(153.570463,-107.513851,1.585));
#4323 = VECTOR('',#4324,1.);
#4324 = DIRECTION('',(-0.742173885816,0.670207373291,0.));
#4325 = ORIENTED_EDGE('',*,*,#4326,.T.);
#4326 = EDGE_CURVE('',#4319,#4327,#4329,.T.);
#4327 = VERTEX_POINT('',#4328);
#4328 = CARTESIAN_POINT('',(153.188035,-107.463739,1.585));
#4329 = CIRCLE('',#4330,0.327514923727);
#4330 = AXIS2_PLACEMENT_3D('',#4331,#4332,#4333);
#4331 = CARTESIAN_POINT('',(153.3515025,-107.7475424561,1.585));
#4332 = DIRECTION('',(0.,0.,1.));
#4333 = DIRECTION('',(0.499114660609,0.866535951687,-0.));
#4334 = ORIENTED_EDGE('',*,*,#4335,.T.);
#4335 = EDGE_CURVE('',#4327,#4336,#4338,.T.);
#4336 = VERTEX_POINT('',#4337);
#4337 = CARTESIAN_POINT('',(153.106882,-107.544893,1.585));
#4338 = LINE('',#4339,#4340);
#4339 = CARTESIAN_POINT('',(153.188035,-107.463739,1.585));
#4340 = VECTOR('',#4341,1.);
#4341 = DIRECTION('',(-0.707102424572,-0.707111137774,0.));
#4342 = ORIENTED_EDGE('',*,*,#4343,.T.);
#4343 = EDGE_CURVE('',#4336,#4344,#4346,.T.);
#4344 = VERTEX_POINT('',#4345);
#4345 = CARTESIAN_POINT('',(153.020551,-107.937692,1.585));
#4346 = CIRCLE('',#4347,0.639220185755);
#4347 = AXIS2_PLACEMENT_3D('',#4348,#4349,#4350);
#4348 = CARTESIAN_POINT('',(153.65633914624,-107.8715415731,1.585));
#4349 = DIRECTION('',(0.,0.,1.));
#4350 = DIRECTION('',(-0.859574147509,0.511011041891,0.));
#4351 = ORIENTED_EDGE('',*,*,#4352,.T.);
#4352 = EDGE_CURVE('',#4344,#4353,#4355,.T.);
#4353 = VERTEX_POINT('',#4354);
#4354 = CARTESIAN_POINT('',(153.065346,-108.116872,1.585));
#4355 = LINE('',#4356,#4357);
#4356 = CARTESIAN_POINT('',(153.020551,-107.937692,1.585));
#4357 = VECTOR('',#4358,1.);
#4358 = DIRECTION('',(0.242535625036,-0.970142500145,0.));
#4359 = ORIENTED_EDGE('',*,*,#4360,.T.);
#4360 = EDGE_CURVE('',#4353,#4361,#4363,.T.);
#4361 = VERTEX_POINT('',#4362);
#4362 = CARTESIAN_POINT('',(153.106881,-108.199942,1.585));
#4363 = LINE('',#4364,#4365);
#4364 = CARTESIAN_POINT('',(153.065346,-108.116872,1.585));
#4365 = VECTOR('',#4366,1.);
#4366 = DIRECTION('',(0.4472135955,-0.894427191,0.));
#4367 = ORIENTED_EDGE('',*,*,#4368,.T.);
#4368 = EDGE_CURVE('',#4361,#4369,#4371,.T.);
#4369 = VERTEX_POINT('',#4370);
#4370 = CARTESIAN_POINT('',(153.188037,-108.281099,1.585));
#4371 = LINE('',#4372,#4373);
#4372 = CARTESIAN_POINT('',(153.106881,-108.199942,1.585));
#4373 = VECTOR('',#4374,1.);
#4374 = DIRECTION('',(0.707102424734,-0.707111137613,0.));
#4375 = ORIENTED_EDGE('',*,*,#4376,.T.);
#4376 = EDGE_CURVE('',#4369,#4377,#4379,.T.);
#4377 = VERTEX_POINT('',#4378);
#4378 = CARTESIAN_POINT('',(153.514969,-108.281098,1.585));
#4379 = CIRCLE('',#4380,0.327506757273);
#4380 = AXIS2_PLACEMENT_3D('',#4381,#4382,#4383);
#4381 = CARTESIAN_POINT('',(153.35150213194,-107.9973036041,1.585));
#4382 = DIRECTION('',(0.,0.,1.));
#4383 = DIRECTION('',(-0.499119875591,-0.866532947896,0.));
#4384 = ORIENTED_EDGE('',*,*,#4385,.T.);
#4385 = EDGE_CURVE('',#4377,#4386,#4388,.T.);
#4386 = VERTEX_POINT('',#4387);
#4387 = CARTESIAN_POINT('',(153.570463,-108.230986,1.585));
#4388 = LINE('',#4389,#4390);
#4389 = CARTESIAN_POINT('',(153.514969,-108.281098,1.585));
#4390 = VECTOR('',#4391,1.);
#4391 = DIRECTION('',(0.742179893117,0.670200720869,0.));
#4392 = ORIENTED_EDGE('',*,*,#4393,.T.);
#4393 = EDGE_CURVE('',#4386,#4394,#4396,.T.);
#4394 = VERTEX_POINT('',#4395);
#4395 = CARTESIAN_POINT('',(153.635792,-108.296314,1.585));
#4396 = CIRCLE('',#4397,5.000033860542E-02);
#4397 = AXIS2_PLACEMENT_3D('',#4398,#4399,#4400);
#4398 = CARTESIAN_POINT('',(153.5895975,-108.2771802071,1.585));
#4399 = DIRECTION('',(0.,0.,-1.));
#4400 = DIRECTION('',(-0.3826874084,0.923877885574,0.));
#4401 = ORIENTED_EDGE('',*,*,#4402,.T.);
#4402 = EDGE_CURVE('',#4394,#4403,#4405,.T.);
#4403 = VERTEX_POINT('',#4404);
#4404 = CARTESIAN_POINT('',(153.577335,-108.360155,1.585));
#4405 = LINE('',#4406,#4407);
#4406 = CARTESIAN_POINT('',(153.635792,-108.296314,1.585));
#4407 = VECTOR('',#4408,1.);
#4408 = DIRECTION('',(-0.675323286832,-0.737521835787,0.));
#4409 = ORIENTED_EDGE('',*,*,#4410,.T.);
#4410 = EDGE_CURVE('',#4403,#4411,#4413,.T.);
#4411 = VERTEX_POINT('',#4412);
#4412 = CARTESIAN_POINT('',(153.55779,-108.372234,1.585));
#4413 = LINE('',#4414,#4415);
#4414 = CARTESIAN_POINT('',(153.577335,-108.360155,1.585));
#4415 = VECTOR('',#4416,1.);
#4416 = DIRECTION('',(-0.850660040262,-0.525716174281,0.));
#4417 = ORIENTED_EDGE('',*,*,#4418,.T.);
#4418 = EDGE_CURVE('',#4411,#4419,#4421,.T.);
#4419 = VERTEX_POINT('',#4420);
#4420 = CARTESIAN_POINT('',(153.399122,-108.422419,1.585));
#4421 = LINE('',#4422,#4423);
#4422 = CARTESIAN_POINT('',(153.55779,-108.372234,1.585));
#4423 = VECTOR('',#4424,1.);
#4424 = DIRECTION('',(-0.953445705362,-0.301564730907,0.));
#4425 = ORIENTED_EDGE('',*,*,#4426,.T.);
#4426 = EDGE_CURVE('',#4419,#4427,#4429,.T.);
#4427 = VERTEX_POINT('',#4428);
#4428 = CARTESIAN_POINT('',(153.288072,-108.419853,1.585));
#4429 = LINE('',#4430,#4431);
#4430 = CARTESIAN_POINT('',(153.399122,-108.422419,1.585));
#4431 = VECTOR('',#4432,1.);
#4432 = DIRECTION('',(-0.999733146861,2.310054259204E-02,0.));
#4433 = ORIENTED_EDGE('',*,*,#4434,.T.);
#4434 = EDGE_CURVE('',#4427,#4435,#4437,.T.);
#4435 = VERTEX_POINT('',#4436);
#4436 = CARTESIAN_POINT('',(153.135232,-108.366543,1.585));
#4437 = LINE('',#4438,#4439);
#4438 = CARTESIAN_POINT('',(153.288072,-108.419853,1.585));
#4439 = VECTOR('',#4440,1.);
#4440 = DIRECTION('',(-0.944212244466,0.329337573623,0.));
#4441 = ORIENTED_EDGE('',*,*,#4442,.T.);
#4442 = EDGE_CURVE('',#4435,#4443,#4445,.T.);
#4443 = VERTEX_POINT('',#4444);
#4444 = CARTESIAN_POINT('',(153.021067,-108.251921,1.585));
#4445 = LINE('',#4446,#4447);
#4446 = CARTESIAN_POINT('',(153.135232,-108.366543,1.585));
#4447 = VECTOR('',#4448,1.);
#4448 = DIRECTION('',(-0.705692933827,0.708517807219,0.));
#4449 = ORIENTED_EDGE('',*,*,#4450,.T.);
#4450 = EDGE_CURVE('',#4443,#4451,#4453,.T.);
#4451 = VERTEX_POINT('',#4452);
#4452 = CARTESIAN_POINT('',(152.969663,-108.14645,1.585));
#4453 = LINE('',#4454,#4455);
#4454 = CARTESIAN_POINT('',(153.021067,-108.251921,1.585));
#4455 = VECTOR('',#4456,1.);
#4456 = DIRECTION('',(-0.438111947913,0.898920419779,0.));
#4457 = ORIENTED_EDGE('',*,*,#4458,.T.);
#4458 = EDGE_CURVE('',#4451,#4459,#4461,.T.);
#4459 = VERTEX_POINT('',#4460);
#4460 = CARTESIAN_POINT('',(152.920551,-107.943847,1.585));
#4461 = LINE('',#4462,#4463);
#4462 = CARTESIAN_POINT('',(152.969663,-108.14645,1.585));
#4463 = VECTOR('',#4464,1.);
#4464 = DIRECTION('',(-0.235582452421,0.97185436569,0.));
#4465 = ORIENTED_EDGE('',*,*,#4466,.T.);
#4466 = EDGE_CURVE('',#4459,#4467,#4469,.T.);
#4467 = VERTEX_POINT('',#4468);
#4468 = CARTESIAN_POINT('',(152.922044,-107.788863,1.585));
#4469 = LINE('',#4470,#4471);
#4470 = CARTESIAN_POINT('',(152.920551,-107.943847,1.585));
#4471 = VECTOR('',#4472,1.);
#4472 = DIRECTION('',(9.632805515185E-03,0.999953603453,0.));
#4473 = ORIENTED_EDGE('',*,*,#4474,.T.);
#4474 = EDGE_CURVE('',#4467,#4475,#4477,.T.);
#4475 = VERTEX_POINT('',#4476);
#4476 = CARTESIAN_POINT('',(152.973449,-107.588153,1.585));
#4477 = LINE('',#4478,#4479);
#4478 = CARTESIAN_POINT('',(152.922044,-107.788863,1.585));
#4479 = VECTOR('',#4480,1.);
#4480 = DIRECTION('',(0.248107678388,0.968732460448,0.));
#4481 = ORIENTED_EDGE('',*,*,#4482,.T.);
#4482 = EDGE_CURVE('',#4475,#4268,#4483,.T.);
#4483 = LINE('',#4484,#4485);
#4484 = CARTESIAN_POINT('',(152.973449,-107.588153,1.585));
#4485 = VECTOR('',#4486,1.);
#4486 = DIRECTION('',(0.465879522902,0.884848162195,0.));
#4487 = PLANE('',#4488);
#4488 = AXIS2_PLACEMENT_3D('',#4489,#4490,#4491);
#4489 = CARTESIAN_POINT('',(0.,0.,1.585));
#4490 = DIRECTION('',(0.,0.,1.));
#4491 = DIRECTION('',(1.,0.,-0.));
#4492 = SHELL_BASED_SURFACE_MODEL('',(#4493));
#4493 = OPEN_SHELL('',(#4494));
#4494 = ADVANCED_FACE('',(#4495),#4718,.T.);
#4495 = FACE_BOUND('',#4496,.F.);
#4496 = EDGE_LOOP('',(#4497,#4507,#4515,#4523,#4531,#4539,#4548,#4556,
    #4565,#4573,#4582,#4590,#4598,#4606,#4615,#4623,#4632,#4640,#4648,
    #4656,#4664,#4672,#4680,#4688,#4696,#4704,#4712));
#4497 = ORIENTED_EDGE('',*,*,#4498,.T.);
#4498 = EDGE_CURVE('',#4499,#4501,#4503,.T.);
#4499 = VERTEX_POINT('',#4500);
#4500 = CARTESIAN_POINT('',(155.697101,-107.479921,1.585));
#4501 = VERTEX_POINT('',#4502);
#4502 = CARTESIAN_POINT('',(155.801899,-107.378294,1.585));
#4503 = LINE('',#4504,#4505);
#4504 = CARTESIAN_POINT('',(155.697101,-107.479921,1.585));
#4505 = VECTOR('',#4506,1.);
#4506 = DIRECTION('',(0.717884313348,0.696162418297,0.));
#4507 = ORIENTED_EDGE('',*,*,#4508,.T.);
#4508 = EDGE_CURVE('',#4501,#4509,#4511,.T.);
#4509 = VERTEX_POINT('',#4510);
#4510 = CARTESIAN_POINT('',(155.970551,-107.322419,1.585));
#4511 = LINE('',#4512,#4513);
#4512 = CARTESIAN_POINT('',(155.801899,-107.378294,1.585));
#4513 = VECTOR('',#4514,1.);
#4514 = DIRECTION('',(0.949259761241,0.314493093229,0.));
#4515 = ORIENTED_EDGE('',*,*,#4516,.T.);
#4516 = EDGE_CURVE('',#4509,#4517,#4519,.T.);
#4517 = VERTEX_POINT('',#4518);
#4518 = CARTESIAN_POINT('',(156.073651,-107.323982,1.585));
#4519 = LINE('',#4520,#4521);
#4520 = CARTESIAN_POINT('',(155.970551,-107.322419,1.585));
#4521 = VECTOR('',#4522,1.);
#4522 = DIRECTION('',(0.999885106416,-1.515829700613E-02,0.));
#4523 = ORIENTED_EDGE('',*,*,#4524,.T.);
#4524 = EDGE_CURVE('',#4517,#4525,#4527,.T.);
#4525 = VERTEX_POINT('',#4526);
#4526 = CARTESIAN_POINT('',(156.234444,-107.378297,1.585));
#4527 = LINE('',#4528,#4529);
#4528 = CARTESIAN_POINT('',(156.073651,-107.323982,1.585));
#4529 = VECTOR('',#4530,1.);
#4530 = DIRECTION('',(0.947407692768,-0.320029160677,0.));
#4531 = ORIENTED_EDGE('',*,*,#4532,.T.);
#4532 = EDGE_CURVE('',#4525,#4533,#4535,.T.);
#4533 = VERTEX_POINT('',#4534);
#4534 = CARTESIAN_POINT('',(156.29162,-107.432301,1.585));
#4535 = LINE('',#4536,#4537);
#4536 = CARTESIAN_POINT('',(156.234444,-107.378297,1.585));
#4537 = VECTOR('',#4538,1.);
#4538 = DIRECTION('',(0.726984942781,-0.686653400902,0.));
#4539 = ORIENTED_EDGE('',*,*,#4540,.T.);
#4540 = EDGE_CURVE('',#4533,#4541,#4543,.T.);
#4541 = VERTEX_POINT('',#4542);
#4542 = CARTESIAN_POINT('',(156.23713,-107.513851,1.585));
#4543 = CIRCLE('',#4544,5.000036160479E-02);
#4544 = AXIS2_PLACEMENT_3D('',#4545,#4546,#4547);
#4545 = CARTESIAN_POINT('',(156.25626463399,-107.4676568235,1.585));
#4546 = DIRECTION('',(0.,0.,-1.));
#4547 = DIRECTION('',(0.707102206211,0.707111356133,0.));
#4548 = ORIENTED_EDGE('',*,*,#4549,.T.);
#4549 = EDGE_CURVE('',#4541,#4550,#4552,.T.);
#4550 = VERTEX_POINT('',#4551);
#4551 = CARTESIAN_POINT('',(156.181637,-107.463739,1.585));
#4552 = LINE('',#4553,#4554);
#4553 = CARTESIAN_POINT('',(156.23713,-107.513851,1.585));
#4554 = VECTOR('',#4555,1.);
#4555 = DIRECTION('',(-0.742173885816,0.67020737329,0.));
#4556 = ORIENTED_EDGE('',*,*,#4557,.T.);
#4557 = EDGE_CURVE('',#4550,#4558,#4560,.T.);
#4558 = VERTEX_POINT('',#4559);
#4559 = CARTESIAN_POINT('',(155.854702,-107.463739,1.585));
#4560 = CIRCLE('',#4561,0.327514923727);
#4561 = AXIS2_PLACEMENT_3D('',#4562,#4563,#4564);
#4562 = CARTESIAN_POINT('',(156.0181695,-107.7475424561,1.585));
#4563 = DIRECTION('',(0.,0.,1.));
#4564 = DIRECTION('',(0.499114660609,0.866535951687,-0.));
#4565 = ORIENTED_EDGE('',*,*,#4566,.T.);
#4566 = EDGE_CURVE('',#4558,#4567,#4569,.T.);
#4567 = VERTEX_POINT('',#4568);
#4568 = CARTESIAN_POINT('',(155.773549,-107.544893,1.585));
#4569 = LINE('',#4570,#4571);
#4570 = CARTESIAN_POINT('',(155.854702,-107.463739,1.585));
#4571 = VECTOR('',#4572,1.);
#4572 = DIRECTION('',(-0.707102424572,-0.707111137774,0.));
#4573 = ORIENTED_EDGE('',*,*,#4574,.T.);
#4574 = EDGE_CURVE('',#4567,#4575,#4577,.T.);
#4575 = VERTEX_POINT('',#4576);
#4576 = CARTESIAN_POINT('',(155.687218,-107.937692,1.585));
#4577 = CIRCLE('',#4578,0.639220185755);
#4578 = AXIS2_PLACEMENT_3D('',#4579,#4580,#4581);
#4579 = CARTESIAN_POINT('',(156.32300614624,-107.8715415731,1.585));
#4580 = DIRECTION('',(0.,0.,1.));
#4581 = DIRECTION('',(-0.859574147509,0.511011041891,0.));
#4582 = ORIENTED_EDGE('',*,*,#4583,.T.);
#4583 = EDGE_CURVE('',#4575,#4584,#4586,.T.);
#4584 = VERTEX_POINT('',#4585);
#4585 = CARTESIAN_POINT('',(155.732013,-108.116872,1.585));
#4586 = LINE('',#4587,#4588);
#4587 = CARTESIAN_POINT('',(155.687218,-107.937692,1.585));
#4588 = VECTOR('',#4589,1.);
#4589 = DIRECTION('',(0.242535625036,-0.970142500145,0.));
#4590 = ORIENTED_EDGE('',*,*,#4591,.T.);
#4591 = EDGE_CURVE('',#4584,#4592,#4594,.T.);
#4592 = VERTEX_POINT('',#4593);
#4593 = CARTESIAN_POINT('',(155.773548,-108.199942,1.585));
#4594 = LINE('',#4595,#4596);
#4595 = CARTESIAN_POINT('',(155.732013,-108.116872,1.585));
#4596 = VECTOR('',#4597,1.);
#4597 = DIRECTION('',(0.4472135955,-0.894427191,0.));
#4598 = ORIENTED_EDGE('',*,*,#4599,.T.);
#4599 = EDGE_CURVE('',#4592,#4600,#4602,.T.);
#4600 = VERTEX_POINT('',#4601);
#4601 = CARTESIAN_POINT('',(155.854704,-108.281099,1.585));
#4602 = LINE('',#4603,#4604);
#4603 = CARTESIAN_POINT('',(155.773548,-108.199942,1.585));
#4604 = VECTOR('',#4605,1.);
#4605 = DIRECTION('',(0.707102424733,-0.707111137613,0.));
#4606 = ORIENTED_EDGE('',*,*,#4607,.T.);
#4607 = EDGE_CURVE('',#4600,#4608,#4610,.T.);
#4608 = VERTEX_POINT('',#4609);
#4609 = CARTESIAN_POINT('',(156.181636,-108.281098,1.585));
#4610 = CIRCLE('',#4611,0.327506757273);
#4611 = AXIS2_PLACEMENT_3D('',#4612,#4613,#4614);
#4612 = CARTESIAN_POINT('',(156.01816913194,-107.9973036041,1.585));
#4613 = DIRECTION('',(0.,0.,1.));
#4614 = DIRECTION('',(-0.499119875591,-0.866532947896,0.));
#4615 = ORIENTED_EDGE('',*,*,#4616,.T.);
#4616 = EDGE_CURVE('',#4608,#4617,#4619,.T.);
#4617 = VERTEX_POINT('',#4618);
#4618 = CARTESIAN_POINT('',(156.23713,-108.230986,1.585));
#4619 = LINE('',#4620,#4621);
#4620 = CARTESIAN_POINT('',(156.181636,-108.281098,1.585));
#4621 = VECTOR('',#4622,1.);
#4622 = DIRECTION('',(0.742179893117,0.670200720869,0.));
#4623 = ORIENTED_EDGE('',*,*,#4624,.T.);
#4624 = EDGE_CURVE('',#4617,#4625,#4627,.T.);
#4625 = VERTEX_POINT('',#4626);
#4626 = CARTESIAN_POINT('',(156.302459,-108.296314,1.585));
#4627 = CIRCLE('',#4628,5.000033860542E-02);
#4628 = AXIS2_PLACEMENT_3D('',#4629,#4630,#4631);
#4629 = CARTESIAN_POINT('',(156.2562645,-108.2771802071,1.585));
#4630 = DIRECTION('',(0.,0.,-1.));
#4631 = DIRECTION('',(-0.382687408399,0.923877885574,0.));
#4632 = ORIENTED_EDGE('',*,*,#4633,.T.);
#4633 = EDGE_CURVE('',#4625,#4634,#4636,.T.);
#4634 = VERTEX_POINT('',#4635);
#4635 = CARTESIAN_POINT('',(156.244002,-108.360155,1.585));
#4636 = LINE('',#4637,#4638);
#4637 = CARTESIAN_POINT('',(156.302459,-108.296314,1.585));
#4638 = VECTOR('',#4639,1.);
#4639 = DIRECTION('',(-0.675323286832,-0.737521835787,0.));
#4640 = ORIENTED_EDGE('',*,*,#4641,.T.);
#4641 = EDGE_CURVE('',#4634,#4642,#4644,.T.);
#4642 = VERTEX_POINT('',#4643);
#4643 = CARTESIAN_POINT('',(156.224457,-108.372234,1.585));
#4644 = LINE('',#4645,#4646);
#4645 = CARTESIAN_POINT('',(156.244002,-108.360155,1.585));
#4646 = VECTOR('',#4647,1.);
#4647 = DIRECTION('',(-0.850660040262,-0.525716174281,0.));
#4648 = ORIENTED_EDGE('',*,*,#4649,.T.);
#4649 = EDGE_CURVE('',#4642,#4650,#4652,.T.);
#4650 = VERTEX_POINT('',#4651);
#4651 = CARTESIAN_POINT('',(156.065789,-108.422419,1.585));
#4652 = LINE('',#4653,#4654);
#4653 = CARTESIAN_POINT('',(156.224457,-108.372234,1.585));
#4654 = VECTOR('',#4655,1.);
#4655 = DIRECTION('',(-0.953445705362,-0.301564730907,0.));
#4656 = ORIENTED_EDGE('',*,*,#4657,.T.);
#4657 = EDGE_CURVE('',#4650,#4658,#4660,.T.);
#4658 = VERTEX_POINT('',#4659);
#4659 = CARTESIAN_POINT('',(155.954739,-108.419853,1.585));
#4660 = LINE('',#4661,#4662);
#4661 = CARTESIAN_POINT('',(156.065789,-108.422419,1.585));
#4662 = VECTOR('',#4663,1.);
#4663 = DIRECTION('',(-0.999733146861,2.310054259204E-02,0.));
#4664 = ORIENTED_EDGE('',*,*,#4665,.T.);
#4665 = EDGE_CURVE('',#4658,#4666,#4668,.T.);
#4666 = VERTEX_POINT('',#4667);
#4667 = CARTESIAN_POINT('',(155.801899,-108.366543,1.585));
#4668 = LINE('',#4669,#4670);
#4669 = CARTESIAN_POINT('',(155.954739,-108.419853,1.585));
#4670 = VECTOR('',#4671,1.);
#4671 = DIRECTION('',(-0.944212244466,0.329337573623,0.));
#4672 = ORIENTED_EDGE('',*,*,#4673,.T.);
#4673 = EDGE_CURVE('',#4666,#4674,#4676,.T.);
#4674 = VERTEX_POINT('',#4675);
#4675 = CARTESIAN_POINT('',(155.687734,-108.251921,1.585));
#4676 = LINE('',#4677,#4678);
#4677 = CARTESIAN_POINT('',(155.801899,-108.366543,1.585));
#4678 = VECTOR('',#4679,1.);
#4679 = DIRECTION('',(-0.705692933827,0.708517807219,0.));
#4680 = ORIENTED_EDGE('',*,*,#4681,.T.);
#4681 = EDGE_CURVE('',#4674,#4682,#4684,.T.);
#4682 = VERTEX_POINT('',#4683);
#4683 = CARTESIAN_POINT('',(155.63633,-108.14645,1.585));
#4684 = LINE('',#4685,#4686);
#4685 = CARTESIAN_POINT('',(155.687734,-108.251921,1.585));
#4686 = VECTOR('',#4687,1.);
#4687 = DIRECTION('',(-0.438111947913,0.898920419779,0.));
#4688 = ORIENTED_EDGE('',*,*,#4689,.T.);
#4689 = EDGE_CURVE('',#4682,#4690,#4692,.T.);
#4690 = VERTEX_POINT('',#4691);
#4691 = CARTESIAN_POINT('',(155.587218,-107.943847,1.585));
#4692 = LINE('',#4693,#4694);
#4693 = CARTESIAN_POINT('',(155.63633,-108.14645,1.585));
#4694 = VECTOR('',#4695,1.);
#4695 = DIRECTION('',(-0.235582452421,0.97185436569,0.));
#4696 = ORIENTED_EDGE('',*,*,#4697,.T.);
#4697 = EDGE_CURVE('',#4690,#4698,#4700,.T.);
#4698 = VERTEX_POINT('',#4699);
#4699 = CARTESIAN_POINT('',(155.588711,-107.788863,1.585));
#4700 = LINE('',#4701,#4702);
#4701 = CARTESIAN_POINT('',(155.587218,-107.943847,1.585));
#4702 = VECTOR('',#4703,1.);
#4703 = DIRECTION('',(9.632805515002E-03,0.999953603453,0.));
#4704 = ORIENTED_EDGE('',*,*,#4705,.T.);
#4705 = EDGE_CURVE('',#4698,#4706,#4708,.T.);
#4706 = VERTEX_POINT('',#4707);
#4707 = CARTESIAN_POINT('',(155.640116,-107.588153,1.585));
#4708 = LINE('',#4709,#4710);
#4709 = CARTESIAN_POINT('',(155.588711,-107.788863,1.585));
#4710 = VECTOR('',#4711,1.);
#4711 = DIRECTION('',(0.248107678388,0.968732460448,0.));
#4712 = ORIENTED_EDGE('',*,*,#4713,.T.);
#4713 = EDGE_CURVE('',#4706,#4499,#4714,.T.);
#4714 = LINE('',#4715,#4716);
#4715 = CARTESIAN_POINT('',(155.640116,-107.588153,1.585));
#4716 = VECTOR('',#4717,1.);
#4717 = DIRECTION('',(0.465879522902,0.884848162196,0.));
#4718 = PLANE('',#4719);
#4719 = AXIS2_PLACEMENT_3D('',#4720,#4721,#4722);
#4720 = CARTESIAN_POINT('',(0.,0.,1.585));
#4721 = DIRECTION('',(0.,0.,1.));
#4722 = DIRECTION('',(1.,0.,-0.));
#4723 = SHELL_BASED_SURFACE_MODEL('',(#4724));
#4724 = OPEN_SHELL('',(#4725));
#4725 = ADVANCED_FACE('',(#4726),#4892,.T.);
#4726 = FACE_BOUND('',#4727,.F.);
#4727 = EDGE_LOOP('',(#4728,#4739,#4747,#4755,#4764,#4772,#4780,#4788,
    #4796,#4804,#4813,#4821,#4829,#4837,#4845,#4853,#4861,#4870,#4878,
    #4886));
#4728 = ORIENTED_EDGE('',*,*,#4729,.T.);
#4729 = EDGE_CURVE('',#4730,#4732,#4734,.T.);
#4730 = VERTEX_POINT('',#4731);
#4731 = CARTESIAN_POINT('',(161.067215,-107.353285,1.585));
#4732 = VERTEX_POINT('',#4733);
#4733 = CARTESIAN_POINT('',(161.163409,-107.372419,1.585));
#4734 = CIRCLE('',#4735,4.999998452109E-02);
#4735 = AXIS2_PLACEMENT_3D('',#4736,#4737,#4738);
#4736 = CARTESIAN_POINT('',(161.11340901547,-107.3724190373,1.585));
#4737 = DIRECTION('',(0.,0.,-1.));
#4738 = DIRECTION('',(-0.923880595592,0.382680865851,0.));
#4739 = ORIENTED_EDGE('',*,*,#4740,.T.);
#4740 = EDGE_CURVE('',#4732,#4741,#4743,.T.);
#4741 = VERTEX_POINT('',#4742);
#4742 = CARTESIAN_POINT('',(161.163409,-107.655752,1.585));
#4743 = LINE('',#4744,#4745);
#4744 = CARTESIAN_POINT('',(161.163409,-107.372419,1.585));
#4745 = VECTOR('',#4746,1.);
#4746 = DIRECTION('',(0.,-1.,0.));
#4747 = ORIENTED_EDGE('',*,*,#4748,.T.);
#4748 = EDGE_CURVE('',#4741,#4749,#4751,.T.);
#4749 = VERTEX_POINT('',#4750);
#4750 = CARTESIAN_POINT('',(161.351504,-107.655752,1.585));
#4751 = LINE('',#4752,#4753);
#4752 = CARTESIAN_POINT('',(161.163409,-107.655752,1.585));
#4753 = VECTOR('',#4754,1.);
#4754 = DIRECTION('',(1.,0.,0.));
#4755 = ORIENTED_EDGE('',*,*,#4756,.T.);
#4756 = EDGE_CURVE('',#4749,#4757,#4759,.T.);
#4757 = VERTEX_POINT('',#4758);
#4758 = CARTESIAN_POINT('',(161.351504,-107.755752,1.585));
#4759 = CIRCLE('',#4760,5.000000000002E-02);
#4760 = AXIS2_PLACEMENT_3D('',#4761,#4762,#4763);
#4761 = CARTESIAN_POINT('',(161.35150395228,-107.705752,1.585));
#4762 = DIRECTION('',(0.,0.,-1.));
#4763 = DIRECTION('',(9.542367251921E-07,1.,0.));
#4764 = ORIENTED_EDGE('',*,*,#4765,.T.);
#4765 = EDGE_CURVE('',#4757,#4766,#4768,.T.);
#4766 = VERTEX_POINT('',#4767);
#4767 = CARTESIAN_POINT('',(161.163409,-107.755752,1.585));
#4768 = LINE('',#4769,#4770);
#4769 = CARTESIAN_POINT('',(161.351504,-107.755752,1.585));
#4770 = VECTOR('',#4771,1.);
#4771 = DIRECTION('',(-1.,0.,0.));
#4772 = ORIENTED_EDGE('',*,*,#4773,.T.);
#4773 = EDGE_CURVE('',#4766,#4774,#4776,.T.);
#4774 = VERTEX_POINT('',#4775);
#4775 = CARTESIAN_POINT('',(161.163409,-108.217759,1.585));
#4776 = LINE('',#4777,#4778);
#4777 = CARTESIAN_POINT('',(161.163409,-107.755752,1.585));
#4778 = VECTOR('',#4779,1.);
#4779 = DIRECTION('',(0.,-1.,0.));
#4780 = ORIENTED_EDGE('',*,*,#4781,.T.);
#4781 = EDGE_CURVE('',#4774,#4782,#4784,.T.);
#4782 = VERTEX_POINT('',#4783);
#4783 = CARTESIAN_POINT('',(161.198295,-108.287532,1.585));
#4784 = LINE('',#4785,#4786);
#4785 = CARTESIAN_POINT('',(161.163409,-108.217759,1.585));
#4786 = VECTOR('',#4787,1.);
#4787 = DIRECTION('',(0.447208467837,-0.894429754813,0.));
#4788 = ORIENTED_EDGE('',*,*,#4789,.T.);
#4789 = EDGE_CURVE('',#4782,#4790,#4792,.T.);
#4790 = VERTEX_POINT('',#4791);
#4791 = CARTESIAN_POINT('',(161.26807,-108.322419,1.585));
#4792 = LINE('',#4793,#4794);
#4793 = CARTESIAN_POINT('',(161.198295,-108.287532,1.585));
#4794 = VECTOR('',#4795,1.);
#4795 = DIRECTION('',(0.894429754739,-0.447208467984,0.));
#4796 = ORIENTED_EDGE('',*,*,#4797,.T.);
#4797 = EDGE_CURVE('',#4790,#4798,#4800,.T.);
#4798 = VERTEX_POINT('',#4799);
#4799 = CARTESIAN_POINT('',(161.351504,-108.322419,1.585));
#4800 = LINE('',#4801,#4802);
#4801 = CARTESIAN_POINT('',(161.26807,-108.322419,1.585));
#4802 = VECTOR('',#4803,1.);
#4803 = DIRECTION('',(1.,0.,0.));
#4804 = ORIENTED_EDGE('',*,*,#4805,.T.);
#4805 = EDGE_CURVE('',#4798,#4806,#4808,.T.);
#4806 = VERTEX_POINT('',#4807);
#4807 = CARTESIAN_POINT('',(161.351504,-108.422419,1.585));
#4808 = CIRCLE('',#4809,5.000000000003E-02);
#4809 = AXIS2_PLACEMENT_3D('',#4810,#4811,#4812);
#4810 = CARTESIAN_POINT('',(161.35150395228,-108.372419,1.585));
#4811 = DIRECTION('',(0.,0.,-1.));
#4812 = DIRECTION('',(9.54237293626E-07,1.,0.));
#4813 = ORIENTED_EDGE('',*,*,#4814,.T.);
#4814 = EDGE_CURVE('',#4806,#4815,#4817,.T.);
#4815 = VERTEX_POINT('',#4816);
#4816 = CARTESIAN_POINT('',(161.244993,-108.420176,1.585));
#4817 = LINE('',#4818,#4819);
#4818 = CARTESIAN_POINT('',(161.351504,-108.422419,1.585));
#4819 = VECTOR('',#4820,1.);
#4820 = DIRECTION('',(-0.999778335979,2.105418977953E-02,0.));
#4821 = ORIENTED_EDGE('',*,*,#4822,.T.);
#4822 = EDGE_CURVE('',#4815,#4823,#4825,.T.);
#4823 = VERTEX_POINT('',#4824);
#4824 = CARTESIAN_POINT('',(161.128268,-108.362572,1.585));
#4825 = LINE('',#4826,#4827);
#4826 = CARTESIAN_POINT('',(161.244993,-108.420176,1.585));
#4827 = VECTOR('',#4828,1.);
#4828 = DIRECTION('',(-0.896745928688,0.44254574835,0.));
#4829 = ORIENTED_EDGE('',*,*,#4830,.T.);
#4830 = EDGE_CURVE('',#4823,#4831,#4833,.T.);
#4831 = VERTEX_POINT('',#4832);
#4832 = CARTESIAN_POINT('',(161.116306,-108.34716,1.585));
#4833 = LINE('',#4834,#4835);
#4834 = CARTESIAN_POINT('',(161.128268,-108.362572,1.585));
#4835 = VECTOR('',#4836,1.);
#4836 = DIRECTION('',(-0.613138319011,0.789975570357,0.));
#4837 = ORIENTED_EDGE('',*,*,#4838,.T.);
#4838 = EDGE_CURVE('',#4831,#4839,#4841,.T.);
#4839 = VERTEX_POINT('',#4840);
#4840 = CARTESIAN_POINT('',(161.06565,-108.240829,1.585));
#4841 = LINE('',#4842,#4843);
#4842 = CARTESIAN_POINT('',(161.116306,-108.34716,1.585));
#4843 = VECTOR('',#4844,1.);
#4844 = DIRECTION('',(-0.430087153769,0.90278737262,0.));
#4845 = ORIENTED_EDGE('',*,*,#4846,.T.);
#4846 = EDGE_CURVE('',#4839,#4847,#4849,.T.);
#4847 = VERTEX_POINT('',#4848);
#4848 = CARTESIAN_POINT('',(161.063409,-107.755752,1.585));
#4849 = LINE('',#4850,#4851);
#4850 = CARTESIAN_POINT('',(161.06565,-108.240829,1.585));
#4851 = VECTOR('',#4852,1.);
#4852 = DIRECTION('',(-4.619835789308E-03,0.999989328502,0.));
#4853 = ORIENTED_EDGE('',*,*,#4854,.T.);
#4854 = EDGE_CURVE('',#4847,#4855,#4857,.T.);
#4855 = VERTEX_POINT('',#4856);
#4856 = CARTESIAN_POINT('',(160.970552,-107.755752,1.585));
#4857 = LINE('',#4858,#4859);
#4858 = CARTESIAN_POINT('',(161.063409,-107.755752,1.585));
#4859 = VECTOR('',#4860,1.);
#4860 = DIRECTION('',(-1.,0.,0.));
#4861 = ORIENTED_EDGE('',*,*,#4862,.T.);
#4862 = EDGE_CURVE('',#4855,#4863,#4865,.T.);
#4863 = VERTEX_POINT('',#4864);
#4864 = CARTESIAN_POINT('',(160.970552,-107.655752,1.585));
#4865 = CIRCLE('',#4866,5.000000000002E-02);
#4866 = AXIS2_PLACEMENT_3D('',#4867,#4868,#4869);
#4867 = CARTESIAN_POINT('',(160.97055204771,-107.705752,1.585));
#4868 = DIRECTION('',(0.,0.,-1.));
#4869 = DIRECTION('',(-9.542367251921E-07,-1.,-0.));
#4870 = ORIENTED_EDGE('',*,*,#4871,.T.);
#4871 = EDGE_CURVE('',#4863,#4872,#4874,.T.);
#4872 = VERTEX_POINT('',#4873);
#4873 = CARTESIAN_POINT('',(161.063409,-107.655752,1.585));
#4874 = LINE('',#4875,#4876);
#4875 = CARTESIAN_POINT('',(160.970552,-107.655752,1.585));
#4876 = VECTOR('',#4877,1.);
#4877 = DIRECTION('',(1.,0.,0.));
#4878 = ORIENTED_EDGE('',*,*,#4879,.T.);
#4879 = EDGE_CURVE('',#4872,#4880,#4882,.T.);
#4880 = VERTEX_POINT('',#4881);
#4881 = CARTESIAN_POINT('',(161.063409,-107.372419,1.585));
#4882 = LINE('',#4883,#4884);
#4883 = CARTESIAN_POINT('',(161.063409,-107.655752,1.585));
#4884 = VECTOR('',#4885,1.);
#4885 = DIRECTION('',(0.,1.,0.));
#4886 = ORIENTED_EDGE('',*,*,#4887,.T.);
#4887 = EDGE_CURVE('',#4880,#4730,#4888,.T.);
#4888 = LINE('',#4889,#4890);
#4889 = CARTESIAN_POINT('',(161.063409,-107.372419,1.585));
#4890 = VECTOR('',#4891,1.);
#4891 = DIRECTION('',(0.195090852695,0.980785174845,0.));
#4892 = PLANE('',#4893);
#4893 = AXIS2_PLACEMENT_3D('',#4894,#4895,#4896);
#4894 = CARTESIAN_POINT('',(0.,0.,1.585));
#4895 = DIRECTION('',(0.,0.,1.));
#4896 = DIRECTION('',(1.,0.,-0.));
#4897 = SHELL_BASED_SURFACE_MODEL('',(#4898));
#4898 = OPEN_SHELL('',(#4899));
#4899 = ADVANCED_FACE('',(#4900),#5123,.T.);
#4900 = FACE_BOUND('',#4901,.F.);
#4901 = EDGE_LOOP('',(#4902,#4912,#4920,#4928,#4936,#4944,#4953,#4961,
    #4970,#4978,#4987,#4995,#5003,#5011,#5020,#5028,#5037,#5045,#5053,
    #5061,#5069,#5077,#5085,#5093,#5101,#5109,#5117));
#4902 = ORIENTED_EDGE('',*,*,#4903,.T.);
#4903 = EDGE_CURVE('',#4904,#4906,#4908,.T.);
#4904 = VERTEX_POINT('',#4905);
#4905 = CARTESIAN_POINT('',(163.982817,-107.479921,1.585));
#4906 = VERTEX_POINT('',#4907);
#4907 = CARTESIAN_POINT('',(164.087615,-107.378294,1.585));
#4908 = LINE('',#4909,#4910);
#4909 = CARTESIAN_POINT('',(163.982817,-107.479921,1.585));
#4910 = VECTOR('',#4911,1.);
#4911 = DIRECTION('',(0.717884313348,0.696162418297,0.));
#4912 = ORIENTED_EDGE('',*,*,#4913,.T.);
#4913 = EDGE_CURVE('',#4906,#4914,#4916,.T.);
#4914 = VERTEX_POINT('',#4915);
#4915 = CARTESIAN_POINT('',(164.256267,-107.322419,1.585));
#4916 = LINE('',#4917,#4918);
#4917 = CARTESIAN_POINT('',(164.087615,-107.378294,1.585));
#4918 = VECTOR('',#4919,1.);
#4919 = DIRECTION('',(0.949259761241,0.314493093229,0.));
#4920 = ORIENTED_EDGE('',*,*,#4921,.T.);
#4921 = EDGE_CURVE('',#4914,#4922,#4924,.T.);
#4922 = VERTEX_POINT('',#4923);
#4923 = CARTESIAN_POINT('',(164.359367,-107.323982,1.585));
#4924 = LINE('',#4925,#4926);
#4925 = CARTESIAN_POINT('',(164.256267,-107.322419,1.585));
#4926 = VECTOR('',#4927,1.);
#4927 = DIRECTION('',(0.999885106416,-1.515829700613E-02,0.));
#4928 = ORIENTED_EDGE('',*,*,#4929,.T.);
#4929 = EDGE_CURVE('',#4922,#4930,#4932,.T.);
#4930 = VERTEX_POINT('',#4931);
#4931 = CARTESIAN_POINT('',(164.52016,-107.378297,1.585));
#4932 = LINE('',#4933,#4934);
#4933 = CARTESIAN_POINT('',(164.359367,-107.323982,1.585));
#4934 = VECTOR('',#4935,1.);
#4935 = DIRECTION('',(0.947407692768,-0.320029160677,0.));
#4936 = ORIENTED_EDGE('',*,*,#4937,.T.);
#4937 = EDGE_CURVE('',#4930,#4938,#4940,.T.);
#4938 = VERTEX_POINT('',#4939);
#4939 = CARTESIAN_POINT('',(164.577336,-107.432301,1.585));
#4940 = LINE('',#4941,#4942);
#4941 = CARTESIAN_POINT('',(164.52016,-107.378297,1.585));
#4942 = VECTOR('',#4943,1.);
#4943 = DIRECTION('',(0.726984942781,-0.686653400902,0.));
#4944 = ORIENTED_EDGE('',*,*,#4945,.T.);
#4945 = EDGE_CURVE('',#4938,#4946,#4948,.T.);
#4946 = VERTEX_POINT('',#4947);
#4947 = CARTESIAN_POINT('',(164.522846,-107.513851,1.585));
#4948 = CIRCLE('',#4949,5.00003616048E-02);
#4949 = AXIS2_PLACEMENT_3D('',#4950,#4951,#4952);
#4950 = CARTESIAN_POINT('',(164.54198063399,-107.4676568235,1.585));
#4951 = DIRECTION('',(0.,0.,-1.));
#4952 = DIRECTION('',(0.707102206211,0.707111356133,0.));
#4953 = ORIENTED_EDGE('',*,*,#4954,.T.);
#4954 = EDGE_CURVE('',#4946,#4955,#4957,.T.);
#4955 = VERTEX_POINT('',#4956);
#4956 = CARTESIAN_POINT('',(164.467353,-107.463739,1.585));
#4957 = LINE('',#4958,#4959);
#4958 = CARTESIAN_POINT('',(164.522846,-107.513851,1.585));
#4959 = VECTOR('',#4960,1.);
#4960 = DIRECTION('',(-0.742173885816,0.670207373291,0.));
#4961 = ORIENTED_EDGE('',*,*,#4962,.T.);
#4962 = EDGE_CURVE('',#4955,#4963,#4965,.T.);
#4963 = VERTEX_POINT('',#4964);
#4964 = CARTESIAN_POINT('',(164.140418,-107.463739,1.585));
#4965 = CIRCLE('',#4966,0.327514923727);
#4966 = AXIS2_PLACEMENT_3D('',#4967,#4968,#4969);
#4967 = CARTESIAN_POINT('',(164.3038855,-107.7475424561,1.585));
#4968 = DIRECTION('',(0.,0.,1.));
#4969 = DIRECTION('',(0.499114660609,0.866535951687,-0.));
#4970 = ORIENTED_EDGE('',*,*,#4971,.T.);
#4971 = EDGE_CURVE('',#4963,#4972,#4974,.T.);
#4972 = VERTEX_POINT('',#4973);
#4973 = CARTESIAN_POINT('',(164.059265,-107.544893,1.585));
#4974 = LINE('',#4975,#4976);
#4975 = CARTESIAN_POINT('',(164.140418,-107.463739,1.585));
#4976 = VECTOR('',#4977,1.);
#4977 = DIRECTION('',(-0.707102424572,-0.707111137774,0.));
#4978 = ORIENTED_EDGE('',*,*,#4979,.T.);
#4979 = EDGE_CURVE('',#4972,#4980,#4982,.T.);
#4980 = VERTEX_POINT('',#4981);
#4981 = CARTESIAN_POINT('',(163.972934,-107.937692,1.585));
#4982 = CIRCLE('',#4983,0.639220185755);
#4983 = AXIS2_PLACEMENT_3D('',#4984,#4985,#4986);
#4984 = CARTESIAN_POINT('',(164.60872214624,-107.8715415731,1.585));
#4985 = DIRECTION('',(0.,0.,1.));
#4986 = DIRECTION('',(-0.859574147509,0.511011041891,0.));
#4987 = ORIENTED_EDGE('',*,*,#4988,.T.);
#4988 = EDGE_CURVE('',#4980,#4989,#4991,.T.);
#4989 = VERTEX_POINT('',#4990);
#4990 = CARTESIAN_POINT('',(164.017729,-108.116872,1.585));
#4991 = LINE('',#4992,#4993);
#4992 = CARTESIAN_POINT('',(163.972934,-107.937692,1.585));
#4993 = VECTOR('',#4994,1.);
#4994 = DIRECTION('',(0.242535625036,-0.970142500145,0.));
#4995 = ORIENTED_EDGE('',*,*,#4996,.T.);
#4996 = EDGE_CURVE('',#4989,#4997,#4999,.T.);
#4997 = VERTEX_POINT('',#4998);
#4998 = CARTESIAN_POINT('',(164.059264,-108.199942,1.585));
#4999 = LINE('',#5000,#5001);
#5000 = CARTESIAN_POINT('',(164.017729,-108.116872,1.585));
#5001 = VECTOR('',#5002,1.);
#5002 = DIRECTION('',(0.4472135955,-0.894427191,0.));
#5003 = ORIENTED_EDGE('',*,*,#5004,.T.);
#5004 = EDGE_CURVE('',#4997,#5005,#5007,.T.);
#5005 = VERTEX_POINT('',#5006);
#5006 = CARTESIAN_POINT('',(164.14042,-108.281099,1.585));
#5007 = LINE('',#5008,#5009);
#5008 = CARTESIAN_POINT('',(164.059264,-108.199942,1.585));
#5009 = VECTOR('',#5010,1.);
#5010 = DIRECTION('',(0.707102424733,-0.707111137613,0.));
#5011 = ORIENTED_EDGE('',*,*,#5012,.T.);
#5012 = EDGE_CURVE('',#5005,#5013,#5015,.T.);
#5013 = VERTEX_POINT('',#5014);
#5014 = CARTESIAN_POINT('',(164.467352,-108.281098,1.585));
#5015 = CIRCLE('',#5016,0.327506757273);
#5016 = AXIS2_PLACEMENT_3D('',#5017,#5018,#5019);
#5017 = CARTESIAN_POINT('',(164.30388513194,-107.9973036041,1.585));
#5018 = DIRECTION('',(0.,0.,1.));
#5019 = DIRECTION('',(-0.499119875591,-0.866532947896,0.));
#5020 = ORIENTED_EDGE('',*,*,#5021,.T.);
#5021 = EDGE_CURVE('',#5013,#5022,#5024,.T.);
#5022 = VERTEX_POINT('',#5023);
#5023 = CARTESIAN_POINT('',(164.522846,-108.230986,1.585));
#5024 = LINE('',#5025,#5026);
#5025 = CARTESIAN_POINT('',(164.467352,-108.281098,1.585));
#5026 = VECTOR('',#5027,1.);
#5027 = DIRECTION('',(0.742179893117,0.670200720869,0.));
#5028 = ORIENTED_EDGE('',*,*,#5029,.T.);
#5029 = EDGE_CURVE('',#5022,#5030,#5032,.T.);
#5030 = VERTEX_POINT('',#5031);
#5031 = CARTESIAN_POINT('',(164.588175,-108.296314,1.585));
#5032 = CIRCLE('',#5033,5.000033860542E-02);
#5033 = AXIS2_PLACEMENT_3D('',#5034,#5035,#5036);
#5034 = CARTESIAN_POINT('',(164.5419805,-108.2771802071,1.585));
#5035 = DIRECTION('',(0.,0.,-1.));
#5036 = DIRECTION('',(-0.3826874084,0.923877885574,0.));
#5037 = ORIENTED_EDGE('',*,*,#5038,.T.);
#5038 = EDGE_CURVE('',#5030,#5039,#5041,.T.);
#5039 = VERTEX_POINT('',#5040);
#5040 = CARTESIAN_POINT('',(164.529718,-108.360155,1.585));
#5041 = LINE('',#5042,#5043);
#5042 = CARTESIAN_POINT('',(164.588175,-108.296314,1.585));
#5043 = VECTOR('',#5044,1.);
#5044 = DIRECTION('',(-0.675323286832,-0.737521835787,0.));
#5045 = ORIENTED_EDGE('',*,*,#5046,.T.);
#5046 = EDGE_CURVE('',#5039,#5047,#5049,.T.);
#5047 = VERTEX_POINT('',#5048);
#5048 = CARTESIAN_POINT('',(164.510173,-108.372234,1.585));
#5049 = LINE('',#5050,#5051);
#5050 = CARTESIAN_POINT('',(164.529718,-108.360155,1.585));
#5051 = VECTOR('',#5052,1.);
#5052 = DIRECTION('',(-0.850660040262,-0.525716174281,0.));
#5053 = ORIENTED_EDGE('',*,*,#5054,.T.);
#5054 = EDGE_CURVE('',#5047,#5055,#5057,.T.);
#5055 = VERTEX_POINT('',#5056);
#5056 = CARTESIAN_POINT('',(164.351505,-108.422419,1.585));
#5057 = LINE('',#5058,#5059);
#5058 = CARTESIAN_POINT('',(164.510173,-108.372234,1.585));
#5059 = VECTOR('',#5060,1.);
#5060 = DIRECTION('',(-0.953445705362,-0.301564730907,0.));
#5061 = ORIENTED_EDGE('',*,*,#5062,.T.);
#5062 = EDGE_CURVE('',#5055,#5063,#5065,.T.);
#5063 = VERTEX_POINT('',#5064);
#5064 = CARTESIAN_POINT('',(164.240455,-108.419853,1.585));
#5065 = LINE('',#5066,#5067);
#5066 = CARTESIAN_POINT('',(164.351505,-108.422419,1.585));
#5067 = VECTOR('',#5068,1.);
#5068 = DIRECTION('',(-0.999733146861,2.310054259204E-02,0.));
#5069 = ORIENTED_EDGE('',*,*,#5070,.T.);
#5070 = EDGE_CURVE('',#5063,#5071,#5073,.T.);
#5071 = VERTEX_POINT('',#5072);
#5072 = CARTESIAN_POINT('',(164.087615,-108.366543,1.585));
#5073 = LINE('',#5074,#5075);
#5074 = CARTESIAN_POINT('',(164.240455,-108.419853,1.585));
#5075 = VECTOR('',#5076,1.);
#5076 = DIRECTION('',(-0.944212244466,0.329337573623,0.));
#5077 = ORIENTED_EDGE('',*,*,#5078,.T.);
#5078 = EDGE_CURVE('',#5071,#5079,#5081,.T.);
#5079 = VERTEX_POINT('',#5080);
#5080 = CARTESIAN_POINT('',(163.97345,-108.251921,1.585));
#5081 = LINE('',#5082,#5083);
#5082 = CARTESIAN_POINT('',(164.087615,-108.366543,1.585));
#5083 = VECTOR('',#5084,1.);
#5084 = DIRECTION('',(-0.705692933827,0.708517807219,0.));
#5085 = ORIENTED_EDGE('',*,*,#5086,.T.);
#5086 = EDGE_CURVE('',#5079,#5087,#5089,.T.);
#5087 = VERTEX_POINT('',#5088);
#5088 = CARTESIAN_POINT('',(163.922046,-108.14645,1.585));
#5089 = LINE('',#5090,#5091);
#5090 = CARTESIAN_POINT('',(163.97345,-108.251921,1.585));
#5091 = VECTOR('',#5092,1.);
#5092 = DIRECTION('',(-0.438111947913,0.898920419779,0.));
#5093 = ORIENTED_EDGE('',*,*,#5094,.T.);
#5094 = EDGE_CURVE('',#5087,#5095,#5097,.T.);
#5095 = VERTEX_POINT('',#5096);
#5096 = CARTESIAN_POINT('',(163.872934,-107.943847,1.585));
#5097 = LINE('',#5098,#5099);
#5098 = CARTESIAN_POINT('',(163.922046,-108.14645,1.585));
#5099 = VECTOR('',#5100,1.);
#5100 = DIRECTION('',(-0.235582452421,0.97185436569,0.));
#5101 = ORIENTED_EDGE('',*,*,#5102,.T.);
#5102 = EDGE_CURVE('',#5095,#5103,#5105,.T.);
#5103 = VERTEX_POINT('',#5104);
#5104 = CARTESIAN_POINT('',(163.874427,-107.788863,1.585));
#5105 = LINE('',#5106,#5107);
#5106 = CARTESIAN_POINT('',(163.872934,-107.943847,1.585));
#5107 = VECTOR('',#5108,1.);
#5108 = DIRECTION('',(9.632805515185E-03,0.999953603453,0.));
#5109 = ORIENTED_EDGE('',*,*,#5110,.T.);
#5110 = EDGE_CURVE('',#5103,#5111,#5113,.T.);
#5111 = VERTEX_POINT('',#5112);
#5112 = CARTESIAN_POINT('',(163.925832,-107.588153,1.585));
#5113 = LINE('',#5114,#5115);
#5114 = CARTESIAN_POINT('',(163.874427,-107.788863,1.585));
#5115 = VECTOR('',#5116,1.);
#5116 = DIRECTION('',(0.248107678388,0.968732460448,0.));
#5117 = ORIENTED_EDGE('',*,*,#5118,.T.);
#5118 = EDGE_CURVE('',#5111,#4904,#5119,.T.);
#5119 = LINE('',#5120,#5121);
#5120 = CARTESIAN_POINT('',(163.925832,-107.588153,1.585));
#5121 = VECTOR('',#5122,1.);
#5122 = DIRECTION('',(0.465879522902,0.884848162196,0.));
#5123 = PLANE('',#5124);
#5124 = AXIS2_PLACEMENT_3D('',#5125,#5126,#5127);
#5125 = CARTESIAN_POINT('',(0.,0.,1.585));
#5126 = DIRECTION('',(0.,0.,1.));
#5127 = DIRECTION('',(1.,0.,-0.));
#5128 = SHELL_BASED_SURFACE_MODEL('',(#5129));
#5129 = OPEN_SHELL('',(#5130));
#5130 = ADVANCED_FACE('',(#5131),#5250,.T.);
#5131 = FACE_BOUND('',#5132,.F.);
#5132 = EDGE_LOOP('',(#5133,#5144,#5152,#5161,#5169,#5177,#5185,#5194,
    #5202,#5210,#5218,#5227,#5235,#5244));
#5133 = ORIENTED_EDGE('',*,*,#5134,.T.);
#5134 = EDGE_CURVE('',#5135,#5137,#5139,.T.);
#5135 = VERTEX_POINT('',#5136);
#5136 = CARTESIAN_POINT('',(165.777696,-107.372419,1.585));
#5137 = VERTEX_POINT('',#5138);
#5138 = CARTESIAN_POINT('',(165.827696,-107.322419,1.585));
#5139 = CIRCLE('',#5140,5.000014378935E-02);
#5140 = AXIS2_PLACEMENT_3D('',#5141,#5142,#5143);
#5141 = CARTESIAN_POINT('',(165.82769614378,-107.3724191437,1.585));
#5142 = DIRECTION('',(0.,0.,-1.));
#5143 = DIRECTION('',(-0.999999999996,2.875774754932E-06,0.));
#5144 = ORIENTED_EDGE('',*,*,#5145,.T.);
#5145 = EDGE_CURVE('',#5137,#5146,#5148,.T.);
#5146 = VERTEX_POINT('',#5147);
#5147 = CARTESIAN_POINT('',(166.303886,-107.322419,1.585));
#5148 = LINE('',#5149,#5150);
#5149 = CARTESIAN_POINT('',(165.827696,-107.322419,1.585));
#5150 = VECTOR('',#5151,1.);
#5151 = DIRECTION('',(1.,0.,0.));
#5152 = ORIENTED_EDGE('',*,*,#5153,.T.);
#5153 = EDGE_CURVE('',#5146,#5154,#5156,.T.);
#5154 = VERTEX_POINT('',#5155);
#5155 = CARTESIAN_POINT('',(166.303886,-107.422419,1.585));
#5156 = CIRCLE('',#5157,5.000000000003E-02);
#5157 = AXIS2_PLACEMENT_3D('',#5158,#5159,#5160);
#5158 = CARTESIAN_POINT('',(166.30388595228,-107.372419,1.585));
#5159 = DIRECTION('',(0.,0.,-1.));
#5160 = DIRECTION('',(9.54237293626E-07,1.,0.));
#5161 = ORIENTED_EDGE('',*,*,#5162,.T.);
#5162 = EDGE_CURVE('',#5154,#5163,#5165,.T.);
#5163 = VERTEX_POINT('',#5164);
#5164 = CARTESIAN_POINT('',(165.877696,-107.422419,1.585));
#5165 = LINE('',#5166,#5167);
#5166 = CARTESIAN_POINT('',(166.303886,-107.422419,1.585));
#5167 = VECTOR('',#5168,1.);
#5168 = DIRECTION('',(-1.,0.,0.));
#5169 = ORIENTED_EDGE('',*,*,#5170,.T.);
#5170 = EDGE_CURVE('',#5163,#5171,#5173,.T.);
#5171 = VERTEX_POINT('',#5172);
#5172 = CARTESIAN_POINT('',(165.877696,-107.798609,1.585));
#5173 = LINE('',#5174,#5175);
#5174 = CARTESIAN_POINT('',(165.877696,-107.422419,1.585));
#5175 = VECTOR('',#5176,1.);
#5176 = DIRECTION('',(0.,-1.,0.));
#5177 = ORIENTED_EDGE('',*,*,#5178,.T.);
#5178 = EDGE_CURVE('',#5171,#5179,#5181,.T.);
#5179 = VERTEX_POINT('',#5180);
#5180 = CARTESIAN_POINT('',(166.161029,-107.798609,1.585));
#5181 = LINE('',#5182,#5183);
#5182 = CARTESIAN_POINT('',(165.877696,-107.798609,1.585));
#5183 = VECTOR('',#5184,1.);
#5184 = DIRECTION('',(1.,0.,0.));
#5185 = ORIENTED_EDGE('',*,*,#5186,.T.);
#5186 = EDGE_CURVE('',#5179,#5187,#5189,.T.);
#5187 = VERTEX_POINT('',#5188);
#5188 = CARTESIAN_POINT('',(166.161029,-107.898609,1.585));
#5189 = CIRCLE('',#5190,5.000000000003E-02);
#5190 = AXIS2_PLACEMENT_3D('',#5191,#5192,#5193);
#5191 = CARTESIAN_POINT('',(166.16102895228,-107.848609,1.585));
#5192 = DIRECTION('',(0.,0.,-1.));
#5193 = DIRECTION('',(9.542372936263E-07,1.,0.));
#5194 = ORIENTED_EDGE('',*,*,#5195,.T.);
#5195 = EDGE_CURVE('',#5187,#5196,#5198,.T.);
#5196 = VERTEX_POINT('',#5197);
#5197 = CARTESIAN_POINT('',(165.877696,-107.898609,1.585));
#5198 = LINE('',#5199,#5200);
#5199 = CARTESIAN_POINT('',(166.161029,-107.898609,1.585));
#5200 = VECTOR('',#5201,1.);
#5201 = DIRECTION('',(-1.,0.,0.));
#5202 = ORIENTED_EDGE('',*,*,#5203,.T.);
#5203 = EDGE_CURVE('',#5196,#5204,#5206,.T.);
#5204 = VERTEX_POINT('',#5205);
#5205 = CARTESIAN_POINT('',(165.877696,-108.322419,1.585));
#5206 = LINE('',#5207,#5208);
#5207 = CARTESIAN_POINT('',(165.877696,-107.898609,1.585));
#5208 = VECTOR('',#5209,1.);
#5209 = DIRECTION('',(0.,-1.,0.));
#5210 = ORIENTED_EDGE('',*,*,#5211,.T.);
#5211 = EDGE_CURVE('',#5204,#5212,#5214,.T.);
#5212 = VERTEX_POINT('',#5213);
#5213 = CARTESIAN_POINT('',(166.303886,-108.322419,1.585));
#5214 = LINE('',#5215,#5216);
#5215 = CARTESIAN_POINT('',(165.877696,-108.322419,1.585));
#5216 = VECTOR('',#5217,1.);
#5217 = DIRECTION('',(1.,0.,0.));
#5218 = ORIENTED_EDGE('',*,*,#5219,.T.);
#5219 = EDGE_CURVE('',#5212,#5220,#5222,.T.);
#5220 = VERTEX_POINT('',#5221);
#5221 = CARTESIAN_POINT('',(166.303886,-108.422419,1.585));
#5222 = CIRCLE('',#5223,5.000000000003E-02);
#5223 = AXIS2_PLACEMENT_3D('',#5224,#5225,#5226);
#5224 = CARTESIAN_POINT('',(166.30388595228,-108.372419,1.585));
#5225 = DIRECTION('',(0.,0.,-1.));
#5226 = DIRECTION('',(9.54237293626E-07,1.,0.));
#5227 = ORIENTED_EDGE('',*,*,#5228,.T.);
#5228 = EDGE_CURVE('',#5220,#5229,#5231,.T.);
#5229 = VERTEX_POINT('',#5230);
#5230 = CARTESIAN_POINT('',(165.827696,-108.422419,1.585));
#5231 = LINE('',#5232,#5233);
#5232 = CARTESIAN_POINT('',(166.303886,-108.422419,1.585));
#5233 = VECTOR('',#5234,1.);
#5234 = DIRECTION('',(-1.,0.,0.));
#5235 = ORIENTED_EDGE('',*,*,#5236,.T.);
#5236 = EDGE_CURVE('',#5229,#5237,#5239,.T.);
#5237 = VERTEX_POINT('',#5238);
#5238 = CARTESIAN_POINT('',(165.777696,-108.372419,1.585));
#5239 = CIRCLE('',#5240,5.00001437894E-02);
#5240 = AXIS2_PLACEMENT_3D('',#5241,#5242,#5243);
#5241 = CARTESIAN_POINT('',(165.82769614378,-108.3724188562,1.585));
#5242 = DIRECTION('',(0.,0.,-1.));
#5243 = DIRECTION('',(-2.875775323361E-06,-0.999999999996,-0.));
#5244 = ORIENTED_EDGE('',*,*,#5245,.T.);
#5245 = EDGE_CURVE('',#5237,#5135,#5246,.T.);
#5246 = LINE('',#5247,#5248);
#5247 = CARTESIAN_POINT('',(165.777696,-108.372419,1.585));
#5248 = VECTOR('',#5249,1.);
#5249 = DIRECTION('',(0.,1.,0.));
#5250 = PLANE('',#5251);
#5251 = AXIS2_PLACEMENT_3D('',#5252,#5253,#5254);
#5252 = CARTESIAN_POINT('',(0.,0.,1.585));
#5253 = DIRECTION('',(0.,0.,1.));
#5254 = DIRECTION('',(1.,0.,-0.));
#5255 = SHELL_BASED_SURFACE_MODEL('',(#5256));
#5256 = OPEN_SHELL('',(#5257));
#5257 = ADVANCED_FACE('',(#5258),#5424,.T.);
#5258 = FACE_BOUND('',#5259,.F.);
#5259 = EDGE_LOOP('',(#5260,#5271,#5279,#5287,#5296,#5304,#5312,#5320,
    #5328,#5336,#5345,#5353,#5361,#5369,#5377,#5385,#5393,#5402,#5410,
    #5418));
#5260 = ORIENTED_EDGE('',*,*,#5261,.T.);
#5261 = EDGE_CURVE('',#5262,#5264,#5266,.T.);
#5262 = VERTEX_POINT('',#5263);
#5263 = CARTESIAN_POINT('',(172.067217,-107.353285,1.585));
#5264 = VERTEX_POINT('',#5265);
#5265 = CARTESIAN_POINT('',(172.163411,-107.372419,1.585));
#5266 = CIRCLE('',#5267,4.999998452109E-02);
#5267 = AXIS2_PLACEMENT_3D('',#5268,#5269,#5270);
#5268 = CARTESIAN_POINT('',(172.11341101547,-107.3724190373,1.585));
#5269 = DIRECTION('',(0.,0.,-1.));
#5270 = DIRECTION('',(-0.923880595592,0.382680865851,0.));
#5271 = ORIENTED_EDGE('',*,*,#5272,.T.);
#5272 = EDGE_CURVE('',#5264,#5273,#5275,.T.);
#5273 = VERTEX_POINT('',#5274);
#5274 = CARTESIAN_POINT('',(172.163411,-107.655752,1.585));
#5275 = LINE('',#5276,#5277);
#5276 = CARTESIAN_POINT('',(172.163411,-107.372419,1.585));
#5277 = VECTOR('',#5278,1.);
#5278 = DIRECTION('',(0.,-1.,0.));
#5279 = ORIENTED_EDGE('',*,*,#5280,.T.);
#5280 = EDGE_CURVE('',#5273,#5281,#5283,.T.);
#5281 = VERTEX_POINT('',#5282);
#5282 = CARTESIAN_POINT('',(172.351506,-107.655752,1.585));
#5283 = LINE('',#5284,#5285);
#5284 = CARTESIAN_POINT('',(172.163411,-107.655752,1.585));
#5285 = VECTOR('',#5286,1.);
#5286 = DIRECTION('',(1.,0.,0.));
#5287 = ORIENTED_EDGE('',*,*,#5288,.T.);
#5288 = EDGE_CURVE('',#5281,#5289,#5291,.T.);
#5289 = VERTEX_POINT('',#5290);
#5290 = CARTESIAN_POINT('',(172.351506,-107.755752,1.585));
#5291 = CIRCLE('',#5292,5.000000000002E-02);
#5292 = AXIS2_PLACEMENT_3D('',#5293,#5294,#5295);
#5293 = CARTESIAN_POINT('',(172.35150595228,-107.705752,1.585));
#5294 = DIRECTION('',(0.,0.,-1.));
#5295 = DIRECTION('',(9.542367251921E-07,1.,0.));
#5296 = ORIENTED_EDGE('',*,*,#5297,.T.);
#5297 = EDGE_CURVE('',#5289,#5298,#5300,.T.);
#5298 = VERTEX_POINT('',#5299);
#5299 = CARTESIAN_POINT('',(172.163411,-107.755752,1.585));
#5300 = LINE('',#5301,#5302);
#5301 = CARTESIAN_POINT('',(172.351506,-107.755752,1.585));
#5302 = VECTOR('',#5303,1.);
#5303 = DIRECTION('',(-1.,0.,0.));
#5304 = ORIENTED_EDGE('',*,*,#5305,.T.);
#5305 = EDGE_CURVE('',#5298,#5306,#5308,.T.);
#5306 = VERTEX_POINT('',#5307);
#5307 = CARTESIAN_POINT('',(172.163411,-108.217759,1.585));
#5308 = LINE('',#5309,#5310);
#5309 = CARTESIAN_POINT('',(172.163411,-107.755752,1.585));
#5310 = VECTOR('',#5311,1.);
#5311 = DIRECTION('',(0.,-1.,0.));
#5312 = ORIENTED_EDGE('',*,*,#5313,.T.);
#5313 = EDGE_CURVE('',#5306,#5314,#5316,.T.);
#5314 = VERTEX_POINT('',#5315);
#5315 = CARTESIAN_POINT('',(172.198297,-108.287532,1.585));
#5316 = LINE('',#5317,#5318);
#5317 = CARTESIAN_POINT('',(172.163411,-108.217759,1.585));
#5318 = VECTOR('',#5319,1.);
#5319 = DIRECTION('',(0.447208467837,-0.894429754813,0.));
#5320 = ORIENTED_EDGE('',*,*,#5321,.T.);
#5321 = EDGE_CURVE('',#5314,#5322,#5324,.T.);
#5322 = VERTEX_POINT('',#5323);
#5323 = CARTESIAN_POINT('',(172.268072,-108.322419,1.585));
#5324 = LINE('',#5325,#5326);
#5325 = CARTESIAN_POINT('',(172.198297,-108.287532,1.585));
#5326 = VECTOR('',#5327,1.);
#5327 = DIRECTION('',(0.894429754739,-0.447208467984,0.));
#5328 = ORIENTED_EDGE('',*,*,#5329,.T.);
#5329 = EDGE_CURVE('',#5322,#5330,#5332,.T.);
#5330 = VERTEX_POINT('',#5331);
#5331 = CARTESIAN_POINT('',(172.351506,-108.322419,1.585));
#5332 = LINE('',#5333,#5334);
#5333 = CARTESIAN_POINT('',(172.268072,-108.322419,1.585));
#5334 = VECTOR('',#5335,1.);
#5335 = DIRECTION('',(1.,0.,0.));
#5336 = ORIENTED_EDGE('',*,*,#5337,.T.);
#5337 = EDGE_CURVE('',#5330,#5338,#5340,.T.);
#5338 = VERTEX_POINT('',#5339);
#5339 = CARTESIAN_POINT('',(172.351506,-108.422419,1.585));
#5340 = CIRCLE('',#5341,5.000000000003E-02);
#5341 = AXIS2_PLACEMENT_3D('',#5342,#5343,#5344);
#5342 = CARTESIAN_POINT('',(172.35150595228,-108.372419,1.585));
#5343 = DIRECTION('',(0.,0.,-1.));
#5344 = DIRECTION('',(9.54237293626E-07,1.,0.));
#5345 = ORIENTED_EDGE('',*,*,#5346,.T.);
#5346 = EDGE_CURVE('',#5338,#5347,#5349,.T.);
#5347 = VERTEX_POINT('',#5348);
#5348 = CARTESIAN_POINT('',(172.244995,-108.420176,1.585));
#5349 = LINE('',#5350,#5351);
#5350 = CARTESIAN_POINT('',(172.351506,-108.422419,1.585));
#5351 = VECTOR('',#5352,1.);
#5352 = DIRECTION('',(-0.999778335979,2.105418977953E-02,0.));
#5353 = ORIENTED_EDGE('',*,*,#5354,.T.);
#5354 = EDGE_CURVE('',#5347,#5355,#5357,.T.);
#5355 = VERTEX_POINT('',#5356);
#5356 = CARTESIAN_POINT('',(172.12827,-108.362572,1.585));
#5357 = LINE('',#5358,#5359);
#5358 = CARTESIAN_POINT('',(172.244995,-108.420176,1.585));
#5359 = VECTOR('',#5360,1.);
#5360 = DIRECTION('',(-0.896745928688,0.44254574835,0.));
#5361 = ORIENTED_EDGE('',*,*,#5362,.T.);
#5362 = EDGE_CURVE('',#5355,#5363,#5365,.T.);
#5363 = VERTEX_POINT('',#5364);
#5364 = CARTESIAN_POINT('',(172.116308,-108.34716,1.585));
#5365 = LINE('',#5366,#5367);
#5366 = CARTESIAN_POINT('',(172.12827,-108.362572,1.585));
#5367 = VECTOR('',#5368,1.);
#5368 = DIRECTION('',(-0.613138319011,0.789975570357,0.));
#5369 = ORIENTED_EDGE('',*,*,#5370,.T.);
#5370 = EDGE_CURVE('',#5363,#5371,#5373,.T.);
#5371 = VERTEX_POINT('',#5372);
#5372 = CARTESIAN_POINT('',(172.065652,-108.240829,1.585));
#5373 = LINE('',#5374,#5375);
#5374 = CARTESIAN_POINT('',(172.116308,-108.34716,1.585));
#5375 = VECTOR('',#5376,1.);
#5376 = DIRECTION('',(-0.430087153769,0.90278737262,0.));
#5377 = ORIENTED_EDGE('',*,*,#5378,.T.);
#5378 = EDGE_CURVE('',#5371,#5379,#5381,.T.);
#5379 = VERTEX_POINT('',#5380);
#5380 = CARTESIAN_POINT('',(172.063411,-107.755752,1.585));
#5381 = LINE('',#5382,#5383);
#5382 = CARTESIAN_POINT('',(172.065652,-108.240829,1.585));
#5383 = VECTOR('',#5384,1.);
#5384 = DIRECTION('',(-4.619835789308E-03,0.999989328502,0.));
#5385 = ORIENTED_EDGE('',*,*,#5386,.T.);
#5386 = EDGE_CURVE('',#5379,#5387,#5389,.T.);
#5387 = VERTEX_POINT('',#5388);
#5388 = CARTESIAN_POINT('',(171.970554,-107.755752,1.585));
#5389 = LINE('',#5390,#5391);
#5390 = CARTESIAN_POINT('',(172.063411,-107.755752,1.585));
#5391 = VECTOR('',#5392,1.);
#5392 = DIRECTION('',(-1.,0.,0.));
#5393 = ORIENTED_EDGE('',*,*,#5394,.T.);
#5394 = EDGE_CURVE('',#5387,#5395,#5397,.T.);
#5395 = VERTEX_POINT('',#5396);
#5396 = CARTESIAN_POINT('',(171.970554,-107.655752,1.585));
#5397 = CIRCLE('',#5398,5.000000000002E-02);
#5398 = AXIS2_PLACEMENT_3D('',#5399,#5400,#5401);
#5399 = CARTESIAN_POINT('',(171.97055404771,-107.705752,1.585));
#5400 = DIRECTION('',(0.,0.,-1.));
#5401 = DIRECTION('',(-9.542367251921E-07,-1.,-0.));
#5402 = ORIENTED_EDGE('',*,*,#5403,.T.);
#5403 = EDGE_CURVE('',#5395,#5404,#5406,.T.);
#5404 = VERTEX_POINT('',#5405);
#5405 = CARTESIAN_POINT('',(172.063411,-107.655752,1.585));
#5406 = LINE('',#5407,#5408);
#5407 = CARTESIAN_POINT('',(171.970554,-107.655752,1.585));
#5408 = VECTOR('',#5409,1.);
#5409 = DIRECTION('',(1.,0.,0.));
#5410 = ORIENTED_EDGE('',*,*,#5411,.T.);
#5411 = EDGE_CURVE('',#5404,#5412,#5414,.T.);
#5412 = VERTEX_POINT('',#5413);
#5413 = CARTESIAN_POINT('',(172.063411,-107.372419,1.585));
#5414 = LINE('',#5415,#5416);
#5415 = CARTESIAN_POINT('',(172.063411,-107.655752,1.585));
#5416 = VECTOR('',#5417,1.);
#5417 = DIRECTION('',(0.,1.,0.));
#5418 = ORIENTED_EDGE('',*,*,#5419,.T.);
#5419 = EDGE_CURVE('',#5412,#5262,#5420,.T.);
#5420 = LINE('',#5421,#5422);
#5421 = CARTESIAN_POINT('',(172.063411,-107.372419,1.585));
#5422 = VECTOR('',#5423,1.);
#5423 = DIRECTION('',(0.195090852695,0.980785174845,0.));
#5424 = PLANE('',#5425);
#5425 = AXIS2_PLACEMENT_3D('',#5426,#5427,#5428);
#5426 = CARTESIAN_POINT('',(0.,0.,1.585));
#5427 = DIRECTION('',(0.,0.,1.));
#5428 = DIRECTION('',(1.,0.,-0.));
#5429 = SHELL_BASED_SURFACE_MODEL('',(#5430));
#5430 = OPEN_SHELL('',(#5431));
#5431 = ADVANCED_FACE('',(#5432),#5614,.T.);
#5432 = FACE_BOUND('',#5433,.F.);
#5433 = EDGE_LOOP('',(#5434,#5444,#5452,#5460,#5468,#5476,#5484,#5492,
    #5500,#5508,#5516,#5525,#5533,#5542,#5550,#5558,#5566,#5575,#5583,
    #5591,#5599,#5608));
#5434 = ORIENTED_EDGE('',*,*,#5435,.T.);
#5435 = EDGE_CURVE('',#5436,#5438,#5440,.T.);
#5436 = VERTEX_POINT('',#5437);
#5437 = CARTESIAN_POINT('',(175.649485,-107.384683,1.585));
#5438 = VERTEX_POINT('',#5439);
#5439 = CARTESIAN_POINT('',(175.768806,-107.324661,1.585));
#5440 = LINE('',#5441,#5442);
#5441 = CARTESIAN_POINT('',(175.649485,-107.384683,1.585));
#5442 = VECTOR('',#5443,1.);
#5443 = DIRECTION('',(0.893341967462,0.449377490726,0.));
#5444 = ORIENTED_EDGE('',*,*,#5445,.T.);
#5445 = EDGE_CURVE('',#5438,#5446,#5448,.T.);
#5446 = VERTEX_POINT('',#5447);
#5447 = CARTESIAN_POINT('',(176.02063,-107.322907,1.585));
#5448 = LINE('',#5449,#5450);
#5449 = CARTESIAN_POINT('',(175.768806,-107.324661,1.585));
#5450 = VECTOR('',#5451,1.);
#5451 = DIRECTION('',(0.999975744002,6.965013084476E-03,0.));
#5452 = ORIENTED_EDGE('',*,*,#5453,.T.);
#5453 = EDGE_CURVE('',#5446,#5454,#5456,.T.);
#5454 = VERTEX_POINT('',#5455);
#5455 = CARTESIAN_POINT('',(176.040535,-107.327698,1.585));
#5456 = LINE('',#5457,#5458);
#5457 = CARTESIAN_POINT('',(176.02063,-107.322907,1.585));
#5458 = VECTOR('',#5459,1.);
#5459 = DIRECTION('',(0.972234133225,-0.234010235231,0.));
#5460 = ORIENTED_EDGE('',*,*,#5461,.T.);
#5461 = EDGE_CURVE('',#5454,#5462,#5464,.T.);
#5462 = VERTEX_POINT('',#5463);
#5463 = CARTESIAN_POINT('',(176.148767,-107.384683,1.585));
#5464 = LINE('',#5465,#5466);
#5465 = CARTESIAN_POINT('',(176.040535,-107.327698,1.585));
#5466 = VECTOR('',#5467,1.);
#5467 = DIRECTION('',(0.884848162195,-0.465879522902,0.));
#5468 = ORIENTED_EDGE('',*,*,#5469,.T.);
#5469 = EDGE_CURVE('',#5462,#5470,#5472,.T.);
#5470 = VERTEX_POINT('',#5471);
#5471 = CARTESIAN_POINT('',(176.205752,-107.445296,1.585));
#5472 = LINE('',#5473,#5474);
#5473 = CARTESIAN_POINT('',(176.148767,-107.384683,1.585));
#5474 = VECTOR('',#5475,1.);
#5475 = DIRECTION('',(0.68496603593,-0.728574999312,0.));
#5476 = ORIENTED_EDGE('',*,*,#5477,.T.);
#5477 = EDGE_CURVE('',#5470,#5478,#5480,.T.);
#5478 = VERTEX_POINT('',#5479);
#5479 = CARTESIAN_POINT('',(176.256407,-107.551622,1.585));
#5480 = LINE('',#5481,#5482);
#5481 = CARTESIAN_POINT('',(176.205752,-107.445296,1.585));
#5482 = VECTOR('',#5483,1.);
#5483 = DIRECTION('',(0.430096717347,-0.902782816477,0.));
#5484 = ORIENTED_EDGE('',*,*,#5485,.T.);
#5485 = EDGE_CURVE('',#5478,#5486,#5488,.T.);
#5486 = VERTEX_POINT('',#5487);
#5487 = CARTESIAN_POINT('',(176.256084,-107.673945,1.585));
#5488 = LINE('',#5489,#5490);
#5489 = CARTESIAN_POINT('',(176.256407,-107.551622,1.585));
#5490 = VECTOR('',#5491,1.);
#5491 = DIRECTION('',(-2.640540813707E-03,-0.999996513766,0.));
#5492 = ORIENTED_EDGE('',*,*,#5493,.T.);
#5493 = EDGE_CURVE('',#5486,#5494,#5496,.T.);
#5494 = VERTEX_POINT('',#5495);
#5495 = CARTESIAN_POINT('',(176.202774,-107.826784,1.585));
#5496 = LINE('',#5497,#5498);
#5497 = CARTESIAN_POINT('',(176.256084,-107.673945,1.585));
#5498 = VECTOR('',#5499,1.);
#5499 = DIRECTION('',(-0.329339494705,-0.944211574398,0.));
#5500 = ORIENTED_EDGE('',*,*,#5501,.T.);
#5501 = EDGE_CURVE('',#5494,#5502,#5504,.T.);
#5502 = VERTEX_POINT('',#5503);
#5503 = CARTESIAN_POINT('',(175.710313,-108.322419,1.585));
#5504 = LINE('',#5505,#5506);
#5505 = CARTESIAN_POINT('',(176.202774,-107.826784,1.585));
#5506 = VECTOR('',#5507,1.);
#5507 = DIRECTION('',(-0.704831749184,-0.709374516981,0.));
#5508 = ORIENTED_EDGE('',*,*,#5509,.T.);
#5509 = EDGE_CURVE('',#5502,#5510,#5512,.T.);
#5510 = VERTEX_POINT('',#5511);
#5511 = CARTESIAN_POINT('',(176.20865,-108.322419,1.585));
#5512 = LINE('',#5513,#5514);
#5513 = CARTESIAN_POINT('',(175.710313,-108.322419,1.585));
#5514 = VECTOR('',#5515,1.);
#5515 = DIRECTION('',(1.,0.,0.));
#5516 = ORIENTED_EDGE('',*,*,#5517,.T.);
#5517 = EDGE_CURVE('',#5510,#5518,#5520,.T.);
#5518 = VERTEX_POINT('',#5519);
#5519 = CARTESIAN_POINT('',(176.20865,-108.422419,1.585));
#5520 = CIRCLE('',#5521,5.000000000003E-02);
#5521 = AXIS2_PLACEMENT_3D('',#5522,#5523,#5524);
#5522 = CARTESIAN_POINT('',(176.20864995228,-108.372419,1.585));
#5523 = DIRECTION('',(0.,0.,-1.));
#5524 = DIRECTION('',(9.54237293626E-07,1.,0.));
#5525 = ORIENTED_EDGE('',*,*,#5526,.T.);
#5526 = EDGE_CURVE('',#5518,#5527,#5529,.T.);
#5527 = VERTEX_POINT('',#5528);
#5528 = CARTESIAN_POINT('',(175.589603,-108.422419,1.585));
#5529 = LINE('',#5530,#5531);
#5530 = CARTESIAN_POINT('',(176.20865,-108.422419,1.585));
#5531 = VECTOR('',#5532,1.);
#5532 = DIRECTION('',(-1.,0.,0.));
#5533 = ORIENTED_EDGE('',*,*,#5534,.T.);
#5534 = EDGE_CURVE('',#5527,#5535,#5537,.T.);
#5535 = VERTEX_POINT('',#5536);
#5536 = CARTESIAN_POINT('',(175.554248,-108.337064,1.585));
#5537 = CIRCLE('',#5538,4.999963895009E-02);
#5538 = AXIS2_PLACEMENT_3D('',#5539,#5540,#5541);
#5539 = CARTESIAN_POINT('',(175.58960280646,-108.372419361,1.585));
#5540 = DIRECTION('',(0.,0.,-1.));
#5541 = DIRECTION('',(3.870737925353E-06,-0.999999999993,0.));
#5542 = ORIENTED_EDGE('',*,*,#5543,.T.);
#5543 = EDGE_CURVE('',#5535,#5544,#5546,.T.);
#5544 = VERTEX_POINT('',#5545);
#5545 = CARTESIAN_POINT('',(176.117329,-107.773981,1.585));
#5546 = LINE('',#5547,#5548);
#5547 = CARTESIAN_POINT('',(175.554248,-108.337064,1.585));
#5548 = VECTOR('',#5549,1.);
#5549 = DIRECTION('',(0.707105525406,0.707108036965,0.));
#5550 = ORIENTED_EDGE('',*,*,#5551,.T.);
#5551 = EDGE_CURVE('',#5544,#5552,#5554,.T.);
#5552 = VERTEX_POINT('',#5553);
#5553 = CARTESIAN_POINT('',(176.15865,-107.65002,1.585));
#5554 = LINE('',#5555,#5556);
#5555 = CARTESIAN_POINT('',(176.117329,-107.773981,1.585));
#5556 = VECTOR('',#5557,1.);
#5557 = DIRECTION('',(0.316232357853,0.948681767426,0.));
#5558 = ORIENTED_EDGE('',*,*,#5559,.T.);
#5559 = EDGE_CURVE('',#5552,#5560,#5562,.T.);
#5560 = VERTEX_POINT('',#5561);
#5561 = CARTESIAN_POINT('',(176.15865,-107.574698,1.585));
#5562 = LINE('',#5563,#5564);
#5563 = CARTESIAN_POINT('',(176.15865,-107.65002,1.585));
#5564 = VECTOR('',#5565,1.);
#5565 = DIRECTION('',(0.,1.,0.));
#5566 = ORIENTED_EDGE('',*,*,#5567,.T.);
#5567 = EDGE_CURVE('',#5560,#5568,#5570,.T.);
#5568 = VERTEX_POINT('',#5569);
#5569 = CARTESIAN_POINT('',(176.006371,-107.422419,1.585));
#5570 = CIRCLE('',#5571,0.215066604438);
#5571 = AXIS2_PLACEMENT_3D('',#5572,#5573,#5574);
#5572 = CARTESIAN_POINT('',(175.95086856628,-107.6302004337,1.585));
#5573 = DIRECTION('',(0.,0.,1.));
#5574 = DIRECTION('',(0.966125978774,0.258070907192,-0.));
#5575 = ORIENTED_EDGE('',*,*,#5576,.T.);
#5576 = EDGE_CURVE('',#5568,#5577,#5579,.T.);
#5577 = VERTEX_POINT('',#5578);
#5578 = CARTESIAN_POINT('',(175.791883,-107.422419,1.585));
#5579 = LINE('',#5580,#5581);
#5580 = CARTESIAN_POINT('',(176.006371,-107.422419,1.585));
#5581 = VECTOR('',#5582,1.);
#5582 = DIRECTION('',(-1.,0.,0.));
#5583 = ORIENTED_EDGE('',*,*,#5584,.T.);
#5584 = EDGE_CURVE('',#5577,#5585,#5587,.T.);
#5585 = VERTEX_POINT('',#5586);
#5586 = CARTESIAN_POINT('',(175.714459,-107.46113,1.585));
#5587 = LINE('',#5588,#5589);
#5588 = CARTESIAN_POINT('',(175.791883,-107.422419,1.585));
#5589 = VECTOR('',#5590,1.);
#5590 = DIRECTION('',(-0.894431811906,-0.447204353568,0.));
#5591 = ORIENTED_EDGE('',*,*,#5592,.T.);
#5592 = EDGE_CURVE('',#5585,#5593,#5595,.T.);
#5593 = VERTEX_POINT('',#5594);
#5594 = CARTESIAN_POINT('',(175.656356,-107.513851,1.585));
#5595 = LINE('',#5596,#5597);
#5596 = CARTESIAN_POINT('',(175.714459,-107.46113,1.585));
#5597 = VECTOR('',#5598,1.);
#5598 = DIRECTION('',(-0.74057357825,-0.67197527871,0.));
#5599 = ORIENTED_EDGE('',*,*,#5600,.T.);
#5600 = EDGE_CURVE('',#5593,#5601,#5603,.T.);
#5601 = VERTEX_POINT('',#5602);
#5602 = CARTESIAN_POINT('',(175.591028,-107.448523,1.585));
#5603 = CIRCLE('',#5604,4.999995591998E-02);
#5604 = AXIS2_PLACEMENT_3D('',#5605,#5606,#5607);
#5605 = CARTESIAN_POINT('',(175.637222,-107.467657,1.585));
#5606 = DIRECTION('',(0.,0.,-1.));
#5607 = DIRECTION('',(0.382680337371,-0.923880814494,0.));
#5608 = ORIENTED_EDGE('',*,*,#5609,.T.);
#5609 = EDGE_CURVE('',#5601,#5436,#5610,.T.);
#5610 = LINE('',#5611,#5612);
#5611 = CARTESIAN_POINT('',(175.591028,-107.448523,1.585));
#5612 = VECTOR('',#5613,1.);
#5613 = DIRECTION('',(0.675329040753,0.737516567078,0.));
#5614 = PLANE('',#5615);
#5615 = AXIS2_PLACEMENT_3D('',#5616,#5617,#5618);
#5616 = CARTESIAN_POINT('',(0.,0.,1.585));
#5617 = DIRECTION('',(0.,0.,1.));
#5618 = DIRECTION('',(1.,0.,-0.));
#5619 = SHELL_BASED_SURFACE_MODEL('',(#5620));
#5620 = OPEN_SHELL('',(#5621));
#5621 = ADVANCED_FACE('',(#5622),#5683,.T.);
#5622 = FACE_BOUND('',#5623,.F.);
#5623 = EDGE_LOOP('',(#5624,#5635,#5643,#5652,#5660,#5669,#5677));
#5624 = ORIENTED_EDGE('',*,*,#5625,.T.);
#5625 = EDGE_CURVE('',#5626,#5628,#5630,.T.);
#5626 = VERTEX_POINT('',#5627);
#5627 = CARTESIAN_POINT('',(175.256801,-107.688935,1.585));
#5628 = VERTEX_POINT('',#5629);
#5629 = CARTESIAN_POINT('',(175.350975,-107.722569,1.585));
#5630 = CIRCLE('',#5631,4.999997058101E-02);
#5631 = AXIS2_PLACEMENT_3D('',#5632,#5633,#5634);
#5632 = CARTESIAN_POINT('',(175.30388789284,-107.7057523,1.585));
#5633 = DIRECTION('',(0.,0.,-1.));
#5634 = DIRECTION('',(-0.94173841106,0.336346198335,0.));
#5635 = ORIENTED_EDGE('',*,*,#5636,.T.);
#5636 = EDGE_CURVE('',#5628,#5637,#5639,.T.);
#5637 = VERTEX_POINT('',#5638);
#5638 = CARTESIAN_POINT('',(175.11288,-108.389236,1.585));
#5639 = LINE('',#5640,#5641);
#5640 = CARTESIAN_POINT('',(175.350975,-107.722569,1.585));
#5641 = VECTOR('',#5642,1.);
#5642 = DIRECTION('',(-0.336335949564,-0.941742071393,0.));
#5643 = ORIENTED_EDGE('',*,*,#5644,.T.);
#5644 = EDGE_CURVE('',#5637,#5645,#5647,.T.);
#5645 = VERTEX_POINT('',#5646);
#5646 = CARTESIAN_POINT('',(175.018706,-108.389236,1.585));
#5647 = CIRCLE('',#5648,5.000011236924E-02);
#5648 = AXIS2_PLACEMENT_3D('',#5649,#5650,#5651);
#5649 = CARTESIAN_POINT('',(175.065793,-108.3724185784,1.585));
#5650 = DIRECTION('',(-0.,0.,-1.));
#5651 = DIRECTION('',(0.941737883552,-0.336347675304,-0.));
#5652 = ORIENTED_EDGE('',*,*,#5653,.T.);
#5653 = EDGE_CURVE('',#5645,#5654,#5656,.T.);
#5654 = VERTEX_POINT('',#5655);
#5655 = CARTESIAN_POINT('',(174.780611,-107.722569,1.585));
#5656 = LINE('',#5657,#5658);
#5657 = CARTESIAN_POINT('',(175.018706,-108.389236,1.585));
#5658 = VECTOR('',#5659,1.);
#5659 = DIRECTION('',(-0.336335949564,0.941742071393,0.));
#5660 = ORIENTED_EDGE('',*,*,#5661,.T.);
#5661 = EDGE_CURVE('',#5654,#5662,#5664,.T.);
#5662 = VERTEX_POINT('',#5663);
#5663 = CARTESIAN_POINT('',(174.874785,-107.688935,1.585));
#5664 = CIRCLE('',#5665,4.999997058101E-02);
#5665 = AXIS2_PLACEMENT_3D('',#5666,#5667,#5668);
#5666 = CARTESIAN_POINT('',(174.82769810715,-107.7057523,1.585));
#5667 = DIRECTION('',(0.,0.,-1.));
#5668 = DIRECTION('',(-0.941742697143,-0.336334197456,-0.));
#5669 = ORIENTED_EDGE('',*,*,#5670,.T.);
#5670 = EDGE_CURVE('',#5662,#5671,#5673,.T.);
#5671 = VERTEX_POINT('',#5672);
#5672 = CARTESIAN_POINT('',(175.065793,-108.223758,1.585));
#5673 = LINE('',#5674,#5675);
#5674 = CARTESIAN_POINT('',(174.874785,-107.688935,1.585));
#5675 = VECTOR('',#5676,1.);
#5676 = DIRECTION('',(0.336336062357,-0.941742031109,0.));
#5677 = ORIENTED_EDGE('',*,*,#5678,.T.);
#5678 = EDGE_CURVE('',#5671,#5626,#5679,.T.);
#5679 = LINE('',#5680,#5681);
#5680 = CARTESIAN_POINT('',(175.065793,-108.223758,1.585));
#5681 = VECTOR('',#5682,1.);
#5682 = DIRECTION('',(0.336336062357,0.941742031109,0.));
#5683 = PLANE('',#5684);
#5684 = AXIS2_PLACEMENT_3D('',#5685,#5686,#5687);
#5685 = CARTESIAN_POINT('',(0.,0.,1.585));
#5686 = DIRECTION('',(0.,0.,1.));
#5687 = DIRECTION('',(1.,0.,-0.));
#5688 = SHELL_BASED_SURFACE_MODEL('',(#5689));
#5689 = OPEN_SHELL('',(#5690));
#5690 = ADVANCED_FACE('',(#5691,#5791),#5817,.T.);
#5691 = FACE_BOUND('',#5692,.F.);
#5692 = EDGE_LOOP('',(#5693,#5703,#5711,#5719,#5727,#5735,#5743,#5752,
    #5760,#5768,#5776,#5785));
#5693 = ORIENTED_EDGE('',*,*,#5694,.T.);
#5694 = EDGE_CURVE('',#5695,#5697,#5699,.T.);
#5695 = VERTEX_POINT('',#5696);
#5696 = CARTESIAN_POINT('',(165.113595,-107.356608,1.585));
#5697 = VERTEX_POINT('',#5698);
#5698 = CARTESIAN_POINT('',(165.128269,-107.334646,1.585));
#5699 = LINE('',#5700,#5701);
#5700 = CARTESIAN_POINT('',(165.113595,-107.356608,1.585));
#5701 = VECTOR('',#5702,1.);
#5702 = DIRECTION('',(0.555556118647,0.831479043051,0.));
#5703 = ORIENTED_EDGE('',*,*,#5704,.T.);
#5704 = EDGE_CURVE('',#5697,#5705,#5707,.T.);
#5705 = VERTEX_POINT('',#5706);
#5706 = CARTESIAN_POINT('',(165.164573,-107.322545,1.585));
#5707 = LINE('',#5708,#5709);
#5708 = CARTESIAN_POINT('',(165.128269,-107.334646,1.585));
#5709 = VECTOR('',#5710,1.);
#5710 = DIRECTION('',(0.94868591119,0.31621992649,0.));
#5711 = ORIENTED_EDGE('',*,*,#5712,.T.);
#5712 = EDGE_CURVE('',#5705,#5713,#5715,.T.);
#5713 = VERTEX_POINT('',#5714);
#5714 = CARTESIAN_POINT('',(165.178752,-107.329634,1.585));
#5715 = LINE('',#5716,#5717);
#5716 = CARTESIAN_POINT('',(165.164573,-107.322545,1.585));
#5717 = VECTOR('',#5718,1.);
#5718 = DIRECTION('',(0.894439807046,-0.447188362518,0.));
#5719 = ORIENTED_EDGE('',*,*,#5720,.T.);
#5720 = EDGE_CURVE('',#5713,#5721,#5723,.T.);
#5721 = VERTEX_POINT('',#5722);
#5722 = CARTESIAN_POINT('',(165.198802,-107.339659,1.585));
#5723 = LINE('',#5724,#5725);
#5724 = CARTESIAN_POINT('',(165.178752,-107.329634,1.585));
#5725 = VECTOR('',#5726,1.);
#5726 = DIRECTION('',(0.894427191,-0.4472135955,0.));
#5727 = ORIENTED_EDGE('',*,*,#5728,.T.);
#5728 = EDGE_CURVE('',#5721,#5729,#5731,.T.);
#5729 = VERTEX_POINT('',#5730);
#5730 = CARTESIAN_POINT('',(165.208463,-107.356608,1.585));
#5731 = LINE('',#5732,#5733);
#5732 = CARTESIAN_POINT('',(165.198802,-107.339659,1.585));
#5733 = VECTOR('',#5734,1.);
#5734 = DIRECTION('',(0.495205752194,-0.868775726522,0.));
#5735 = ORIENTED_EDGE('',*,*,#5736,.T.);
#5736 = EDGE_CURVE('',#5729,#5737,#5739,.T.);
#5737 = VERTEX_POINT('',#5738);
#5738 = CARTESIAN_POINT('',(165.541796,-108.356607,1.585));
#5739 = LINE('',#5740,#5741);
#5740 = CARTESIAN_POINT('',(165.208463,-107.356608,1.585));
#5741 = VECTOR('',#5742,1.);
#5742 = DIRECTION('',(0.316227766017,-0.948683298051,0.));
#5743 = ORIENTED_EDGE('',*,*,#5744,.T.);
#5744 = EDGE_CURVE('',#5737,#5745,#5747,.T.);
#5745 = VERTEX_POINT('',#5746);
#5746 = CARTESIAN_POINT('',(165.446928,-108.38823,1.585));
#5747 = CIRCLE('',#5748,4.999987888243E-02);
#5748 = AXIS2_PLACEMENT_3D('',#5749,#5750,#5751);
#5749 = CARTESIAN_POINT('',(165.49436197079,-108.3724184123,1.585));
#5750 = DIRECTION('',(0.,0.,-1.));
#5751 = DIRECTION('',(0.948682882121,0.316229013801,0.));
#5752 = ORIENTED_EDGE('',*,*,#5753,.T.);
#5753 = EDGE_CURVE('',#5745,#5754,#5756,.T.);
#5754 = VERTEX_POINT('',#5755);
#5755 = CARTESIAN_POINT('',(165.363086,-108.136704,1.585));
#5756 = LINE('',#5757,#5758);
#5757 = CARTESIAN_POINT('',(165.446928,-108.38823,1.585));
#5758 = VECTOR('',#5759,1.);
#5759 = DIRECTION('',(-0.316227766017,0.948683298051,0.));
#5760 = ORIENTED_EDGE('',*,*,#5761,.T.);
#5761 = EDGE_CURVE('',#5754,#5762,#5764,.T.);
#5762 = VERTEX_POINT('',#5763);
#5763 = CARTESIAN_POINT('',(164.958972,-108.136704,1.585));
#5764 = LINE('',#5765,#5766);
#5765 = CARTESIAN_POINT('',(165.363086,-108.136704,1.585));
#5766 = VECTOR('',#5767,1.);
#5767 = DIRECTION('',(-1.,0.,0.));
#5768 = ORIENTED_EDGE('',*,*,#5769,.T.);
#5769 = EDGE_CURVE('',#5762,#5770,#5772,.T.);
#5770 = VERTEX_POINT('',#5771);
#5771 = CARTESIAN_POINT('',(164.87513,-108.38823,1.585));
#5772 = LINE('',#5773,#5774);
#5773 = CARTESIAN_POINT('',(164.958972,-108.136704,1.585));
#5774 = VECTOR('',#5775,1.);
#5775 = DIRECTION('',(-0.316227766017,-0.948683298051,0.));
#5776 = ORIENTED_EDGE('',*,*,#5777,.T.);
#5777 = EDGE_CURVE('',#5770,#5778,#5780,.T.);
#5778 = VERTEX_POINT('',#5779);
#5779 = CARTESIAN_POINT('',(164.780262,-108.356608,1.585));
#5780 = CIRCLE('',#5781,4.999972076925E-02);
#5781 = AXIS2_PLACEMENT_3D('',#5782,#5783,#5784);
#5782 = CARTESIAN_POINT('',(164.82769598721,-108.3724190383,1.585));
#5783 = DIRECTION('',(-0.,0.,-1.));
#5784 = DIRECTION('',(0.948685553724,-0.316220998917,-0.));
#5785 = ORIENTED_EDGE('',*,*,#5786,.T.);
#5786 = EDGE_CURVE('',#5778,#5695,#5787,.T.);
#5787 = LINE('',#5788,#5789);
#5788 = CARTESIAN_POINT('',(164.780262,-108.356608,1.585));
#5789 = VECTOR('',#5790,1.);
#5790 = DIRECTION('',(0.316227481412,0.948683392919,0.));
#5791 = FACE_BOUND('',#5792,.F.);
#5792 = EDGE_LOOP('',(#5793,#5803,#5811));
#5793 = ORIENTED_EDGE('',*,*,#5794,.T.);
#5794 = EDGE_CURVE('',#5795,#5797,#5799,.T.);
#5795 = VERTEX_POINT('',#5796);
#5796 = CARTESIAN_POINT('',(164.992305,-108.036704,1.585));
#5797 = VERTEX_POINT('',#5798);
#5798 = CARTESIAN_POINT('',(165.329753,-108.036704,1.585));
#5799 = LINE('',#5800,#5801);
#5800 = CARTESIAN_POINT('',(164.992305,-108.036704,1.585));
#5801 = VECTOR('',#5802,1.);
#5802 = DIRECTION('',(1.,0.,0.));
#5803 = ORIENTED_EDGE('',*,*,#5804,.T.);
#5804 = EDGE_CURVE('',#5797,#5805,#5807,.T.);
#5805 = VERTEX_POINT('',#5806);
#5806 = CARTESIAN_POINT('',(165.161029,-107.530532,1.585));
#5807 = LINE('',#5808,#5809);
#5808 = CARTESIAN_POINT('',(165.329753,-108.036704,1.585));
#5809 = VECTOR('',#5810,1.);
#5810 = DIRECTION('',(-0.316227766017,0.948683298051,0.));
#5811 = ORIENTED_EDGE('',*,*,#5812,.T.);
#5812 = EDGE_CURVE('',#5805,#5795,#5813,.T.);
#5813 = LINE('',#5814,#5815);
#5814 = CARTESIAN_POINT('',(165.161029,-107.530532,1.585));
#5815 = VECTOR('',#5816,1.);
#5816 = DIRECTION('',(-0.316227766017,-0.948683298051,0.));
#5817 = PLANE('',#5818);
#5818 = AXIS2_PLACEMENT_3D('',#5819,#5820,#5821);
#5819 = CARTESIAN_POINT('',(0.,0.,1.585));
#5820 = DIRECTION('',(0.,0.,1.));
#5821 = DIRECTION('',(1.,0.,-0.));
#5822 = SHELL_BASED_SURFACE_MODEL('',(#5823));
#5823 = OPEN_SHELL('',(#5824));
#5824 = ADVANCED_FACE('',(#5825,#5925),#5951,.T.);
#5825 = FACE_BOUND('',#5826,.F.);
#5826 = EDGE_LOOP('',(#5827,#5837,#5845,#5853,#5861,#5869,#5877,#5886,
    #5894,#5902,#5910,#5919));
#5827 = ORIENTED_EDGE('',*,*,#5828,.T.);
#5828 = EDGE_CURVE('',#5829,#5831,#5833,.T.);
#5829 = VERTEX_POINT('',#5830);
#5830 = CARTESIAN_POINT('',(168.685024,-107.356608,1.585));
#5831 = VERTEX_POINT('',#5832);
#5832 = CARTESIAN_POINT('',(168.699698,-107.334646,1.585));
#5833 = LINE('',#5834,#5835);
#5834 = CARTESIAN_POINT('',(168.685024,-107.356608,1.585));
#5835 = VECTOR('',#5836,1.);
#5836 = DIRECTION('',(0.555556118648,0.831479043051,0.));
#5837 = ORIENTED_EDGE('',*,*,#5838,.T.);
#5838 = EDGE_CURVE('',#5831,#5839,#5841,.T.);
#5839 = VERTEX_POINT('',#5840);
#5840 = CARTESIAN_POINT('',(168.736002,-107.322545,1.585));
#5841 = LINE('',#5842,#5843);
#5842 = CARTESIAN_POINT('',(168.699698,-107.334646,1.585));
#5843 = VECTOR('',#5844,1.);
#5844 = DIRECTION('',(0.94868591119,0.31621992649,0.));
#5845 = ORIENTED_EDGE('',*,*,#5846,.T.);
#5846 = EDGE_CURVE('',#5839,#5847,#5849,.T.);
#5847 = VERTEX_POINT('',#5848);
#5848 = CARTESIAN_POINT('',(168.750181,-107.329634,1.585));
#5849 = LINE('',#5850,#5851);
#5850 = CARTESIAN_POINT('',(168.736002,-107.322545,1.585));
#5851 = VECTOR('',#5852,1.);
#5852 = DIRECTION('',(0.894439807046,-0.447188362518,0.));
#5853 = ORIENTED_EDGE('',*,*,#5854,.T.);
#5854 = EDGE_CURVE('',#5847,#5855,#5857,.T.);
#5855 = VERTEX_POINT('',#5856);
#5856 = CARTESIAN_POINT('',(168.770231,-107.339659,1.585));
#5857 = LINE('',#5858,#5859);
#5858 = CARTESIAN_POINT('',(168.750181,-107.329634,1.585));
#5859 = VECTOR('',#5860,1.);
#5860 = DIRECTION('',(0.894427191,-0.4472135955,0.));
#5861 = ORIENTED_EDGE('',*,*,#5862,.T.);
#5862 = EDGE_CURVE('',#5855,#5863,#5865,.T.);
#5863 = VERTEX_POINT('',#5864);
#5864 = CARTESIAN_POINT('',(168.779892,-107.356608,1.585));
#5865 = LINE('',#5866,#5867);
#5866 = CARTESIAN_POINT('',(168.770231,-107.339659,1.585));
#5867 = VECTOR('',#5868,1.);
#5868 = DIRECTION('',(0.495205752194,-0.868775726522,0.));
#5869 = ORIENTED_EDGE('',*,*,#5870,.T.);
#5870 = EDGE_CURVE('',#5863,#5871,#5873,.T.);
#5871 = VERTEX_POINT('',#5872);
#5872 = CARTESIAN_POINT('',(169.113225,-108.356607,1.585));
#5873 = LINE('',#5874,#5875);
#5874 = CARTESIAN_POINT('',(168.779892,-107.356608,1.585));
#5875 = VECTOR('',#5876,1.);
#5876 = DIRECTION('',(0.316227766017,-0.948683298051,0.));
#5877 = ORIENTED_EDGE('',*,*,#5878,.T.);
#5878 = EDGE_CURVE('',#5871,#5879,#5881,.T.);
#5879 = VERTEX_POINT('',#5880);
#5880 = CARTESIAN_POINT('',(169.018357,-108.38823,1.585));
#5881 = CIRCLE('',#5882,4.999987888243E-02);
#5882 = AXIS2_PLACEMENT_3D('',#5883,#5884,#5885);
#5883 = CARTESIAN_POINT('',(169.06579097079,-108.3724184123,1.585));
#5884 = DIRECTION('',(0.,0.,-1.));
#5885 = DIRECTION('',(0.948682882121,0.316229013801,0.));
#5886 = ORIENTED_EDGE('',*,*,#5887,.T.);
#5887 = EDGE_CURVE('',#5879,#5888,#5890,.T.);
#5888 = VERTEX_POINT('',#5889);
#5889 = CARTESIAN_POINT('',(168.934515,-108.136704,1.585));
#5890 = LINE('',#5891,#5892);
#5891 = CARTESIAN_POINT('',(169.018357,-108.38823,1.585));
#5892 = VECTOR('',#5893,1.);
#5893 = DIRECTION('',(-0.316227766017,0.948683298051,0.));
#5894 = ORIENTED_EDGE('',*,*,#5895,.T.);
#5895 = EDGE_CURVE('',#5888,#5896,#5898,.T.);
#5896 = VERTEX_POINT('',#5897);
#5897 = CARTESIAN_POINT('',(168.530401,-108.136704,1.585));
#5898 = LINE('',#5899,#5900);
#5899 = CARTESIAN_POINT('',(168.934515,-108.136704,1.585));
#5900 = VECTOR('',#5901,1.);
#5901 = DIRECTION('',(-1.,0.,0.));
#5902 = ORIENTED_EDGE('',*,*,#5903,.T.);
#5903 = EDGE_CURVE('',#5896,#5904,#5906,.T.);
#5904 = VERTEX_POINT('',#5905);
#5905 = CARTESIAN_POINT('',(168.446559,-108.38823,1.585));
#5906 = LINE('',#5907,#5908);
#5907 = CARTESIAN_POINT('',(168.530401,-108.136704,1.585));
#5908 = VECTOR('',#5909,1.);
#5909 = DIRECTION('',(-0.316227766017,-0.948683298051,0.));
#5910 = ORIENTED_EDGE('',*,*,#5911,.T.);
#5911 = EDGE_CURVE('',#5904,#5912,#5914,.T.);
#5912 = VERTEX_POINT('',#5913);
#5913 = CARTESIAN_POINT('',(168.351691,-108.356608,1.585));
#5914 = CIRCLE('',#5915,4.999972076925E-02);
#5915 = AXIS2_PLACEMENT_3D('',#5916,#5917,#5918);
#5916 = CARTESIAN_POINT('',(168.39912498721,-108.3724190383,1.585));
#5917 = DIRECTION('',(-0.,0.,-1.));
#5918 = DIRECTION('',(0.948685553724,-0.316220998917,-0.));
#5919 = ORIENTED_EDGE('',*,*,#5920,.T.);
#5920 = EDGE_CURVE('',#5912,#5829,#5921,.T.);
#5921 = LINE('',#5922,#5923);
#5922 = CARTESIAN_POINT('',(168.351691,-108.356608,1.585));
#5923 = VECTOR('',#5924,1.);
#5924 = DIRECTION('',(0.316227481412,0.948683392919,0.));
#5925 = FACE_BOUND('',#5926,.F.);
#5926 = EDGE_LOOP('',(#5927,#5937,#5945));
#5927 = ORIENTED_EDGE('',*,*,#5928,.T.);
#5928 = EDGE_CURVE('',#5929,#5931,#5933,.T.);
#5929 = VERTEX_POINT('',#5930);
#5930 = CARTESIAN_POINT('',(168.563734,-108.036704,1.585));
#5931 = VERTEX_POINT('',#5932);
#5932 = CARTESIAN_POINT('',(168.901182,-108.036704,1.585));
#5933 = LINE('',#5934,#5935);
#5934 = CARTESIAN_POINT('',(168.563734,-108.036704,1.585));
#5935 = VECTOR('',#5936,1.);
#5936 = DIRECTION('',(1.,0.,0.));
#5937 = ORIENTED_EDGE('',*,*,#5938,.T.);
#5938 = EDGE_CURVE('',#5931,#5939,#5941,.T.);
#5939 = VERTEX_POINT('',#5940);
#5940 = CARTESIAN_POINT('',(168.732458,-107.530532,1.585));
#5941 = LINE('',#5942,#5943);
#5942 = CARTESIAN_POINT('',(168.901182,-108.036704,1.585));
#5943 = VECTOR('',#5944,1.);
#5944 = DIRECTION('',(-0.316227766017,0.948683298051,0.));
#5945 = ORIENTED_EDGE('',*,*,#5946,.T.);
#5946 = EDGE_CURVE('',#5939,#5929,#5947,.T.);
#5947 = LINE('',#5948,#5949);
#5948 = CARTESIAN_POINT('',(168.732458,-107.530532,1.585));
#5949 = VECTOR('',#5950,1.);
#5950 = DIRECTION('',(-0.316227766017,-0.948683298051,0.));
#5951 = PLANE('',#5952);
#5952 = AXIS2_PLACEMENT_3D('',#5953,#5954,#5955);
#5953 = CARTESIAN_POINT('',(0.,0.,1.585));
#5954 = DIRECTION('',(0.,0.,1.));
#5955 = DIRECTION('',(1.,0.,-0.));
#5956 = SHELL_BASED_SURFACE_MODEL('',(#5957));
#5957 = OPEN_SHELL('',(#5958));
#5958 = ADVANCED_FACE('',(#5959,#6084),#6152,.T.);
#5959 = FACE_BOUND('',#5960,.F.);
#5960 = EDGE_LOOP('',(#5961,#5972,#5980,#5989,#5997,#6005,#6013,#6021,
    #6029,#6038,#6046,#6054,#6062,#6070,#6078));
#5961 = ORIENTED_EDGE('',*,*,#5962,.T.);
#5962 = EDGE_CURVE('',#5963,#5965,#5967,.T.);
#5963 = VERTEX_POINT('',#5964);
#5964 = CARTESIAN_POINT('',(169.781502,-107.353285,1.585));
#5965 = VERTEX_POINT('',#5966);
#5966 = CARTESIAN_POINT('',(169.877696,-107.372419,1.585));
#5967 = CIRCLE('',#5968,4.999998452108E-02);
#5968 = AXIS2_PLACEMENT_3D('',#5969,#5970,#5971);
#5969 = CARTESIAN_POINT('',(169.82769601547,-107.3724190373,1.585));
#5970 = DIRECTION('',(0.,0.,-1.));
#5971 = DIRECTION('',(-0.923880595592,0.382680865851,0.));
#5972 = ORIENTED_EDGE('',*,*,#5973,.T.);
#5973 = EDGE_CURVE('',#5965,#5974,#5976,.T.);
#5974 = VERTEX_POINT('',#5975);
#5975 = CARTESIAN_POINT('',(169.877696,-108.372419,1.585));
#5976 = LINE('',#5977,#5978);
#5977 = CARTESIAN_POINT('',(169.877696,-107.372419,1.585));
#5978 = VECTOR('',#5979,1.);
#5979 = DIRECTION('',(0.,-1.,0.));
#5980 = ORIENTED_EDGE('',*,*,#5981,.T.);
#5981 = EDGE_CURVE('',#5974,#5982,#5984,.T.);
#5982 = VERTEX_POINT('',#5983);
#5983 = CARTESIAN_POINT('',(169.808562,-108.418613,1.585));
#5984 = CIRCLE('',#5985,5.000005199705E-02);
#5985 = AXIS2_PLACEMENT_3D('',#5986,#5987,#5988);
#5986 = CARTESIAN_POINT('',(169.827695948,-108.3724188744,1.585));
#5987 = DIRECTION('',(0.,0.,-1.));
#5988 = DIRECTION('',(0.999999999997,-2.510606638502E-06,0.));
#5989 = ORIENTED_EDGE('',*,*,#5990,.T.);
#5990 = EDGE_CURVE('',#5982,#5991,#5993,.T.);
#5991 = VERTEX_POINT('',#5992);
#5992 = CARTESIAN_POINT('',(169.789665,-108.399716,1.585));
#5993 = LINE('',#5994,#5995);
#5994 = CARTESIAN_POINT('',(169.808562,-108.418613,1.585));
#5995 = VECTOR('',#5996,1.);
#5996 = DIRECTION('',(-0.707106781186,0.707106781187,0.));
#5997 = ORIENTED_EDGE('',*,*,#5998,.T.);
#5998 = EDGE_CURVE('',#5991,#5999,#6001,.T.);
#5999 = VERTEX_POINT('',#6000);
#6000 = CARTESIAN_POINT('',(169.736003,-108.422293,1.585));
#6001 = LINE('',#6002,#6003);
#6002 = CARTESIAN_POINT('',(169.789665,-108.399716,1.585));
#6003 = VECTOR('',#6004,1.);
#6004 = DIRECTION('',(-0.921743008071,-0.387801272655,0.));
#6005 = ORIENTED_EDGE('',*,*,#6006,.T.);
#6006 = EDGE_CURVE('',#5999,#6007,#6009,.T.);
#6007 = VERTEX_POINT('',#6008);
#6008 = CARTESIAN_POINT('',(169.530709,-108.420176,1.585));
#6009 = LINE('',#6010,#6011);
#6010 = CARTESIAN_POINT('',(169.736003,-108.422293,1.585));
#6011 = VECTOR('',#6012,1.);
#6012 = DIRECTION('',(-0.999946835153,1.031149205538E-02,0.));
#6013 = ORIENTED_EDGE('',*,*,#6014,.T.);
#6014 = EDGE_CURVE('',#6007,#6015,#6017,.T.);
#6015 = VERTEX_POINT('',#6016);
#6016 = CARTESIAN_POINT('',(169.411388,-108.360155,1.585));
#6017 = LINE('',#6018,#6019);
#6018 = CARTESIAN_POINT('',(169.530709,-108.420176,1.585));
#6019 = VECTOR('',#6020,1.);
#6020 = DIRECTION('',(-0.893344973043,0.449371515718,0.));
#6021 = ORIENTED_EDGE('',*,*,#6022,.T.);
#6022 = EDGE_CURVE('',#6015,#6023,#6025,.T.);
#6023 = VERTEX_POINT('',#6024);
#6024 = CARTESIAN_POINT('',(169.354403,-108.29954,1.585));
#6025 = LINE('',#6026,#6027);
#6026 = CARTESIAN_POINT('',(169.411388,-108.360155,1.585));
#6027 = VECTOR('',#6028,1.);
#6028 = DIRECTION('',(-0.684954038795,0.728586278171,0.));
#6029 = ORIENTED_EDGE('',*,*,#6030,.T.);
#6030 = EDGE_CURVE('',#6023,#6031,#6033,.T.);
#6031 = VERTEX_POINT('',#6032);
#6032 = CARTESIAN_POINT('',(169.36377,-107.765635,1.585));
#6033 = CIRCLE('',#6034,0.484193116766);
#6034 = AXIS2_PLACEMENT_3D('',#6035,#6036,#6037);
#6035 = CARTESIAN_POINT('',(169.76295182035,-108.0396730422,1.585));
#6036 = DIRECTION('',(0.,0.,-1.));
#6037 = DIRECTION('',(-0.843772466416,-0.536701057311,-0.));
#6038 = ORIENTED_EDGE('',*,*,#6039,.T.);
#6039 = EDGE_CURVE('',#6031,#6040,#6042,.T.);
#6040 = VERTEX_POINT('',#6041);
#6041 = CARTESIAN_POINT('',(169.424383,-107.70865,1.585));
#6042 = LINE('',#6043,#6044);
#6043 = CARTESIAN_POINT('',(169.36377,-107.765635,1.585));
#6044 = VECTOR('',#6045,1.);
#6045 = DIRECTION('',(0.728574999312,0.68496603593,0.));
#6046 = ORIENTED_EDGE('',*,*,#6047,.T.);
#6047 = EDGE_CURVE('',#6040,#6048,#6050,.T.);
#6048 = VERTEX_POINT('',#6049);
#6049 = CARTESIAN_POINT('',(169.530709,-107.657994,1.585));
#6050 = LINE('',#6051,#6052);
#6051 = CARTESIAN_POINT('',(169.424383,-107.70865,1.585));
#6052 = VECTOR('',#6053,1.);
#6053 = DIRECTION('',(0.902779519658,0.430103637378,0.));
#6054 = ORIENTED_EDGE('',*,*,#6055,.T.);
#6055 = EDGE_CURVE('',#6048,#6056,#6058,.T.);
#6056 = VERTEX_POINT('',#6057);
#6057 = CARTESIAN_POINT('',(169.74373,-107.657994,1.585));
#6058 = LINE('',#6059,#6060);
#6059 = CARTESIAN_POINT('',(169.530709,-107.657994,1.585));
#6060 = VECTOR('',#6061,1.);
#6061 = DIRECTION('',(1.,0.,0.));
#6062 = ORIENTED_EDGE('',*,*,#6063,.T.);
#6063 = EDGE_CURVE('',#6056,#6064,#6066,.T.);
#6064 = VERTEX_POINT('',#6065);
#6065 = CARTESIAN_POINT('',(169.777696,-107.672469,1.585));
#6066 = LINE('',#6067,#6068);
#6067 = CARTESIAN_POINT('',(169.74373,-107.657994,1.585));
#6068 = VECTOR('',#6069,1.);
#6069 = DIRECTION('',(0.91994584467,-0.392045460213,0.));
#6070 = ORIENTED_EDGE('',*,*,#6071,.T.);
#6071 = EDGE_CURVE('',#6064,#6072,#6074,.T.);
#6072 = VERTEX_POINT('',#6073);
#6073 = CARTESIAN_POINT('',(169.777696,-107.372419,1.585));
#6074 = LINE('',#6075,#6076);
#6075 = CARTESIAN_POINT('',(169.777696,-107.672469,1.585));
#6076 = VECTOR('',#6077,1.);
#6077 = DIRECTION('',(0.,1.,0.));
#6078 = ORIENTED_EDGE('',*,*,#6079,.T.);
#6079 = EDGE_CURVE('',#6072,#5963,#6080,.T.);
#6080 = LINE('',#6081,#6082);
#6081 = CARTESIAN_POINT('',(169.777696,-107.372419,1.585));
#6082 = VECTOR('',#6083,1.);
#6083 = DIRECTION('',(0.195090852695,0.980785174845,0.));
#6084 = FACE_BOUND('',#6085,.F.);
#6085 = EDGE_LOOP('',(#6086,#6096,#6104,#6113,#6121,#6130,#6138,#6146));
#6086 = ORIENTED_EDGE('',*,*,#6087,.T.);
#6087 = EDGE_CURVE('',#6088,#6090,#6092,.T.);
#6088 = VERTEX_POINT('',#6089);
#6089 = CARTESIAN_POINT('',(169.777696,-107.784272,1.585));
#6090 = VERTEX_POINT('',#6091);
#6091 = CARTESIAN_POINT('',(169.720655,-107.755752,1.585));
#6092 = LINE('',#6093,#6094);
#6093 = CARTESIAN_POINT('',(169.777696,-107.784272,1.585));
#6094 = VECTOR('',#6095,1.);
#6095 = DIRECTION('',(-0.894430327074,0.447207323297,0.));
#6096 = ORIENTED_EDGE('',*,*,#6097,.T.);
#6097 = EDGE_CURVE('',#6090,#6098,#6100,.T.);
#6098 = VERTEX_POINT('',#6099);
#6099 = CARTESIAN_POINT('',(169.553786,-107.755752,1.585));
#6100 = LINE('',#6101,#6102);
#6101 = CARTESIAN_POINT('',(169.720655,-107.755752,1.585));
#6102 = VECTOR('',#6103,1.);
#6103 = DIRECTION('',(-1.,0.,0.));
#6104 = ORIENTED_EDGE('',*,*,#6105,.T.);
#6105 = EDGE_CURVE('',#6098,#6106,#6108,.T.);
#6106 = VERTEX_POINT('',#6107);
#6107 = CARTESIAN_POINT('',(169.401506,-107.908031,1.585));
#6108 = CIRCLE('',#6109,0.215060043145);
#6109 = AXIS2_PLACEMENT_3D('',#6110,#6111,#6112);
#6110 = CARTESIAN_POINT('',(169.60928199719,-107.9635283616,1.585));
#6111 = DIRECTION('',(0.,0.,1.));
#6112 = DIRECTION('',(-0.258048851758,0.966131869936,0.));
#6113 = ORIENTED_EDGE('',*,*,#6114,.T.);
#6114 = EDGE_CURVE('',#6106,#6115,#6117,.T.);
#6115 = VERTEX_POINT('',#6116);
#6116 = CARTESIAN_POINT('',(169.401506,-108.170139,1.585));
#6117 = LINE('',#6118,#6119);
#6118 = CARTESIAN_POINT('',(169.401506,-107.908031,1.585));
#6119 = VECTOR('',#6120,1.);
#6120 = DIRECTION('',(0.,-1.,0.));
#6121 = ORIENTED_EDGE('',*,*,#6122,.T.);
#6122 = EDGE_CURVE('',#6115,#6123,#6125,.T.);
#6123 = VERTEX_POINT('',#6124);
#6124 = CARTESIAN_POINT('',(169.553786,-108.322419,1.585));
#6125 = CIRCLE('',#6126,0.215067651711);
#6126 = AXIS2_PLACEMENT_3D('',#6127,#6128,#6129);
#6127 = CARTESIAN_POINT('',(169.6092885,-108.1146365,1.585));
#6128 = DIRECTION('',(0.,0.,1.));
#6129 = DIRECTION('',(-0.966126232127,-0.258069958724,0.));
#6130 = ORIENTED_EDGE('',*,*,#6131,.T.);
#6131 = EDGE_CURVE('',#6123,#6132,#6134,.T.);
#6132 = VERTEX_POINT('',#6133);
#6133 = CARTESIAN_POINT('',(169.720655,-108.322419,1.585));
#6134 = LINE('',#6135,#6136);
#6135 = CARTESIAN_POINT('',(169.553786,-108.322419,1.585));
#6136 = VECTOR('',#6137,1.);
#6137 = DIRECTION('',(1.,0.,0.));
#6138 = ORIENTED_EDGE('',*,*,#6139,.T.);
#6139 = EDGE_CURVE('',#6132,#6140,#6142,.T.);
#6140 = VERTEX_POINT('',#6141);
#6141 = CARTESIAN_POINT('',(169.777696,-108.293898,1.585));
#6142 = LINE('',#6143,#6144);
#6143 = CARTESIAN_POINT('',(169.720655,-108.322419,1.585));
#6144 = VECTOR('',#6145,1.);
#6145 = DIRECTION('',(0.894424054904,0.447219867637,0.));
#6146 = ORIENTED_EDGE('',*,*,#6147,.T.);
#6147 = EDGE_CURVE('',#6140,#6088,#6148,.T.);
#6148 = LINE('',#6149,#6150);
#6149 = CARTESIAN_POINT('',(169.777696,-108.293898,1.585));
#6150 = VECTOR('',#6151,1.);
#6151 = DIRECTION('',(0.,1.,0.));
#6152 = PLANE('',#6153);
#6153 = AXIS2_PLACEMENT_3D('',#6154,#6155,#6156);
#6154 = CARTESIAN_POINT('',(0.,0.,1.585));
#6155 = DIRECTION('',(0.,0.,1.));
#6156 = DIRECTION('',(1.,0.,-0.));
#6157 = SHELL_BASED_SURFACE_MODEL('',(#6158));
#6158 = OPEN_SHELL('',(#6159));
#6159 = ADVANCED_FACE('',(#6160,#6372),#6447,.T.);
#6160 = FACE_BOUND('',#6161,.F.);
#6161 = EDGE_LOOP('',(#6162,#6173,#6181,#6189,#6197,#6205,#6213,#6221,
    #6229,#6238,#6246,#6254,#6262,#6270,#6278,#6286,#6294,#6302,#6310,
    #6318,#6326,#6334,#6342,#6350,#6358,#6366));
#6162 = ORIENTED_EDGE('',*,*,#6163,.T.);
#6163 = EDGE_CURVE('',#6164,#6166,#6168,.T.);
#6164 = VERTEX_POINT('',#6165);
#6165 = CARTESIAN_POINT('',(170.326248,-107.798092,1.585));
#6166 = VERTEX_POINT('',#6167);
#6167 = CARTESIAN_POINT('',(170.281526,-107.70865,1.585));
#6168 = CIRCLE('',#6169,4.999982162111E-02);
#6169 = AXIS2_PLACEMENT_3D('',#6170,#6171,#6172);
#6170 = CARTESIAN_POINT('',(170.30388666148,-107.7533711692,1.585));
#6171 = DIRECTION('',(0.,0.,-1.));
#6172 = DIRECTION('',(0.447228365916,-0.89441980564,0.));
#6173 = ORIENTED_EDGE('',*,*,#6174,.T.);
#6174 = EDGE_CURVE('',#6166,#6175,#6177,.T.);
#6175 = VERTEX_POINT('',#6176);
#6176 = CARTESIAN_POINT('',(170.387852,-107.657994,1.585));
#6177 = LINE('',#6178,#6179);
#6178 = CARTESIAN_POINT('',(170.281526,-107.70865,1.585));
#6179 = VECTOR('',#6180,1.);
#6180 = DIRECTION('',(0.902779519658,0.430103637378,0.));
#6181 = ORIENTED_EDGE('',*,*,#6182,.T.);
#6182 = EDGE_CURVE('',#6175,#6183,#6185,.T.);
#6183 = VERTEX_POINT('',#6184);
#6184 = CARTESIAN_POINT('',(170.592057,-107.65624,1.585));
#6185 = LINE('',#6186,#6187);
#6186 = CARTESIAN_POINT('',(170.387852,-107.657994,1.585));
#6187 = VECTOR('',#6188,1.);
#6188 = DIRECTION('',(0.999963113079,8.589090866264E-03,0.));
#6189 = ORIENTED_EDGE('',*,*,#6190,.T.);
#6190 = EDGE_CURVE('',#6183,#6191,#6193,.T.);
#6191 = VERTEX_POINT('',#6192);
#6192 = CARTESIAN_POINT('',(170.611962,-107.661031,1.585));
#6193 = LINE('',#6194,#6195);
#6194 = CARTESIAN_POINT('',(170.592057,-107.65624,1.585));
#6195 = VECTOR('',#6196,1.);
#6196 = DIRECTION('',(0.972234133225,-0.234010235231,0.));
#6197 = ORIENTED_EDGE('',*,*,#6198,.T.);
#6198 = EDGE_CURVE('',#6191,#6199,#6201,.T.);
#6199 = VERTEX_POINT('',#6200);
#6200 = CARTESIAN_POINT('',(170.71979,-107.718421,1.585));
#6201 = LINE('',#6202,#6203);
#6202 = CARTESIAN_POINT('',(170.611962,-107.661031,1.585));
#6203 = VECTOR('',#6204,1.);
#6204 = DIRECTION('',(0.882754645264,-0.469834264678,0.));
#6205 = ORIENTED_EDGE('',*,*,#6206,.T.);
#6206 = EDGE_CURVE('',#6199,#6207,#6209,.T.);
#6207 = VERTEX_POINT('',#6208);
#6208 = CARTESIAN_POINT('',(170.778652,-107.829475,1.585));
#6209 = LINE('',#6210,#6211);
#6210 = CARTESIAN_POINT('',(170.71979,-107.718421,1.585));
#6211 = VECTOR('',#6212,1.);
#6212 = DIRECTION('',(0.468314631286,-0.88356177267,0.));
#6213 = ORIENTED_EDGE('',*,*,#6214,.T.);
#6214 = EDGE_CURVE('',#6207,#6215,#6217,.T.);
#6215 = VERTEX_POINT('',#6216);
#6216 = CARTESIAN_POINT('',(170.782458,-107.848609,1.585));
#6217 = LINE('',#6218,#6219);
#6218 = CARTESIAN_POINT('',(170.778652,-107.829475,1.585));
#6219 = VECTOR('',#6220,1.);
#6220 = DIRECTION('',(0.195090852695,-0.980785174845,0.));
#6221 = ORIENTED_EDGE('',*,*,#6222,.T.);
#6222 = EDGE_CURVE('',#6215,#6223,#6225,.T.);
#6223 = VERTEX_POINT('',#6224);
#6224 = CARTESIAN_POINT('',(170.782458,-108.372419,1.585));
#6225 = LINE('',#6226,#6227);
#6226 = CARTESIAN_POINT('',(170.782458,-107.848609,1.585));
#6227 = VECTOR('',#6228,1.);
#6228 = DIRECTION('',(0.,-1.,0.));
#6229 = ORIENTED_EDGE('',*,*,#6230,.T.);
#6230 = EDGE_CURVE('',#6223,#6231,#6233,.T.);
#6231 = VERTEX_POINT('',#6232);
#6232 = CARTESIAN_POINT('',(170.713324,-108.418613,1.585));
#6233 = CIRCLE('',#6234,5.000005199705E-02);
#6234 = AXIS2_PLACEMENT_3D('',#6235,#6236,#6237);
#6235 = CARTESIAN_POINT('',(170.732457948,-108.3724188744,1.585));
#6236 = DIRECTION('',(0.,0.,-1.));
#6237 = DIRECTION('',(0.999999999997,-2.510606638502E-06,0.));
#6238 = ORIENTED_EDGE('',*,*,#6239,.T.);
#6239 = EDGE_CURVE('',#6231,#6240,#6242,.T.);
#6240 = VERTEX_POINT('',#6241);
#6241 = CARTESIAN_POINT('',(170.694427,-108.399716,1.585));
#6242 = LINE('',#6243,#6244);
#6243 = CARTESIAN_POINT('',(170.713324,-108.418613,1.585));
#6244 = VECTOR('',#6245,1.);
#6245 = DIRECTION('',(-0.707106781187,0.707106781186,0.));
#6246 = ORIENTED_EDGE('',*,*,#6247,.T.);
#6247 = EDGE_CURVE('',#6240,#6248,#6250,.T.);
#6248 = VERTEX_POINT('',#6249);
#6249 = CARTESIAN_POINT('',(170.640765,-108.422293,1.585));
#6250 = LINE('',#6251,#6252);
#6251 = CARTESIAN_POINT('',(170.694427,-108.399716,1.585));
#6252 = VECTOR('',#6253,1.);
#6253 = DIRECTION('',(-0.921743008071,-0.387801272655,0.));
#6254 = ORIENTED_EDGE('',*,*,#6255,.T.);
#6255 = EDGE_CURVE('',#6248,#6256,#6258,.T.);
#6256 = VERTEX_POINT('',#6257);
#6257 = CARTESIAN_POINT('',(170.387852,-108.420176,1.585));
#6258 = LINE('',#6259,#6260);
#6259 = CARTESIAN_POINT('',(170.640765,-108.422293,1.585));
#6260 = VECTOR('',#6261,1.);
#6261 = DIRECTION('',(-0.999964969479,8.370174093013E-03,0.));
#6262 = ORIENTED_EDGE('',*,*,#6263,.T.);
#6263 = EDGE_CURVE('',#6256,#6264,#6266,.T.);
#6264 = VERTEX_POINT('',#6265);
#6265 = CARTESIAN_POINT('',(170.271127,-108.362572,1.585));
#6266 = LINE('',#6267,#6268);
#6267 = CARTESIAN_POINT('',(170.387852,-108.420176,1.585));
#6268 = VECTOR('',#6269,1.);
#6269 = DIRECTION('',(-0.896745928688,0.44254574835,0.));
#6270 = ORIENTED_EDGE('',*,*,#6271,.T.);
#6271 = EDGE_CURVE('',#6264,#6272,#6274,.T.);
#6272 = VERTEX_POINT('',#6273);
#6273 = CARTESIAN_POINT('',(170.259165,-108.34716,1.585));
#6274 = LINE('',#6275,#6276);
#6275 = CARTESIAN_POINT('',(170.271127,-108.362572,1.585));
#6276 = VECTOR('',#6277,1.);
#6277 = DIRECTION('',(-0.613138319012,0.789975570356,0.));
#6278 = ORIENTED_EDGE('',*,*,#6279,.T.);
#6279 = EDGE_CURVE('',#6272,#6280,#6282,.T.);
#6280 = VERTEX_POINT('',#6281);
#6281 = CARTESIAN_POINT('',(170.208509,-108.240829,1.585));
#6282 = LINE('',#6283,#6284);
#6283 = CARTESIAN_POINT('',(170.259165,-108.34716,1.585));
#6284 = VECTOR('',#6285,1.);
#6285 = DIRECTION('',(-0.430087153769,0.90278737262,0.));
#6286 = ORIENTED_EDGE('',*,*,#6287,.T.);
#6287 = EDGE_CURVE('',#6280,#6288,#6290,.T.);
#6288 = VERTEX_POINT('',#6289);
#6289 = CARTESIAN_POINT('',(170.20851,-108.12305,1.585));
#6290 = LINE('',#6291,#6292);
#6291 = CARTESIAN_POINT('',(170.208509,-108.240829,1.585));
#6292 = VECTOR('',#6293,1.);
#6293 = DIRECTION('',(8.49047790726E-06,0.999999999964,0.));
#6294 = ORIENTED_EDGE('',*,*,#6295,.T.);
#6295 = EDGE_CURVE('',#6288,#6296,#6298,.T.);
#6296 = VERTEX_POINT('',#6297);
#6297 = CARTESIAN_POINT('',(170.266114,-108.006325,1.585));
#6298 = LINE('',#6299,#6300);
#6299 = CARTESIAN_POINT('',(170.20851,-108.12305,1.585));
#6300 = VECTOR('',#6301,1.);
#6301 = DIRECTION('',(0.44254574835,0.896745928688,0.));
#6302 = ORIENTED_EDGE('',*,*,#6303,.T.);
#6303 = EDGE_CURVE('',#6296,#6304,#6306,.T.);
#6304 = VERTEX_POINT('',#6305);
#6305 = CARTESIAN_POINT('',(170.281526,-107.994364,1.585));
#6306 = LINE('',#6307,#6308);
#6307 = CARTESIAN_POINT('',(170.266114,-108.006325,1.585));
#6308 = VECTOR('',#6309,1.);
#6309 = DIRECTION('',(0.790000397635,0.613106329879,0.));
#6310 = ORIENTED_EDGE('',*,*,#6311,.T.);
#6311 = EDGE_CURVE('',#6304,#6312,#6314,.T.);
#6312 = VERTEX_POINT('',#6313);
#6313 = CARTESIAN_POINT('',(170.387852,-107.943708,1.585));
#6314 = LINE('',#6315,#6316);
#6315 = CARTESIAN_POINT('',(170.281526,-107.994364,1.585));
#6316 = VECTOR('',#6317,1.);
#6317 = DIRECTION('',(0.902779519658,0.430103637378,0.));
#6318 = ORIENTED_EDGE('',*,*,#6319,.T.);
#6319 = EDGE_CURVE('',#6312,#6320,#6322,.T.);
#6320 = VERTEX_POINT('',#6321);
#6321 = CARTESIAN_POINT('',(170.625417,-107.941466,1.585));
#6322 = LINE('',#6323,#6324);
#6323 = CARTESIAN_POINT('',(170.387852,-107.943708,1.585));
#6324 = VECTOR('',#6325,1.);
#6325 = DIRECTION('',(0.999955470553,9.436996884964E-03,0.));
#6326 = ORIENTED_EDGE('',*,*,#6327,.T.);
#6327 = EDGE_CURVE('',#6320,#6328,#6330,.T.);
#6328 = VERTEX_POINT('',#6329);
#6329 = CARTESIAN_POINT('',(170.682458,-107.912945,1.585));
#6330 = LINE('',#6331,#6332);
#6331 = CARTESIAN_POINT('',(170.625417,-107.941466,1.585));
#6332 = VECTOR('',#6333,1.);
#6333 = DIRECTION('',(0.894424054904,0.447219867638,0.));
#6334 = ORIENTED_EDGE('',*,*,#6335,.T.);
#6335 = EDGE_CURVE('',#6328,#6336,#6338,.T.);
#6336 = VERTEX_POINT('',#6337);
#6337 = CARTESIAN_POINT('',(170.682458,-107.860412,1.585));
#6338 = LINE('',#6339,#6340);
#6339 = CARTESIAN_POINT('',(170.682458,-107.912945,1.585));
#6340 = VECTOR('',#6341,1.);
#6341 = DIRECTION('',(0.,1.,0.));
#6342 = ORIENTED_EDGE('',*,*,#6343,.T.);
#6343 = EDGE_CURVE('',#6336,#6344,#6346,.T.);
#6344 = VERTEX_POINT('',#6345);
#6345 = CARTESIAN_POINT('',(170.647571,-107.790638,1.585));
#6346 = LINE('',#6347,#6348);
#6347 = CARTESIAN_POINT('',(170.682458,-107.860412,1.585));
#6348 = VECTOR('',#6349,1.);
#6349 = DIRECTION('',(-0.4472135955,0.894427191,0.));
#6350 = ORIENTED_EDGE('',*,*,#6351,.T.);
#6351 = EDGE_CURVE('',#6344,#6352,#6354,.T.);
#6352 = VERTEX_POINT('',#6353);
#6353 = CARTESIAN_POINT('',(170.577798,-107.755752,1.585));
#6354 = LINE('',#6355,#6356);
#6355 = CARTESIAN_POINT('',(170.647571,-107.790638,1.585));
#6356 = VECTOR('',#6357,1.);
#6357 = DIRECTION('',(-0.894429754813,0.447208467837,0.));
#6358 = ORIENTED_EDGE('',*,*,#6359,.T.);
#6359 = EDGE_CURVE('',#6352,#6360,#6362,.T.);
#6360 = VERTEX_POINT('',#6361);
#6361 = CARTESIAN_POINT('',(170.410929,-107.755752,1.585));
#6362 = LINE('',#6363,#6364);
#6363 = CARTESIAN_POINT('',(170.577798,-107.755752,1.585));
#6364 = VECTOR('',#6365,1.);
#6365 = DIRECTION('',(-1.,0.,0.));
#6366 = ORIENTED_EDGE('',*,*,#6367,.T.);
#6367 = EDGE_CURVE('',#6360,#6164,#6368,.T.);
#6368 = LINE('',#6369,#6370);
#6369 = CARTESIAN_POINT('',(170.410929,-107.755752,1.585));
#6370 = VECTOR('',#6371,1.);
#6371 = DIRECTION('',(-0.894429303457,-0.44720937056,0.));
#6372 = FACE_BOUND('',#6373,.F.);
#6373 = EDGE_LOOP('',(#6374,#6384,#6392,#6400,#6408,#6416,#6424,#6433,
    #6441));
#6374 = ORIENTED_EDGE('',*,*,#6375,.T.);
#6375 = EDGE_CURVE('',#6376,#6378,#6380,.T.);
#6376 = VERTEX_POINT('',#6377);
#6377 = CARTESIAN_POINT('',(170.625417,-108.322419,1.585));
#6378 = VERTEX_POINT('',#6379);
#6379 = CARTESIAN_POINT('',(170.682458,-108.293898,1.585));
#6380 = LINE('',#6381,#6382);
#6381 = CARTESIAN_POINT('',(170.625417,-108.322419,1.585));
#6382 = VECTOR('',#6383,1.);
#6383 = DIRECTION('',(0.894424054904,0.447219867637,0.));
#6384 = ORIENTED_EDGE('',*,*,#6385,.T.);
#6385 = EDGE_CURVE('',#6378,#6386,#6388,.T.);
#6386 = VERTEX_POINT('',#6387);
#6387 = CARTESIAN_POINT('',(170.682458,-108.024748,1.585));
#6388 = LINE('',#6389,#6390);
#6389 = CARTESIAN_POINT('',(170.682458,-108.293898,1.585));
#6390 = VECTOR('',#6391,1.);
#6391 = DIRECTION('',(0.,1.,0.));
#6392 = ORIENTED_EDGE('',*,*,#6393,.T.);
#6393 = EDGE_CURVE('',#6386,#6394,#6396,.T.);
#6394 = VERTEX_POINT('',#6395);
#6395 = CARTESIAN_POINT('',(170.659581,-108.036187,1.585));
#6396 = LINE('',#6397,#6398);
#6397 = CARTESIAN_POINT('',(170.682458,-108.024748,1.585));
#6398 = VECTOR('',#6399,1.);
#6399 = DIRECTION('',(-0.894419371487,-0.447229234184,0.));
#6400 = ORIENTED_EDGE('',*,*,#6401,.T.);
#6401 = EDGE_CURVE('',#6394,#6402,#6404,.T.);
#6402 = VERTEX_POINT('',#6403);
#6403 = CARTESIAN_POINT('',(170.63722,-108.041466,1.585));
#6404 = LINE('',#6405,#6406);
#6405 = CARTESIAN_POINT('',(170.659581,-108.036187,1.585));
#6406 = VECTOR('',#6407,1.);
#6407 = DIRECTION('',(-0.973246225854,-0.229764627087,0.));
#6408 = ORIENTED_EDGE('',*,*,#6409,.T.);
#6409 = EDGE_CURVE('',#6402,#6410,#6412,.T.);
#6410 = VERTEX_POINT('',#6411);
#6411 = CARTESIAN_POINT('',(170.410929,-108.041466,1.585));
#6412 = LINE('',#6413,#6414);
#6413 = CARTESIAN_POINT('',(170.63722,-108.041466,1.585));
#6414 = VECTOR('',#6415,1.);
#6415 = DIRECTION('',(-1.,0.,0.));
#6416 = ORIENTED_EDGE('',*,*,#6417,.T.);
#6417 = EDGE_CURVE('',#6410,#6418,#6420,.T.);
#6418 = VERTEX_POINT('',#6419);
#6419 = CARTESIAN_POINT('',(170.341154,-108.076352,1.585));
#6420 = LINE('',#6421,#6422);
#6421 = CARTESIAN_POINT('',(170.410929,-108.041466,1.585));
#6422 = VECTOR('',#6423,1.);
#6423 = DIRECTION('',(-0.894434882174,-0.44719821282,0.));
#6424 = ORIENTED_EDGE('',*,*,#6425,.T.);
#6425 = EDGE_CURVE('',#6418,#6426,#6428,.T.);
#6426 = VERTEX_POINT('',#6427);
#6427 = CARTESIAN_POINT('',(170.341154,-108.287532,1.585));
#6428 = CIRCLE('',#6429,0.162840653469);
#6429 = AXIS2_PLACEMENT_3D('',#6430,#6431,#6432);
#6430 = CARTESIAN_POINT('',(170.46512105337,-108.181942,1.585));
#6431 = DIRECTION('',(0.,0.,1.));
#6432 = DIRECTION('',(-0.761278284832,0.648425302593,0.));
#6433 = ORIENTED_EDGE('',*,*,#6434,.T.);
#6434 = EDGE_CURVE('',#6426,#6435,#6437,.T.);
#6435 = VERTEX_POINT('',#6436);
#6436 = CARTESIAN_POINT('',(170.410929,-108.322419,1.585));
#6437 = LINE('',#6438,#6439);
#6438 = CARTESIAN_POINT('',(170.341154,-108.287532,1.585));
#6439 = VECTOR('',#6440,1.);
#6440 = DIRECTION('',(0.89442975474,-0.447208467984,0.));
#6441 = ORIENTED_EDGE('',*,*,#6442,.T.);
#6442 = EDGE_CURVE('',#6435,#6376,#6443,.T.);
#6443 = LINE('',#6444,#6445);
#6444 = CARTESIAN_POINT('',(170.410929,-108.322419,1.585));
#6445 = VECTOR('',#6446,1.);
#6446 = DIRECTION('',(1.,0.,0.));
#6447 = PLANE('',#6448);
#6448 = AXIS2_PLACEMENT_3D('',#6449,#6450,#6451);
#6449 = CARTESIAN_POINT('',(0.,0.,1.585));
#6450 = DIRECTION('',(0.,0.,1.));
#6451 = DIRECTION('',(1.,0.,-0.));
#6452 = SHELL_BASED_SURFACE_MODEL('',(#6453));
#6453 = OPEN_SHELL('',(#6454));
#6454 = ADVANCED_FACE('',(#6455),#6565,.T.);
#6455 = FACE_BOUND('',#6456,.F.);
#6456 = EDGE_LOOP('',(#6457,#6468,#6476,#6484,#6492,#6500,#6508,#6517,
    #6525,#6534,#6542,#6550,#6559));
#6457 = ORIENTED_EDGE('',*,*,#6458,.T.);
#6458 = EDGE_CURVE('',#6459,#6461,#6463,.T.);
#6459 = VERTEX_POINT('',#6460);
#6460 = CARTESIAN_POINT('',(166.682458,-107.372419,1.585));
#6461 = VERTEX_POINT('',#6462);
#6462 = CARTESIAN_POINT('',(166.726152,-107.322818,1.585));
#6463 = CIRCLE('',#6464,4.999872982767E-02);
#6464 = AXIS2_PLACEMENT_3D('',#6465,#6466,#6467);
#6465 = CARTESIAN_POINT('',(166.7324567298,-107.3724176307,1.585));
#6466 = DIRECTION('',(0.,0.,-1.));
#6467 = DIRECTION('',(-0.999999999625,-2.738652620438E-05,-0.));
#6468 = ORIENTED_EDGE('',*,*,#6469,.T.);
#6469 = EDGE_CURVE('',#6461,#6470,#6472,.T.);
#6470 = VERTEX_POINT('',#6471);
#6471 = CARTESIAN_POINT('',(166.738645,-107.326225,1.585));
#6472 = LINE('',#6473,#6474);
#6473 = CARTESIAN_POINT('',(166.726152,-107.322818,1.585));
#6474 = VECTOR('',#6475,1.);
#6475 = DIRECTION('',(0.964767385363,-0.263104336983,0.));
#6476 = ORIENTED_EDGE('',*,*,#6477,.T.);
#6477 = EDGE_CURVE('',#6470,#6478,#6480,.T.);
#6478 = VERTEX_POINT('',#6479);
#6479 = CARTESIAN_POINT('',(166.751592,-107.326225,1.585));
#6480 = LINE('',#6481,#6482);
#6481 = CARTESIAN_POINT('',(166.738645,-107.326225,1.585));
#6482 = VECTOR('',#6483,1.);
#6483 = DIRECTION('',(1.,0.,0.));
#6484 = ORIENTED_EDGE('',*,*,#6485,.T.);
#6485 = EDGE_CURVE('',#6478,#6486,#6488,.T.);
#6486 = VERTEX_POINT('',#6487);
#6487 = CARTESIAN_POINT('',(166.77587,-107.347612,1.585));
#6488 = LINE('',#6489,#6490);
#6489 = CARTESIAN_POINT('',(166.751592,-107.326225,1.585));
#6490 = VECTOR('',#6491,1.);
#6491 = DIRECTION('',(0.750370675025,-0.661017284239,0.));
#6492 = ORIENTED_EDGE('',*,*,#6493,.T.);
#6493 = EDGE_CURVE('',#6486,#6494,#6496,.T.);
#6494 = VERTEX_POINT('',#6495);
#6495 = CARTESIAN_POINT('',(167.253886,-108.18414,1.585));
#6496 = LINE('',#6497,#6498);
#6497 = CARTESIAN_POINT('',(166.77587,-107.347612,1.585));
#6498 = VECTOR('',#6499,1.);
#6499 = DIRECTION('',(0.496138938357,-0.868243142124,0.));
#6500 = ORIENTED_EDGE('',*,*,#6501,.T.);
#6501 = EDGE_CURVE('',#6494,#6502,#6504,.T.);
#6502 = VERTEX_POINT('',#6503);
#6503 = CARTESIAN_POINT('',(167.253886,-107.372419,1.585));
#6504 = LINE('',#6505,#6506);
#6505 = CARTESIAN_POINT('',(167.253886,-108.18414,1.585));
#6506 = VECTOR('',#6507,1.);
#6507 = DIRECTION('',(0.,1.,0.));
#6508 = ORIENTED_EDGE('',*,*,#6509,.T.);
#6509 = EDGE_CURVE('',#6502,#6510,#6512,.T.);
#6510 = VERTEX_POINT('',#6511);
#6511 = CARTESIAN_POINT('',(167.353886,-107.372419,1.585));
#6512 = CIRCLE('',#6513,5.000000000003E-02);
#6513 = AXIS2_PLACEMENT_3D('',#6514,#6515,#6516);
#6514 = CARTESIAN_POINT('',(167.303886,-107.3724190477,1.585));
#6515 = DIRECTION('',(0.,0.,-1.));
#6516 = DIRECTION('',(-1.,9.542367251918E-07,0.));
#6517 = ORIENTED_EDGE('',*,*,#6518,.T.);
#6518 = EDGE_CURVE('',#6510,#6519,#6521,.T.);
#6519 = VERTEX_POINT('',#6520);
#6520 = CARTESIAN_POINT('',(167.353886,-108.372419,1.585));
#6521 = LINE('',#6522,#6523);
#6522 = CARTESIAN_POINT('',(167.353886,-107.372419,1.585));
#6523 = VECTOR('',#6524,1.);
#6524 = DIRECTION('',(0.,-1.,0.));
#6525 = ORIENTED_EDGE('',*,*,#6526,.T.);
#6526 = EDGE_CURVE('',#6519,#6527,#6529,.T.);
#6527 = VERTEX_POINT('',#6528);
#6528 = CARTESIAN_POINT('',(167.260474,-108.397226,1.585));
#6529 = CIRCLE('',#6530,4.999994377781E-02);
#6530 = AXIS2_PLACEMENT_3D('',#6531,#6532,#6533);
#6531 = CARTESIAN_POINT('',(167.30388605622,-108.3724189898,1.585));
#6532 = DIRECTION('',(-0.,0.,-1.));
#6533 = DIRECTION('',(1.,-2.029036644287E-07,-0.));
#6534 = ORIENTED_EDGE('',*,*,#6535,.T.);
#6535 = EDGE_CURVE('',#6527,#6536,#6538,.T.);
#6536 = VERTEX_POINT('',#6537);
#6537 = CARTESIAN_POINT('',(166.782458,-107.560697,1.585));
#6538 = LINE('',#6539,#6540);
#6539 = CARTESIAN_POINT('',(167.260474,-108.397226,1.585));
#6540 = VECTOR('',#6541,1.);
#6541 = DIRECTION('',(-0.496138491256,0.86824339761,0.));
#6542 = ORIENTED_EDGE('',*,*,#6543,.T.);
#6543 = EDGE_CURVE('',#6536,#6544,#6546,.T.);
#6544 = VERTEX_POINT('',#6545);
#6545 = CARTESIAN_POINT('',(166.782458,-108.372419,1.585));
#6546 = LINE('',#6547,#6548);
#6547 = CARTESIAN_POINT('',(166.782458,-107.560697,1.585));
#6548 = VECTOR('',#6549,1.);
#6549 = DIRECTION('',(0.,-1.,0.));
#6550 = ORIENTED_EDGE('',*,*,#6551,.T.);
#6551 = EDGE_CURVE('',#6544,#6552,#6554,.T.);
#6552 = VERTEX_POINT('',#6553);
#6553 = CARTESIAN_POINT('',(166.682458,-108.372419,1.585));
#6554 = CIRCLE('',#6555,5.000000000003E-02);
#6555 = AXIS2_PLACEMENT_3D('',#6556,#6557,#6558);
#6556 = CARTESIAN_POINT('',(166.732458,-108.3724189522,1.585));
#6557 = DIRECTION('',(-0.,0.,-1.));
#6558 = DIRECTION('',(1.,-9.542367251918E-07,-0.));
#6559 = ORIENTED_EDGE('',*,*,#6560,.T.);
#6560 = EDGE_CURVE('',#6552,#6459,#6561,.T.);
#6561 = LINE('',#6562,#6563);
#6562 = CARTESIAN_POINT('',(166.682458,-108.372419,1.585));
#6563 = VECTOR('',#6564,1.);
#6564 = DIRECTION('',(0.,1.,0.));
#6565 = PLANE('',#6566);
#6566 = AXIS2_PLACEMENT_3D('',#6567,#6568,#6569);
#6567 = CARTESIAN_POINT('',(0.,0.,1.585));
#6568 = DIRECTION('',(0.,0.,1.));
#6569 = DIRECTION('',(1.,0.,-0.));
#6570 = SHELL_BASED_SURFACE_MODEL('',(#6571));
#6571 = OPEN_SHELL('',(#6572));
#6572 = ADVANCED_FACE('',(#6573,#6778,#6848),#6918,.T.);
#6573 = FACE_BOUND('',#6574,.F.);
#6574 = EDGE_LOOP('',(#6575,#6585,#6593,#6601,#6609,#6617,#6625,#6633,
    #6641,#6649,#6657,#6665,#6673,#6682,#6690,#6699,#6707,#6716,#6724,
    #6732,#6740,#6748,#6756,#6764,#6772));
#6575 = ORIENTED_EDGE('',*,*,#6576,.T.);
#6576 = EDGE_CURVE('',#6577,#6579,#6581,.T.);
#6577 = VERTEX_POINT('',#6578);
#6578 = CARTESIAN_POINT('',(151.329142,-107.375317,1.585));
#6579 = VERTEX_POINT('',#6580);
#6580 = CARTESIAN_POINT('',(151.435468,-107.324661,1.585));
#6581 = LINE('',#6582,#6583);
#6582 = CARTESIAN_POINT('',(151.329142,-107.375317,1.585));
#6583 = VECTOR('',#6584,1.);
#6584 = DIRECTION('',(0.902779519658,0.430103637378,0.));
#6585 = ORIENTED_EDGE('',*,*,#6586,.T.);
#6586 = EDGE_CURVE('',#6579,#6587,#6589,.T.);
#6587 = VERTEX_POINT('',#6588);
#6588 = CARTESIAN_POINT('',(151.639673,-107.322907,1.585));
#6589 = LINE('',#6590,#6591);
#6590 = CARTESIAN_POINT('',(151.435468,-107.324661,1.585));
#6591 = VECTOR('',#6592,1.);
#6592 = DIRECTION('',(0.999963113079,8.589090866264E-03,0.));
#6593 = ORIENTED_EDGE('',*,*,#6594,.T.);
#6594 = EDGE_CURVE('',#6587,#6595,#6597,.T.);
#6595 = VERTEX_POINT('',#6596);
#6596 = CARTESIAN_POINT('',(151.659578,-107.327698,1.585));
#6597 = LINE('',#6598,#6599);
#6598 = CARTESIAN_POINT('',(151.639673,-107.322907,1.585));
#6599 = VECTOR('',#6600,1.);
#6600 = DIRECTION('',(0.972234133225,-0.234010235231,0.));
#6601 = ORIENTED_EDGE('',*,*,#6602,.T.);
#6602 = EDGE_CURVE('',#6595,#6603,#6605,.T.);
#6603 = VERTEX_POINT('',#6604);
#6604 = CARTESIAN_POINT('',(151.76781,-107.384683,1.585));
#6605 = LINE('',#6606,#6607);
#6606 = CARTESIAN_POINT('',(151.659578,-107.327698,1.585));
#6607 = VECTOR('',#6608,1.);
#6608 = DIRECTION('',(0.884848162195,-0.465879522902,0.));
#6609 = ORIENTED_EDGE('',*,*,#6610,.T.);
#6610 = EDGE_CURVE('',#6603,#6611,#6613,.T.);
#6611 = VERTEX_POINT('',#6612);
#6612 = CARTESIAN_POINT('',(151.824795,-107.445296,1.585));
#6613 = LINE('',#6614,#6615);
#6614 = CARTESIAN_POINT('',(151.76781,-107.384683,1.585));
#6615 = VECTOR('',#6616,1.);
#6616 = DIRECTION('',(0.68496603593,-0.728574999312,0.));
#6617 = ORIENTED_EDGE('',*,*,#6618,.T.);
#6618 = EDGE_CURVE('',#6611,#6619,#6621,.T.);
#6619 = VERTEX_POINT('',#6620);
#6620 = CARTESIAN_POINT('',(151.87545,-107.551622,1.585));
#6621 = LINE('',#6622,#6623);
#6622 = CARTESIAN_POINT('',(151.824795,-107.445296,1.585));
#6623 = VECTOR('',#6624,1.);
#6624 = DIRECTION('',(0.430096717347,-0.902782816477,0.));
#6625 = ORIENTED_EDGE('',*,*,#6626,.T.);
#6626 = EDGE_CURVE('',#6619,#6627,#6629,.T.);
#6627 = VERTEX_POINT('',#6628);
#6628 = CARTESIAN_POINT('',(151.87545,-107.621786,1.585));
#6629 = LINE('',#6630,#6631);
#6630 = CARTESIAN_POINT('',(151.87545,-107.551622,1.585));
#6631 = VECTOR('',#6632,1.);
#6632 = DIRECTION('',(0.,-1.,0.));
#6633 = ORIENTED_EDGE('',*,*,#6634,.T.);
#6634 = EDGE_CURVE('',#6627,#6635,#6637,.T.);
#6635 = VERTEX_POINT('',#6636);
#6636 = CARTESIAN_POINT('',(151.815429,-107.741108,1.585));
#6637 = LINE('',#6638,#6639);
#6638 = CARTESIAN_POINT('',(151.87545,-107.621786,1.585));
#6639 = VECTOR('',#6640,1.);
#6640 = DIRECTION('',(-0.449368510164,-0.893346484894,0.));
#6641 = ORIENTED_EDGE('',*,*,#6642,.T.);
#6642 = EDGE_CURVE('',#6635,#6643,#6645,.T.);
#6643 = VERTEX_POINT('',#6644);
#6644 = CARTESIAN_POINT('',(151.754815,-107.798093,1.585));
#6645 = LINE('',#6646,#6647);
#6646 = CARTESIAN_POINT('',(151.815429,-107.741108,1.585));
#6647 = VECTOR('',#6648,1.);
#6648 = DIRECTION('',(-0.728580638815,-0.684960037333,0.));
#6649 = ORIENTED_EDGE('',*,*,#6650,.T.);
#6650 = EDGE_CURVE('',#6643,#6651,#6653,.T.);
#6651 = VERTEX_POINT('',#6652);
#6652 = CARTESIAN_POINT('',(151.74902,-107.80099,1.585));
#6653 = LINE('',#6654,#6655);
#6654 = CARTESIAN_POINT('',(151.754815,-107.798093,1.585));
#6655 = VECTOR('',#6656,1.);
#6656 = DIRECTION('',(-0.894458058862,-0.447151854448,0.));
#6657 = ORIENTED_EDGE('',*,*,#6658,.T.);
#6658 = EDGE_CURVE('',#6651,#6659,#6661,.T.);
#6659 = VERTEX_POINT('',#6660);
#6660 = CARTESIAN_POINT('',(151.76781,-107.813254,1.585));
#6661 = LINE('',#6662,#6663);
#6662 = CARTESIAN_POINT('',(151.74902,-107.80099,1.585));
#6663 = VECTOR('',#6664,1.);
#6664 = DIRECTION('',(0.837413714785,-0.546569547532,0.));
#6665 = ORIENTED_EDGE('',*,*,#6666,.T.);
#6666 = EDGE_CURVE('',#6659,#6667,#6669,.T.);
#6667 = VERTEX_POINT('',#6668);
#6668 = CARTESIAN_POINT('',(151.824795,-107.873867,1.585));
#6669 = LINE('',#6670,#6671);
#6670 = CARTESIAN_POINT('',(151.76781,-107.813254,1.585));
#6671 = VECTOR('',#6672,1.);
#6672 = DIRECTION('',(0.68496603593,-0.728574999312,0.));
#6673 = ORIENTED_EDGE('',*,*,#6674,.T.);
#6674 = EDGE_CURVE('',#6667,#6675,#6677,.T.);
#6675 = VERTEX_POINT('',#6676);
#6676 = CARTESIAN_POINT('',(151.81543,-108.312535,1.585));
#6677 = CIRCLE('',#6678,0.375854201211);
#6678 = AXIS2_PLACEMENT_3D('',#6679,#6680,#6681);
#6679 = CARTESIAN_POINT('',(151.51499838745,-108.0866872044,1.585));
#6680 = DIRECTION('',(0.,0.,-1.));
#6681 = DIRECTION('',(0.824246773205,0.566230745245,0.));
#6682 = ORIENTED_EDGE('',*,*,#6683,.T.);
#6683 = EDGE_CURVE('',#6675,#6684,#6686,.T.);
#6684 = VERTEX_POINT('',#6685);
#6685 = CARTESIAN_POINT('',(151.754815,-108.369522,1.585));
#6686 = LINE('',#6687,#6688);
#6687 = CARTESIAN_POINT('',(151.81543,-108.312535,1.585));
#6688 = VECTOR('',#6689,1.);
#6689 = DIRECTION('',(-0.728574281239,-0.684966799719,0.));
#6690 = ORIENTED_EDGE('',*,*,#6691,.T.);
#6691 = EDGE_CURVE('',#6684,#6692,#6694,.T.);
#6692 = VERTEX_POINT('',#6693);
#6693 = CARTESIAN_POINT('',(151.316147,-108.360155,1.585));
#6694 = CIRCLE('',#6695,0.375856722056);
#6695 = AXIS2_PLACEMENT_3D('',#6696,#6697,#6698);
#6696 = CARTESIAN_POINT('',(151.54199625195,-108.0597213286,1.585));
#6697 = DIRECTION('',(-0.,0.,-1.));
#6698 = DIRECTION('',(0.566223072668,-0.824252043963,-0.));
#6699 = ORIENTED_EDGE('',*,*,#6700,.T.);
#6700 = EDGE_CURVE('',#6692,#6701,#6703,.T.);
#6701 = VERTEX_POINT('',#6702);
#6702 = CARTESIAN_POINT('',(151.259162,-108.29954,1.585));
#6703 = LINE('',#6704,#6705);
#6704 = CARTESIAN_POINT('',(151.316147,-108.360155,1.585));
#6705 = VECTOR('',#6706,1.);
#6706 = DIRECTION('',(-0.684954038795,0.728586278171,0.));
#6707 = ORIENTED_EDGE('',*,*,#6708,.T.);
#6708 = EDGE_CURVE('',#6701,#6709,#6711,.T.);
#6709 = VERTEX_POINT('',#6710);
#6710 = CARTESIAN_POINT('',(151.268529,-107.860873,1.585));
#6711 = CIRCLE('',#6712,0.37585005919);
#6712 = AXIS2_PLACEMENT_3D('',#6713,#6714,#6715);
#6713 = CARTESIAN_POINT('',(151.56895482643,-108.0867215992,1.585));
#6714 = DIRECTION('',(0.,0.,-1.));
#6715 = DIRECTION('',(-0.824245783296,-0.566232186227,-0.));
#6716 = ORIENTED_EDGE('',*,*,#6717,.T.);
#6717 = EDGE_CURVE('',#6709,#6718,#6720,.T.);
#6718 = VERTEX_POINT('',#6719);
#6719 = CARTESIAN_POINT('',(151.329142,-107.803888,1.585));
#6720 = LINE('',#6721,#6722);
#6721 = CARTESIAN_POINT('',(151.268529,-107.860873,1.585));
#6722 = VECTOR('',#6723,1.);
#6723 = DIRECTION('',(0.728574999312,0.68496603593,0.));
#6724 = ORIENTED_EDGE('',*,*,#6725,.T.);
#6725 = EDGE_CURVE('',#6718,#6726,#6728,.T.);
#6726 = VERTEX_POINT('',#6727);
#6727 = CARTESIAN_POINT('',(151.334938,-107.80099,1.585));
#6728 = LINE('',#6729,#6730);
#6729 = CARTESIAN_POINT('',(151.329142,-107.803888,1.585));
#6730 = VECTOR('',#6731,1.);
#6731 = DIRECTION('',(0.894427191,0.4472135955,0.));
#6732 = ORIENTED_EDGE('',*,*,#6733,.T.);
#6733 = EDGE_CURVE('',#6726,#6734,#6736,.T.);
#6734 = VERTEX_POINT('',#6735);
#6735 = CARTESIAN_POINT('',(151.316147,-107.788726,1.585));
#6736 = LINE('',#6737,#6738);
#6737 = CARTESIAN_POINT('',(151.334938,-107.80099,1.585));
#6738 = VECTOR('',#6739,1.);
#6739 = DIRECTION('',(-0.837427027905,0.546549149605,0.));
#6740 = ORIENTED_EDGE('',*,*,#6741,.T.);
#6741 = EDGE_CURVE('',#6734,#6742,#6744,.T.);
#6742 = VERTEX_POINT('',#6743);
#6743 = CARTESIAN_POINT('',(151.259162,-107.728112,1.585));
#6744 = LINE('',#6745,#6746);
#6745 = CARTESIAN_POINT('',(151.316147,-107.788726,1.585));
#6746 = VECTOR('',#6747,1.);
#6747 = DIRECTION('',(-0.684960037333,0.728580638816,0.));
#6748 = ORIENTED_EDGE('',*,*,#6749,.T.);
#6749 = EDGE_CURVE('',#6742,#6750,#6752,.T.);
#6750 = VERTEX_POINT('',#6751);
#6751 = CARTESIAN_POINT('',(151.208507,-107.621786,1.585));
#6752 = LINE('',#6753,#6754);
#6753 = CARTESIAN_POINT('',(151.259162,-107.728112,1.585));
#6754 = VECTOR('',#6755,1.);
#6755 = DIRECTION('',(-0.430096717347,0.902782816477,0.));
#6756 = ORIENTED_EDGE('',*,*,#6757,.T.);
#6757 = EDGE_CURVE('',#6750,#6758,#6760,.T.);
#6758 = VERTEX_POINT('',#6759);
#6759 = CARTESIAN_POINT('',(151.208507,-107.551622,1.585));
#6760 = LINE('',#6761,#6762);
#6761 = CARTESIAN_POINT('',(151.208507,-107.621786,1.585));
#6762 = VECTOR('',#6763,1.);
#6763 = DIRECTION('',(0.,1.,0.));
#6764 = ORIENTED_EDGE('',*,*,#6765,.T.);
#6765 = EDGE_CURVE('',#6758,#6766,#6768,.T.);
#6766 = VERTEX_POINT('',#6767);
#6767 = CARTESIAN_POINT('',(151.268529,-107.432302,1.585));
#6768 = LINE('',#6769,#6770);
#6769 = CARTESIAN_POINT('',(151.208507,-107.551622,1.585));
#6770 = VECTOR('',#6771,1.);
#6771 = DIRECTION('',(0.449380496335,0.893340455545,0.));
#6772 = ORIENTED_EDGE('',*,*,#6773,.T.);
#6773 = EDGE_CURVE('',#6766,#6577,#6774,.T.);
#6774 = LINE('',#6775,#6776);
#6775 = CARTESIAN_POINT('',(151.268529,-107.432302,1.585));
#6776 = VECTOR('',#6777,1.);
#6777 = DIRECTION('',(0.728574999312,0.68496603593,0.));
#6778 = FACE_BOUND('',#6779,.F.);
#6779 = EDGE_LOOP('',(#6780,#6791,#6799,#6808,#6816,#6825,#6833,#6842));
#6780 = ORIENTED_EDGE('',*,*,#6781,.T.);
#6781 = EDGE_CURVE('',#6782,#6784,#6786,.T.);
#6782 = VERTEX_POINT('',#6783);
#6783 = CARTESIAN_POINT('',(151.702837,-107.889701,1.585));
#6784 = VERTEX_POINT('',#6785);
#6785 = CARTESIAN_POINT('',(151.381121,-107.889701,1.585));
#6786 = CIRCLE('',#6787,0.276540348289);
#6787 = AXIS2_PLACEMENT_3D('',#6788,#6789,#6790);
#6788 = CARTESIAN_POINT('',(151.541979,-108.1146438106,1.585));
#6789 = DIRECTION('',(0.,0.,1.));
#6790 = DIRECTION('',(0.58168003691,0.813417687699,-0.));
#6791 = ORIENTED_EDGE('',*,*,#6792,.T.);
#6792 = EDGE_CURVE('',#6784,#6793,#6795,.T.);
#6793 = VERTEX_POINT('',#6794);
#6794 = CARTESIAN_POINT('',(151.344976,-107.925845,1.585));
#6795 = LINE('',#6796,#6797);
#6796 = CARTESIAN_POINT('',(151.381121,-107.889701,1.585));
#6797 = VECTOR('',#6798,1.);
#6798 = DIRECTION('',(-0.707116562784,-0.707096999454,0.));
#6799 = ORIENTED_EDGE('',*,*,#6800,.T.);
#6800 = EDGE_CURVE('',#6793,#6801,#6803,.T.);
#6801 = VERTEX_POINT('',#6802);
#6802 = CARTESIAN_POINT('',(151.344976,-108.247561,1.585));
#6803 = CIRCLE('',#6804,0.27654034829);
#6804 = AXIS2_PLACEMENT_3D('',#6805,#6806,#6807);
#6805 = CARTESIAN_POINT('',(151.56991881066,-108.086703,1.585));
#6806 = DIRECTION('',(0.,0.,1.));
#6807 = DIRECTION('',(-0.813417687699,0.581680036909,0.));
#6808 = ORIENTED_EDGE('',*,*,#6809,.T.);
#6809 = EDGE_CURVE('',#6801,#6810,#6812,.T.);
#6810 = VERTEX_POINT('',#6811);
#6811 = CARTESIAN_POINT('',(151.381122,-108.283708,1.585));
#6812 = LINE('',#6813,#6814);
#6813 = CARTESIAN_POINT('',(151.344976,-108.247561,1.585));
#6814 = VECTOR('',#6815,1.);
#6815 = DIRECTION('',(0.707096999995,-0.707116562243,0.));
#6816 = ORIENTED_EDGE('',*,*,#6817,.T.);
#6817 = EDGE_CURVE('',#6810,#6818,#6820,.T.);
#6818 = VERTEX_POINT('',#6819);
#6819 = CARTESIAN_POINT('',(151.702835,-108.283708,1.585));
#6820 = CIRCLE('',#6821,0.276535282317);
#6821 = AXIS2_PLACEMENT_3D('',#6822,#6823,#6824);
#6822 = CARTESIAN_POINT('',(151.5419785,-108.0587703446,1.585));
#6823 = DIRECTION('',(0.,0.,1.));
#6824 = DIRECTION('',(-0.581685268701,-0.813413946387,0.));
#6825 = ORIENTED_EDGE('',*,*,#6826,.T.);
#6826 = EDGE_CURVE('',#6818,#6827,#6829,.T.);
#6827 = VERTEX_POINT('',#6828);
#6828 = CARTESIAN_POINT('',(151.738981,-108.247561,1.585));
#6829 = LINE('',#6830,#6831);
#6830 = CARTESIAN_POINT('',(151.702835,-108.283708,1.585));
#6831 = VECTOR('',#6832,1.);
#6832 = DIRECTION('',(0.707096999995,0.707116562243,0.));
#6833 = ORIENTED_EDGE('',*,*,#6834,.T.);
#6834 = EDGE_CURVE('',#6827,#6835,#6837,.T.);
#6835 = VERTEX_POINT('',#6836);
#6836 = CARTESIAN_POINT('',(151.738981,-107.925846,1.585));
#6837 = CIRCLE('',#6838,0.276531951055);
#6838 = AXIS2_PLACEMENT_3D('',#6839,#6840,#6841);
#6839 = CARTESIAN_POINT('',(151.51404815524,-108.0867035,1.585));
#6840 = DIRECTION('',(0.,-0.,1.));
#6841 = DIRECTION('',(0.813406349224,-0.581695892234,-0.));
#6842 = ORIENTED_EDGE('',*,*,#6843,.T.);
#6843 = EDGE_CURVE('',#6835,#6782,#6844,.T.);
#6844 = LINE('',#6845,#6846);
#6845 = CARTESIAN_POINT('',(151.738981,-107.925846,1.585));
#6846 = VECTOR('',#6847,1.);
#6847 = DIRECTION('',(-0.707096999454,0.707116562784,0.));
#6848 = FACE_BOUND('',#6849,.F.);
#6849 = EDGE_LOOP('',(#6850,#6861,#6869,#6878,#6886,#6895,#6903,#6912));
#6850 = ORIENTED_EDGE('',*,*,#6851,.T.);
#6851 = EDGE_CURVE('',#6852,#6854,#6856,.T.);
#6852 = VERTEX_POINT('',#6853);
#6853 = CARTESIAN_POINT('',(151.702837,-107.46113,1.585));
#6854 = VERTEX_POINT('',#6855);
#6855 = CARTESIAN_POINT('',(151.381121,-107.46113,1.585));
#6856 = CIRCLE('',#6857,0.27654034829);
#6857 = AXIS2_PLACEMENT_3D('',#6858,#6859,#6860);
#6858 = CARTESIAN_POINT('',(151.541979,-107.6860728106,1.585));
#6859 = DIRECTION('',(0.,0.,1.));
#6860 = DIRECTION('',(0.581680036909,0.813417687699,-0.));
#6861 = ORIENTED_EDGE('',*,*,#6862,.T.);
#6862 = EDGE_CURVE('',#6854,#6863,#6865,.T.);
#6863 = VERTEX_POINT('',#6864);
#6864 = CARTESIAN_POINT('',(151.344976,-107.497274,1.585));
#6865 = LINE('',#6866,#6867);
#6866 = CARTESIAN_POINT('',(151.381121,-107.46113,1.585));
#6867 = VECTOR('',#6868,1.);
#6868 = DIRECTION('',(-0.707116562784,-0.707096999454,0.));
#6869 = ORIENTED_EDGE('',*,*,#6870,.T.);
#6870 = EDGE_CURVE('',#6863,#6871,#6873,.T.);
#6871 = VERTEX_POINT('',#6872);
#6872 = CARTESIAN_POINT('',(151.344976,-107.676134,1.585));
#6873 = CIRCLE('',#6874,0.121389305727);
#6874 = AXIS2_PLACEMENT_3D('',#6875,#6876,#6877);
#6875 = CARTESIAN_POINT('',(151.42705912034,-107.586704,1.585));
#6876 = DIRECTION('',(0.,0.,1.));
#6877 = DIRECTION('',(-0.676197296368,0.7367205823,0.));
#6878 = ORIENTED_EDGE('',*,*,#6879,.T.);
#6879 = EDGE_CURVE('',#6871,#6880,#6882,.T.);
#6880 = VERTEX_POINT('',#6881);
#6881 = CARTESIAN_POINT('',(151.381121,-107.712278,1.585));
#6882 = LINE('',#6883,#6884);
#6883 = CARTESIAN_POINT('',(151.344976,-107.676134,1.585));
#6884 = VECTOR('',#6885,1.);
#6885 = DIRECTION('',(0.707116562784,-0.707096999454,0.));
#6886 = ORIENTED_EDGE('',*,*,#6887,.T.);
#6887 = EDGE_CURVE('',#6880,#6888,#6890,.T.);
#6888 = VERTEX_POINT('',#6889);
#6889 = CARTESIAN_POINT('',(151.702837,-107.712278,1.585));
#6890 = CIRCLE('',#6891,0.276534808406);
#6891 = AXIS2_PLACEMENT_3D('',#6892,#6893,#6894);
#6892 = CARTESIAN_POINT('',(151.541979,-107.487342,1.585));
#6893 = DIRECTION('',(0.,0.,1.));
#6894 = DIRECTION('',(-0.581691689836,-0.813409354492,0.));
#6895 = ORIENTED_EDGE('',*,*,#6896,.T.);
#6896 = EDGE_CURVE('',#6888,#6897,#6899,.T.);
#6897 = VERTEX_POINT('',#6898);
#6898 = CARTESIAN_POINT('',(151.738981,-107.676133,1.585));
#6899 = LINE('',#6900,#6901);
#6900 = CARTESIAN_POINT('',(151.702837,-107.712278,1.585));
#6901 = VECTOR('',#6902,1.);
#6902 = DIRECTION('',(0.707096999454,0.707116562784,0.));
#6903 = ORIENTED_EDGE('',*,*,#6904,.T.);
#6904 = EDGE_CURVE('',#6897,#6905,#6907,.T.);
#6905 = VERTEX_POINT('',#6906);
#6906 = CARTESIAN_POINT('',(151.738981,-107.497275,1.585));
#6907 = CIRCLE('',#6908,0.121384896987);
#6908 = AXIS2_PLACEMENT_3D('',#6909,#6910,#6911);
#6909 = CARTESIAN_POINT('',(151.65690331012,-107.586704,1.585));
#6910 = DIRECTION('',(0.,-0.,1.));
#6911 = DIRECTION('',(0.676177118522,-0.736739101981,-0.));
#6912 = ORIENTED_EDGE('',*,*,#6913,.T.);
#6913 = EDGE_CURVE('',#6905,#6852,#6914,.T.);
#6914 = LINE('',#6915,#6916);
#6915 = CARTESIAN_POINT('',(151.738981,-107.497275,1.585));
#6916 = VECTOR('',#6917,1.);
#6917 = DIRECTION('',(-0.707096999454,0.707116562784,0.));
#6918 = PLANE('',#6919);
#6919 = AXIS2_PLACEMENT_3D('',#6920,#6921,#6922);
#6920 = CARTESIAN_POINT('',(0.,0.,1.585));
#6921 = DIRECTION('',(0.,0.,1.));
#6922 = DIRECTION('',(1.,0.,-0.));
#6923 = SHELL_BASED_SURFACE_MODEL('',(#6924));
#6924 = OPEN_SHELL('',(#6925));
#6925 = ADVANCED_FACE('',(#6926,#7018),#7095,.T.);
#6926 = FACE_BOUND('',#6927,.F.);
#6927 = EDGE_LOOP('',(#6928,#6938,#6946,#6954,#6962,#6970,#6979,#6987,
    #6996,#7004,#7012));
#6928 = ORIENTED_EDGE('',*,*,#6929,.T.);
#6929 = EDGE_CURVE('',#6930,#6932,#6934,.T.);
#6930 = VERTEX_POINT('',#6931);
#6931 = CARTESIAN_POINT('',(156.710095,-107.70865,1.585));
#6932 = VERTEX_POINT('',#6933);
#6933 = CARTESIAN_POINT('',(156.816421,-107.657994,1.585));
#6934 = LINE('',#6935,#6936);
#6935 = CARTESIAN_POINT('',(156.710095,-107.70865,1.585));
#6936 = VECTOR('',#6937,1.);
#6937 = DIRECTION('',(0.902779519658,0.430103637378,0.));
#6938 = ORIENTED_EDGE('',*,*,#6939,.T.);
#6939 = EDGE_CURVE('',#6932,#6940,#6942,.T.);
#6940 = VERTEX_POINT('',#6941);
#6941 = CARTESIAN_POINT('',(156.973007,-107.65624,1.585));
#6942 = LINE('',#6943,#6944);
#6943 = CARTESIAN_POINT('',(156.816421,-107.657994,1.585));
#6944 = VECTOR('',#6945,1.);
#6945 = DIRECTION('',(0.999937268965,1.120080958559E-02,0.));
#6946 = ORIENTED_EDGE('',*,*,#6947,.T.);
#6947 = EDGE_CURVE('',#6940,#6948,#6950,.T.);
#6948 = VERTEX_POINT('',#6949);
#6949 = CARTESIAN_POINT('',(156.992912,-107.661031,1.585));
#6950 = LINE('',#6951,#6952);
#6951 = CARTESIAN_POINT('',(156.973007,-107.65624,1.585));
#6952 = VECTOR('',#6953,1.);
#6953 = DIRECTION('',(0.972234133225,-0.234010235231,0.));
#6954 = ORIENTED_EDGE('',*,*,#6955,.T.);
#6955 = EDGE_CURVE('',#6948,#6956,#6958,.T.);
#6956 = VERTEX_POINT('',#6957);
#6957 = CARTESIAN_POINT('',(157.101144,-107.718016,1.585));
#6958 = LINE('',#6959,#6960);
#6959 = CARTESIAN_POINT('',(156.992912,-107.661031,1.585));
#6960 = VECTOR('',#6961,1.);
#6961 = DIRECTION('',(0.884848162195,-0.465879522902,0.));
#6962 = ORIENTED_EDGE('',*,*,#6963,.T.);
#6963 = EDGE_CURVE('',#6956,#6964,#6966,.T.);
#6964 = VERTEX_POINT('',#6965);
#6965 = CARTESIAN_POINT('',(157.158129,-107.778629,1.585));
#6966 = LINE('',#6967,#6968);
#6967 = CARTESIAN_POINT('',(157.101144,-107.718016,1.585));
#6968 = VECTOR('',#6969,1.);
#6969 = DIRECTION('',(0.68496603593,-0.728574999312,0.));
#6970 = ORIENTED_EDGE('',*,*,#6971,.T.);
#6971 = EDGE_CURVE('',#6964,#6972,#6974,.T.);
#6972 = VERTEX_POINT('',#6973);
#6973 = CARTESIAN_POINT('',(157.148764,-108.312535,1.585));
#6974 = CIRCLE('',#6975,0.484197587606);
#6975 = AXIS2_PLACEMENT_3D('',#6976,#6977,#6978);
#6976 = CARTESIAN_POINT('',(156.74957611326,-108.0384978949,1.585));
#6977 = DIRECTION('',(0.,0.,-1.));
#6978 = DIRECTION('',(0.84377307363,0.53670010268,0.));
#6979 = ORIENTED_EDGE('',*,*,#6980,.T.);
#6980 = EDGE_CURVE('',#6972,#6981,#6983,.T.);
#6981 = VERTEX_POINT('',#6982);
#6982 = CARTESIAN_POINT('',(157.088149,-108.369522,1.585));
#6983 = LINE('',#6984,#6985);
#6984 = CARTESIAN_POINT('',(157.148764,-108.312535,1.585));
#6985 = VECTOR('',#6986,1.);
#6986 = DIRECTION('',(-0.728574281239,-0.684966799719,0.));
#6987 = ORIENTED_EDGE('',*,*,#6988,.T.);
#6988 = EDGE_CURVE('',#6981,#6989,#6991,.T.);
#6989 = VERTEX_POINT('',#6990);
#6990 = CARTESIAN_POINT('',(156.58946,-108.193214,1.585));
#6991 = CIRCLE('',#6992,0.32067888618);
#6992 = AXIS2_PLACEMENT_3D('',#6993,#6994,#6995);
#6993 = CARTESIAN_POINT('',(156.89925596858,-108.1103803963,1.585));
#6994 = DIRECTION('',(-0.,0.,-1.));
#6995 = DIRECTION('',(0.589041061177,-0.808103104961,-0.));
#6996 = ORIENTED_EDGE('',*,*,#6997,.T.);
#6997 = EDGE_CURVE('',#6989,#6998,#7000,.T.);
#6998 = VERTEX_POINT('',#6999);
#6999 = CARTESIAN_POINT('',(156.58946,-107.884955,1.585));
#7000 = LINE('',#7001,#7002);
#7001 = CARTESIAN_POINT('',(156.58946,-108.193214,1.585));
#7002 = VECTOR('',#7003,1.);
#7003 = DIRECTION('',(0.,1.,0.));
#7004 = ORIENTED_EDGE('',*,*,#7005,.T.);
#7005 = EDGE_CURVE('',#6998,#7006,#7008,.T.);
#7006 = VERTEX_POINT('',#7007);
#7007 = CARTESIAN_POINT('',(156.649482,-107.765635,1.585));
#7008 = LINE('',#7009,#7010);
#7009 = CARTESIAN_POINT('',(156.58946,-107.884955,1.585));
#7010 = VECTOR('',#7011,1.);
#7011 = DIRECTION('',(0.449380496335,0.893340455545,0.));
#7012 = ORIENTED_EDGE('',*,*,#7013,.T.);
#7013 = EDGE_CURVE('',#7006,#6930,#7014,.T.);
#7014 = LINE('',#7015,#7016);
#7015 = CARTESIAN_POINT('',(156.649482,-107.765635,1.585));
#7016 = VECTOR('',#7017,1.);
#7017 = DIRECTION('',(0.728574999312,0.68496603593,0.));
#7018 = FACE_BOUND('',#7019,.F.);
#7019 = EDGE_LOOP('',(#7020,#7031,#7039,#7047,#7056,#7064,#7073,#7081,
    #7089));
#7020 = ORIENTED_EDGE('',*,*,#7021,.T.);
#7021 = EDGE_CURVE('',#7022,#7024,#7026,.T.);
#7022 = VERTEX_POINT('',#7023);
#7023 = CARTESIAN_POINT('',(157.036171,-107.794463,1.585));
#7024 = VERTEX_POINT('',#7025);
#7025 = CARTESIAN_POINT('',(156.725929,-107.830607,1.585));
#7026 = CIRCLE('',#7027,0.222713504244);
#7027 = AXIS2_PLACEMENT_3D('',#7028,#7029,#7030);
#7028 = CARTESIAN_POINT('',(156.89942440831,-107.9702517215,1.585));
#7029 = DIRECTION('',(0.,0.,1.));
#7030 = DIRECTION('',(0.614002245385,0.789304277616,-0.));
#7031 = ORIENTED_EDGE('',*,*,#7032,.T.);
#7032 = EDGE_CURVE('',#7024,#7033,#7035,.T.);
#7033 = VERTEX_POINT('',#7034);
#7034 = CARTESIAN_POINT('',(156.687218,-107.908031,1.585));
#7035 = LINE('',#7036,#7037);
#7036 = CARTESIAN_POINT('',(156.725929,-107.830607,1.585));
#7037 = VECTOR('',#7038,1.);
#7038 = DIRECTION('',(-0.447204353569,-0.894431811906,0.));
#7039 = ORIENTED_EDGE('',*,*,#7040,.T.);
#7040 = EDGE_CURVE('',#7033,#7041,#7043,.T.);
#7041 = VERTEX_POINT('',#7042);
#7042 = CARTESIAN_POINT('',(156.687218,-108.170139,1.585));
#7043 = LINE('',#7044,#7045);
#7044 = CARTESIAN_POINT('',(156.687218,-107.908031,1.585));
#7045 = VECTOR('',#7046,1.);
#7046 = DIRECTION('',(0.,-1.,0.));
#7047 = ORIENTED_EDGE('',*,*,#7048,.T.);
#7048 = EDGE_CURVE('',#7041,#7049,#7051,.T.);
#7049 = VERTEX_POINT('',#7050);
#7050 = CARTESIAN_POINT('',(156.839498,-108.322419,1.585));
#7051 = CIRCLE('',#7052,0.215067651711);
#7052 = AXIS2_PLACEMENT_3D('',#7053,#7054,#7055);
#7053 = CARTESIAN_POINT('',(156.8950005,-108.1146365,1.585));
#7054 = DIRECTION('',(0.,0.,1.));
#7055 = DIRECTION('',(-0.966126232127,-0.258069958724,0.));
#7056 = ORIENTED_EDGE('',*,*,#7057,.T.);
#7057 = EDGE_CURVE('',#7049,#7058,#7060,.T.);
#7058 = VERTEX_POINT('',#7059);
#7059 = CARTESIAN_POINT('',(156.958748,-108.322419,1.585));
#7060 = LINE('',#7061,#7062);
#7061 = CARTESIAN_POINT('',(156.839498,-108.322419,1.585));
#7062 = VECTOR('',#7063,1.);
#7063 = DIRECTION('',(1.,0.,0.));
#7064 = ORIENTED_EDGE('',*,*,#7065,.T.);
#7065 = EDGE_CURVE('',#7058,#7066,#7068,.T.);
#7066 = VERTEX_POINT('',#7067);
#7067 = CARTESIAN_POINT('',(157.111027,-108.170138,1.585));
#7068 = CIRCLE('',#7069,0.215068068383);
#7069 = AXIS2_PLACEMENT_3D('',#7070,#7071,#7072);
#7070 = CARTESIAN_POINT('',(156.90324379516,-108.1146365241,1.585));
#7071 = DIRECTION('',(0.,0.,1.));
#7072 = DIRECTION('',(0.258077385714,-0.966124248212,0.));
#7073 = ORIENTED_EDGE('',*,*,#7074,.T.);
#7074 = EDGE_CURVE('',#7066,#7075,#7077,.T.);
#7075 = VERTEX_POINT('',#7076);
#7076 = CARTESIAN_POINT('',(157.111027,-107.908031,1.585));
#7077 = LINE('',#7078,#7079);
#7078 = CARTESIAN_POINT('',(157.111027,-108.170138,1.585));
#7079 = VECTOR('',#7080,1.);
#7080 = DIRECTION('',(0.,1.,0.));
#7081 = ORIENTED_EDGE('',*,*,#7082,.T.);
#7082 = EDGE_CURVE('',#7075,#7083,#7085,.T.);
#7083 = VERTEX_POINT('',#7084);
#7084 = CARTESIAN_POINT('',(157.072315,-107.830608,1.585));
#7085 = LINE('',#7086,#7087);
#7086 = CARTESIAN_POINT('',(157.111027,-107.908031,1.585));
#7087 = VECTOR('',#7088,1.);
#7088 = DIRECTION('',(-0.447218216472,0.894424880499,0.));
#7089 = ORIENTED_EDGE('',*,*,#7090,.T.);
#7090 = EDGE_CURVE('',#7083,#7022,#7091,.T.);
#7091 = LINE('',#7092,#7093);
#7092 = CARTESIAN_POINT('',(157.072315,-107.830608,1.585));
#7093 = VECTOR('',#7094,1.);
#7094 = DIRECTION('',(-0.707096999454,0.707116562784,0.));
#7095 = PLANE('',#7096);
#7096 = AXIS2_PLACEMENT_3D('',#7097,#7098,#7099);
#7097 = CARTESIAN_POINT('',(0.,0.,1.585));
#7098 = DIRECTION('',(0.,0.,1.));
#7099 = DIRECTION('',(1.,0.,-0.));
#7100 = SHELL_BASED_SURFACE_MODEL('',(#7101));
#7101 = OPEN_SHELL('',(#7102));
#7102 = ADVANCED_FACE('',(#7103,#7283),#7334,.T.);
#7103 = FACE_BOUND('',#7104,.F.);
#7104 = EDGE_LOOP('',(#7105,#7115,#7123,#7131,#7139,#7147,#7155,#7163,
    #7171,#7179,#7187,#7195,#7203,#7211,#7219,#7227,#7236,#7244,#7252,
    #7260,#7268,#7277));
#7105 = ORIENTED_EDGE('',*,*,#7106,.T.);
#7106 = EDGE_CURVE('',#7107,#7109,#7111,.T.);
#7107 = VERTEX_POINT('',#7108);
#7108 = CARTESIAN_POINT('',(159.376762,-107.70865,1.585));
#7109 = VERTEX_POINT('',#7110);
#7110 = CARTESIAN_POINT('',(159.483088,-107.657994,1.585));
#7111 = LINE('',#7112,#7113);
#7112 = CARTESIAN_POINT('',(159.376762,-107.70865,1.585));
#7113 = VECTOR('',#7114,1.);
#7114 = DIRECTION('',(0.902779519658,0.430103637378,0.));
#7115 = ORIENTED_EDGE('',*,*,#7116,.T.);
#7116 = EDGE_CURVE('',#7109,#7117,#7119,.T.);
#7117 = VERTEX_POINT('',#7118);
#7118 = CARTESIAN_POINT('',(159.687293,-107.65624,1.585));
#7119 = LINE('',#7120,#7121);
#7120 = CARTESIAN_POINT('',(159.483088,-107.657994,1.585));
#7121 = VECTOR('',#7122,1.);
#7122 = DIRECTION('',(0.999963113079,8.589090866264E-03,0.));
#7123 = ORIENTED_EDGE('',*,*,#7124,.T.);
#7124 = EDGE_CURVE('',#7117,#7125,#7127,.T.);
#7125 = VERTEX_POINT('',#7126);
#7126 = CARTESIAN_POINT('',(159.707198,-107.661031,1.585));
#7127 = LINE('',#7128,#7129);
#7128 = CARTESIAN_POINT('',(159.687293,-107.65624,1.585));
#7129 = VECTOR('',#7130,1.);
#7130 = DIRECTION('',(0.972234133225,-0.234010235231,0.));
#7131 = ORIENTED_EDGE('',*,*,#7132,.T.);
#7132 = EDGE_CURVE('',#7125,#7133,#7135,.T.);
#7133 = VERTEX_POINT('',#7134);
#7134 = CARTESIAN_POINT('',(159.815026,-107.718421,1.585));
#7135 = LINE('',#7136,#7137);
#7136 = CARTESIAN_POINT('',(159.707198,-107.661031,1.585));
#7137 = VECTOR('',#7138,1.);
#7138 = DIRECTION('',(0.882754645264,-0.469834264678,0.));
#7139 = ORIENTED_EDGE('',*,*,#7140,.T.);
#7140 = EDGE_CURVE('',#7133,#7141,#7143,.T.);
#7141 = VERTEX_POINT('',#7142);
#7142 = CARTESIAN_POINT('',(159.873888,-107.829475,1.585));
#7143 = LINE('',#7144,#7145);
#7144 = CARTESIAN_POINT('',(159.815026,-107.718421,1.585));
#7145 = VECTOR('',#7146,1.);
#7146 = DIRECTION('',(0.468314631286,-0.88356177267,0.));
#7147 = ORIENTED_EDGE('',*,*,#7148,.T.);
#7148 = EDGE_CURVE('',#7141,#7149,#7151,.T.);
#7149 = VERTEX_POINT('',#7150);
#7150 = CARTESIAN_POINT('',(159.877694,-107.848609,1.585));
#7151 = LINE('',#7152,#7153);
#7152 = CARTESIAN_POINT('',(159.873888,-107.829475,1.585));
#7153 = VECTOR('',#7154,1.);
#7154 = DIRECTION('',(0.195090852695,-0.980785174845,0.));
#7155 = ORIENTED_EDGE('',*,*,#7156,.T.);
#7156 = EDGE_CURVE('',#7149,#7157,#7159,.T.);
#7157 = VERTEX_POINT('',#7158);
#7158 = CARTESIAN_POINT('',(159.875347,-107.955643,1.585));
#7159 = LINE('',#7160,#7161);
#7160 = CARTESIAN_POINT('',(159.877694,-107.848609,1.585));
#7161 = VECTOR('',#7162,1.);
#7162 = DIRECTION('',(-2.192234206815E-02,-0.999759676581,0.));
#7163 = ORIENTED_EDGE('',*,*,#7164,.T.);
#7164 = EDGE_CURVE('',#7157,#7165,#7167,.T.);
#7165 = VERTEX_POINT('',#7166);
#7166 = CARTESIAN_POINT('',(159.855515,-107.985392,1.585));
#7167 = LINE('',#7168,#7169);
#7168 = CARTESIAN_POINT('',(159.875347,-107.955643,1.585));
#7169 = VECTOR('',#7170,1.);
#7170 = DIRECTION('',(-0.554687287248,-0.832058900178,0.));
#7171 = ORIENTED_EDGE('',*,*,#7172,.T.);
#7172 = EDGE_CURVE('',#7165,#7173,#7175,.T.);
#7173 = VERTEX_POINT('',#7174);
#7174 = CARTESIAN_POINT('',(159.837499,-107.992876,1.585));
#7175 = LINE('',#7176,#7177);
#7176 = CARTESIAN_POINT('',(159.855515,-107.985392,1.585));
#7177 = VECTOR('',#7178,1.);
#7178 = DIRECTION('',(-0.923488893662,-0.383625159867,0.));
#7179 = ORIENTED_EDGE('',*,*,#7180,.T.);
#7180 = EDGE_CURVE('',#7173,#7181,#7183,.T.);
#7181 = VERTEX_POINT('',#7182);
#7182 = CARTESIAN_POINT('',(159.401504,-108.080075,1.585));
#7183 = LINE('',#7184,#7185);
#7184 = CARTESIAN_POINT('',(159.837499,-107.992876,1.585));
#7185 = VECTOR('',#7186,1.);
#7186 = DIRECTION('',(-0.980580675691,-0.196116135138,0.));
#7187 = ORIENTED_EDGE('',*,*,#7188,.T.);
#7188 = EDGE_CURVE('',#7181,#7189,#7191,.T.);
#7189 = VERTEX_POINT('',#7190);
#7190 = CARTESIAN_POINT('',(159.401504,-108.217759,1.585));
#7191 = LINE('',#7192,#7193);
#7192 = CARTESIAN_POINT('',(159.401504,-108.080075,1.585));
#7193 = VECTOR('',#7194,1.);
#7194 = DIRECTION('',(0.,-1.,0.));
#7195 = ORIENTED_EDGE('',*,*,#7196,.T.);
#7196 = EDGE_CURVE('',#7189,#7197,#7199,.T.);
#7197 = VERTEX_POINT('',#7198);
#7198 = CARTESIAN_POINT('',(159.43639,-108.287532,1.585));
#7199 = LINE('',#7200,#7201);
#7200 = CARTESIAN_POINT('',(159.401504,-108.217759,1.585));
#7201 = VECTOR('',#7202,1.);
#7202 = DIRECTION('',(0.447208467837,-0.894429754813,0.));
#7203 = ORIENTED_EDGE('',*,*,#7204,.T.);
#7204 = EDGE_CURVE('',#7197,#7205,#7207,.T.);
#7205 = VERTEX_POINT('',#7206);
#7206 = CARTESIAN_POINT('',(159.506165,-108.322419,1.585));
#7207 = LINE('',#7208,#7209);
#7208 = CARTESIAN_POINT('',(159.43639,-108.287532,1.585));
#7209 = VECTOR('',#7210,1.);
#7210 = DIRECTION('',(0.89442975474,-0.447208467984,0.));
#7211 = ORIENTED_EDGE('',*,*,#7212,.T.);
#7212 = EDGE_CURVE('',#7205,#7213,#7215,.T.);
#7213 = VERTEX_POINT('',#7214);
#7214 = CARTESIAN_POINT('',(159.673034,-108.322419,1.585));
#7215 = LINE('',#7216,#7217);
#7216 = CARTESIAN_POINT('',(159.506165,-108.322419,1.585));
#7217 = VECTOR('',#7218,1.);
#7218 = DIRECTION('',(1.,0.,0.));
#7219 = ORIENTED_EDGE('',*,*,#7220,.T.);
#7220 = EDGE_CURVE('',#7213,#7221,#7223,.T.);
#7221 = VERTEX_POINT('',#7222);
#7222 = CARTESIAN_POINT('',(159.757714,-108.280079,1.585));
#7223 = LINE('',#7224,#7225);
#7224 = CARTESIAN_POINT('',(159.673034,-108.322419,1.585));
#7225 = VECTOR('',#7226,1.);
#7226 = DIRECTION('',(0.894427191,0.4472135955,0.));
#7227 = ORIENTED_EDGE('',*,*,#7228,.T.);
#7228 = EDGE_CURVE('',#7221,#7229,#7231,.T.);
#7229 = VERTEX_POINT('',#7230);
#7230 = CARTESIAN_POINT('',(159.802435,-108.369522,1.585));
#7231 = CIRCLE('',#7232,5.000004522504E-02);
#7232 = AXIS2_PLACEMENT_3D('',#7233,#7234,#7235);
#7233 = CARTESIAN_POINT('',(159.78007457351,-108.3248004632,1.585));
#7234 = DIRECTION('',(0.,0.,-1.));
#7235 = DIRECTION('',(-0.447211065877,0.894428455807,-0.));
#7236 = ORIENTED_EDGE('',*,*,#7237,.T.);
#7237 = EDGE_CURVE('',#7229,#7238,#7240,.T.);
#7238 = VERTEX_POINT('',#7239);
#7239 = CARTESIAN_POINT('',(159.696109,-108.420176,1.585));
#7240 = LINE('',#7241,#7242);
#7241 = CARTESIAN_POINT('',(159.802435,-108.369522,1.585));
#7242 = VECTOR('',#7243,1.);
#7243 = DIRECTION('',(-0.902786113268,-0.430089797241,0.));
#7244 = ORIENTED_EDGE('',*,*,#7245,.T.);
#7245 = EDGE_CURVE('',#7238,#7246,#7248,.T.);
#7246 = VERTEX_POINT('',#7247);
#7247 = CARTESIAN_POINT('',(159.483088,-108.420176,1.585));
#7248 = LINE('',#7249,#7250);
#7249 = CARTESIAN_POINT('',(159.696109,-108.420176,1.585));
#7250 = VECTOR('',#7251,1.);
#7251 = DIRECTION('',(-1.,0.,0.));
#7252 = ORIENTED_EDGE('',*,*,#7253,.T.);
#7253 = EDGE_CURVE('',#7246,#7254,#7256,.T.);
#7254 = VERTEX_POINT('',#7255);
#7255 = CARTESIAN_POINT('',(159.366363,-108.362572,1.585));
#7256 = LINE('',#7257,#7258);
#7257 = CARTESIAN_POINT('',(159.483088,-108.420176,1.585));
#7258 = VECTOR('',#7259,1.);
#7259 = DIRECTION('',(-0.896745928688,0.44254574835,0.));
#7260 = ORIENTED_EDGE('',*,*,#7261,.T.);
#7261 = EDGE_CURVE('',#7254,#7262,#7264,.T.);
#7262 = VERTEX_POINT('',#7263);
#7263 = CARTESIAN_POINT('',(159.354401,-108.34716,1.585));
#7264 = LINE('',#7265,#7266);
#7265 = CARTESIAN_POINT('',(159.366363,-108.362572,1.585));
#7266 = VECTOR('',#7267,1.);
#7267 = DIRECTION('',(-0.613138319012,0.789975570356,0.));
#7268 = ORIENTED_EDGE('',*,*,#7269,.T.);
#7269 = EDGE_CURVE('',#7262,#7270,#7272,.T.);
#7270 = VERTEX_POINT('',#7271);
#7271 = CARTESIAN_POINT('',(159.36135,-107.720611,1.585));
#7272 = CIRCLE('',#7273,0.594671637285);
#7273 = AXIS2_PLACEMENT_3D('',#7274,#7275,#7276);
#7274 = CARTESIAN_POINT('',(159.86329606667,-108.0394910751,1.585));
#7275 = DIRECTION('',(0.,0.,-1.));
#7276 = DIRECTION('',(-0.855758093657,-0.517376154399,-0.));
#7277 = ORIENTED_EDGE('',*,*,#7278,.T.);
#7278 = EDGE_CURVE('',#7270,#7107,#7279,.T.);
#7279 = LINE('',#7280,#7281);
#7280 = CARTESIAN_POINT('',(159.36135,-107.720611,1.585));
#7281 = VECTOR('',#7282,1.);
#7282 = DIRECTION('',(0.790000397635,0.613106329879,0.));
#7283 = FACE_BOUND('',#7284,.F.);
#7284 = EDGE_LOOP('',(#7285,#7296,#7304,#7312,#7320,#7328));
#7285 = ORIENTED_EDGE('',*,*,#7286,.T.);
#7286 = EDGE_CURVE('',#7287,#7289,#7291,.T.);
#7287 = VERTEX_POINT('',#7288);
#7288 = CARTESIAN_POINT('',(159.742807,-107.790638,1.585));
#7289 = VERTEX_POINT('',#7290);
#7290 = CARTESIAN_POINT('',(159.43639,-107.790638,1.585));
#7291 = CIRCLE('',#7292,0.267442529996);
#7292 = AXIS2_PLACEMENT_3D('',#7293,#7294,#7295);
#7293 = CARTESIAN_POINT('',(159.5895985,-108.0098471749,1.585));
#7294 = DIRECTION('',(0.,0.,1.));
#7295 = DIRECTION('',(0.572865131071,0.819649645644,-0.));
#7296 = ORIENTED_EDGE('',*,*,#7297,.T.);
#7297 = EDGE_CURVE('',#7289,#7298,#7300,.T.);
#7298 = VERTEX_POINT('',#7299);
#7299 = CARTESIAN_POINT('',(159.401504,-107.860412,1.585));
#7300 = LINE('',#7301,#7302);
#7301 = CARTESIAN_POINT('',(159.43639,-107.790638,1.585));
#7302 = VECTOR('',#7303,1.);
#7303 = DIRECTION('',(-0.447203340277,-0.894432318538,0.));
#7304 = ORIENTED_EDGE('',*,*,#7305,.T.);
#7305 = EDGE_CURVE('',#7298,#7306,#7308,.T.);
#7306 = VERTEX_POINT('',#7307);
#7307 = CARTESIAN_POINT('',(159.401504,-107.978094,1.585));
#7308 = LINE('',#7309,#7310);
#7309 = CARTESIAN_POINT('',(159.401504,-107.860412,1.585));
#7310 = VECTOR('',#7311,1.);
#7311 = DIRECTION('',(0.,-1.,0.));
#7312 = ORIENTED_EDGE('',*,*,#7313,.T.);
#7313 = EDGE_CURVE('',#7306,#7314,#7316,.T.);
#7314 = VERTEX_POINT('',#7315);
#7315 = CARTESIAN_POINT('',(159.777694,-107.902856,1.585));
#7316 = LINE('',#7317,#7318);
#7317 = CARTESIAN_POINT('',(159.401504,-107.978094,1.585));
#7318 = VECTOR('',#7319,1.);
#7319 = DIRECTION('',(0.980580675691,0.196116135138,0.));
#7320 = ORIENTED_EDGE('',*,*,#7321,.T.);
#7321 = EDGE_CURVE('',#7314,#7322,#7324,.T.);
#7322 = VERTEX_POINT('',#7323);
#7323 = CARTESIAN_POINT('',(159.777694,-107.860412,1.585));
#7324 = LINE('',#7325,#7326);
#7325 = CARTESIAN_POINT('',(159.777694,-107.902856,1.585));
#7326 = VECTOR('',#7327,1.);
#7327 = DIRECTION('',(0.,1.,0.));
#7328 = ORIENTED_EDGE('',*,*,#7329,.T.);
#7329 = EDGE_CURVE('',#7322,#7287,#7330,.T.);
#7330 = LINE('',#7331,#7332);
#7331 = CARTESIAN_POINT('',(159.777694,-107.860412,1.585));
#7332 = VECTOR('',#7333,1.);
#7333 = DIRECTION('',(-0.4472135955,0.894427191,0.));
#7334 = PLANE('',#7335);
#7335 = AXIS2_PLACEMENT_3D('',#7336,#7337,#7338);
#7336 = CARTESIAN_POINT('',(0.,0.,1.585));
#7337 = DIRECTION('',(0.,0.,1.));
#7338 = DIRECTION('',(1.,0.,-0.));
#7339 = SHELL_BASED_SURFACE_MODEL('',(#7340));
#7340 = OPEN_SHELL('',(#7341));
#7341 = ADVANCED_FACE('',(#7342),#7501,.T.);
#7342 = FACE_BOUND('',#7343,.F.);
#7343 = EDGE_LOOP('',(#7344,#7354,#7362,#7370,#7378,#7387,#7395,#7403,
    #7412,#7420,#7429,#7437,#7445,#7454,#7462,#7470,#7478,#7486,#7495));
#7344 = ORIENTED_EDGE('',*,*,#7345,.T.);
#7345 = EDGE_CURVE('',#7346,#7348,#7350,.T.);
#7346 = VERTEX_POINT('',#7347);
#7347 = CARTESIAN_POINT('',(160.281524,-107.70865,1.585));
#7348 = VERTEX_POINT('',#7349);
#7349 = CARTESIAN_POINT('',(160.38785,-107.657994,1.585));
#7350 = LINE('',#7351,#7352);
#7351 = CARTESIAN_POINT('',(160.281524,-107.70865,1.585));
#7352 = VECTOR('',#7353,1.);
#7353 = DIRECTION('',(0.902779519658,0.430103637378,0.));
#7354 = ORIENTED_EDGE('',*,*,#7355,.T.);
#7355 = EDGE_CURVE('',#7348,#7356,#7358,.T.);
#7356 = VERTEX_POINT('',#7357);
#7357 = CARTESIAN_POINT('',(160.592055,-107.65624,1.585));
#7358 = LINE('',#7359,#7360);
#7359 = CARTESIAN_POINT('',(160.38785,-107.657994,1.585));
#7360 = VECTOR('',#7361,1.);
#7361 = DIRECTION('',(0.999963113079,8.589090866264E-03,0.));
#7362 = ORIENTED_EDGE('',*,*,#7363,.T.);
#7363 = EDGE_CURVE('',#7356,#7364,#7366,.T.);
#7364 = VERTEX_POINT('',#7365);
#7365 = CARTESIAN_POINT('',(160.61196,-107.661031,1.585));
#7366 = LINE('',#7367,#7368);
#7367 = CARTESIAN_POINT('',(160.592055,-107.65624,1.585));
#7368 = VECTOR('',#7369,1.);
#7369 = DIRECTION('',(0.972234133225,-0.234010235231,0.));
#7370 = ORIENTED_EDGE('',*,*,#7371,.T.);
#7371 = EDGE_CURVE('',#7364,#7372,#7374,.T.);
#7372 = VERTEX_POINT('',#7373);
#7373 = CARTESIAN_POINT('',(160.707197,-107.708649,1.585));
#7374 = LINE('',#7375,#7376);
#7375 = CARTESIAN_POINT('',(160.61196,-107.661031,1.585));
#7376 = VECTOR('',#7377,1.);
#7377 = DIRECTION('',(0.894429069315,-0.447209838851,0.));
#7378 = ORIENTED_EDGE('',*,*,#7379,.T.);
#7379 = EDGE_CURVE('',#7372,#7380,#7382,.T.);
#7380 = VERTEX_POINT('',#7381);
#7381 = CARTESIAN_POINT('',(160.662476,-107.798092,1.585));
#7382 = CIRCLE('',#7383,5.00000452257E-02);
#7383 = AXIS2_PLACEMENT_3D('',#7384,#7385,#7386);
#7384 = CARTESIAN_POINT('',(160.6848367392,-107.7533706196,1.585));
#7385 = DIRECTION('',(0.,0.,-1.));
#7386 = DIRECTION('',(0.447204811458,0.894431582967,0.));
#7387 = ORIENTED_EDGE('',*,*,#7388,.T.);
#7388 = EDGE_CURVE('',#7380,#7389,#7391,.T.);
#7389 = VERTEX_POINT('',#7390);
#7390 = CARTESIAN_POINT('',(160.577796,-107.755752,1.585));
#7391 = LINE('',#7392,#7393);
#7392 = CARTESIAN_POINT('',(160.662476,-107.798092,1.585));
#7393 = VECTOR('',#7394,1.);
#7394 = DIRECTION('',(-0.894427191,0.4472135955,0.));
#7395 = ORIENTED_EDGE('',*,*,#7396,.T.);
#7396 = EDGE_CURVE('',#7389,#7397,#7399,.T.);
#7397 = VERTEX_POINT('',#7398);
#7398 = CARTESIAN_POINT('',(160.410927,-107.755752,1.585));
#7399 = LINE('',#7400,#7401);
#7400 = CARTESIAN_POINT('',(160.577796,-107.755752,1.585));
#7401 = VECTOR('',#7402,1.);
#7402 = DIRECTION('',(-1.,0.,0.));
#7403 = ORIENTED_EDGE('',*,*,#7404,.T.);
#7404 = EDGE_CURVE('',#7397,#7405,#7407,.T.);
#7405 = VERTEX_POINT('',#7406);
#7406 = CARTESIAN_POINT('',(160.258647,-107.908031,1.585));
#7407 = CIRCLE('',#7408,0.215060043145);
#7408 = AXIS2_PLACEMENT_3D('',#7409,#7410,#7411);
#7409 = CARTESIAN_POINT('',(160.46642299719,-107.9635283616,1.585));
#7410 = DIRECTION('',(0.,0.,1.));
#7411 = DIRECTION('',(-0.258048851758,0.966131869936,0.));
#7412 = ORIENTED_EDGE('',*,*,#7413,.T.);
#7413 = EDGE_CURVE('',#7405,#7414,#7416,.T.);
#7414 = VERTEX_POINT('',#7415);
#7415 = CARTESIAN_POINT('',(160.258647,-108.170139,1.585));
#7416 = LINE('',#7417,#7418);
#7417 = CARTESIAN_POINT('',(160.258647,-107.908031,1.585));
#7418 = VECTOR('',#7419,1.);
#7419 = DIRECTION('',(0.,-1.,0.));
#7420 = ORIENTED_EDGE('',*,*,#7421,.T.);
#7421 = EDGE_CURVE('',#7414,#7422,#7424,.T.);
#7422 = VERTEX_POINT('',#7423);
#7423 = CARTESIAN_POINT('',(160.410927,-108.322419,1.585));
#7424 = CIRCLE('',#7425,0.215067651711);
#7425 = AXIS2_PLACEMENT_3D('',#7426,#7427,#7428);
#7426 = CARTESIAN_POINT('',(160.4664295,-108.1146365,1.585));
#7427 = DIRECTION('',(0.,0.,1.));
#7428 = DIRECTION('',(-0.966126232127,-0.258069958724,0.));
#7429 = ORIENTED_EDGE('',*,*,#7430,.T.);
#7430 = EDGE_CURVE('',#7422,#7431,#7433,.T.);
#7431 = VERTEX_POINT('',#7432);
#7432 = CARTESIAN_POINT('',(160.577796,-108.322419,1.585));
#7433 = LINE('',#7434,#7435);
#7434 = CARTESIAN_POINT('',(160.410927,-108.322419,1.585));
#7435 = VECTOR('',#7436,1.);
#7436 = DIRECTION('',(1.,0.,0.));
#7437 = ORIENTED_EDGE('',*,*,#7438,.T.);
#7438 = EDGE_CURVE('',#7431,#7439,#7441,.T.);
#7439 = VERTEX_POINT('',#7440);
#7440 = CARTESIAN_POINT('',(160.662476,-108.280079,1.585));
#7441 = LINE('',#7442,#7443);
#7442 = CARTESIAN_POINT('',(160.577796,-108.322419,1.585));
#7443 = VECTOR('',#7444,1.);
#7444 = DIRECTION('',(0.894427191,0.4472135955,0.));
#7445 = ORIENTED_EDGE('',*,*,#7446,.T.);
#7446 = EDGE_CURVE('',#7439,#7447,#7449,.T.);
#7447 = VERTEX_POINT('',#7448);
#7448 = CARTESIAN_POINT('',(160.707197,-108.369522,1.585));
#7449 = CIRCLE('',#7450,5.000004522504E-02);
#7450 = AXIS2_PLACEMENT_3D('',#7451,#7452,#7453);
#7451 = CARTESIAN_POINT('',(160.68483657351,-108.3248004632,1.585));
#7452 = DIRECTION('',(0.,0.,-1.));
#7453 = DIRECTION('',(-0.447211065877,0.894428455807,-0.));
#7454 = ORIENTED_EDGE('',*,*,#7455,.T.);
#7455 = EDGE_CURVE('',#7447,#7456,#7458,.T.);
#7456 = VERTEX_POINT('',#7457);
#7457 = CARTESIAN_POINT('',(160.600871,-108.420176,1.585));
#7458 = LINE('',#7459,#7460);
#7459 = CARTESIAN_POINT('',(160.707197,-108.369522,1.585));
#7460 = VECTOR('',#7461,1.);
#7461 = DIRECTION('',(-0.902786113268,-0.430089797241,0.));
#7462 = ORIENTED_EDGE('',*,*,#7463,.T.);
#7463 = EDGE_CURVE('',#7456,#7464,#7466,.T.);
#7464 = VERTEX_POINT('',#7465);
#7465 = CARTESIAN_POINT('',(160.38785,-108.420176,1.585));
#7466 = LINE('',#7467,#7468);
#7467 = CARTESIAN_POINT('',(160.600871,-108.420176,1.585));
#7468 = VECTOR('',#7469,1.);
#7469 = DIRECTION('',(-1.,0.,0.));
#7470 = ORIENTED_EDGE('',*,*,#7471,.T.);
#7471 = EDGE_CURVE('',#7464,#7472,#7474,.T.);
#7472 = VERTEX_POINT('',#7473);
#7473 = CARTESIAN_POINT('',(160.268529,-108.360155,1.585));
#7474 = LINE('',#7475,#7476);
#7475 = CARTESIAN_POINT('',(160.38785,-108.420176,1.585));
#7476 = VECTOR('',#7477,1.);
#7477 = DIRECTION('',(-0.893344973043,0.449371515718,0.));
#7478 = ORIENTED_EDGE('',*,*,#7479,.T.);
#7479 = EDGE_CURVE('',#7472,#7480,#7482,.T.);
#7480 = VERTEX_POINT('',#7481);
#7481 = CARTESIAN_POINT('',(160.211544,-108.29954,1.585));
#7482 = LINE('',#7483,#7484);
#7483 = CARTESIAN_POINT('',(160.268529,-108.360155,1.585));
#7484 = VECTOR('',#7485,1.);
#7485 = DIRECTION('',(-0.684954038795,0.728586278171,0.));
#7486 = ORIENTED_EDGE('',*,*,#7487,.T.);
#7487 = EDGE_CURVE('',#7480,#7488,#7490,.T.);
#7488 = VERTEX_POINT('',#7489);
#7489 = CARTESIAN_POINT('',(160.220911,-107.765635,1.585));
#7490 = CIRCLE('',#7491,0.484193116766);
#7491 = AXIS2_PLACEMENT_3D('',#7492,#7493,#7494);
#7492 = CARTESIAN_POINT('',(160.62009282035,-108.0396730422,1.585));
#7493 = DIRECTION('',(0.,0.,-1.));
#7494 = DIRECTION('',(-0.843772466416,-0.536701057311,-0.));
#7495 = ORIENTED_EDGE('',*,*,#7496,.T.);
#7496 = EDGE_CURVE('',#7488,#7346,#7497,.T.);
#7497 = LINE('',#7498,#7499);
#7498 = CARTESIAN_POINT('',(160.220911,-107.765635,1.585));
#7499 = VECTOR('',#7500,1.);
#7500 = DIRECTION('',(0.728574999312,0.68496603593,0.));
#7501 = PLANE('',#7502);
#7502 = AXIS2_PLACEMENT_3D('',#7503,#7504,#7505);
#7503 = CARTESIAN_POINT('',(0.,0.,1.585));
#7504 = DIRECTION('',(0.,0.,1.));
#7505 = DIRECTION('',(1.,0.,-0.));
#7506 = SHELL_BASED_SURFACE_MODEL('',(#7507));
#7507 = OPEN_SHELL('',(#7508));
#7508 = ADVANCED_FACE('',(#7509,#7601),#7678,.T.);
#7509 = FACE_BOUND('',#7510,.F.);
#7510 = EDGE_LOOP('',(#7511,#7521,#7529,#7537,#7545,#7553,#7562,#7570,
    #7579,#7587,#7595));
#7511 = ORIENTED_EDGE('',*,*,#7512,.T.);
#7512 = EDGE_CURVE('',#7513,#7515,#7517,.T.);
#7513 = VERTEX_POINT('',#7514);
#7514 = CARTESIAN_POINT('',(161.710096,-107.70865,1.585));
#7515 = VERTEX_POINT('',#7516);
#7516 = CARTESIAN_POINT('',(161.816422,-107.657994,1.585));
#7517 = LINE('',#7518,#7519);
#7518 = CARTESIAN_POINT('',(161.710096,-107.70865,1.585));
#7519 = VECTOR('',#7520,1.);
#7520 = DIRECTION('',(0.902779519658,0.430103637378,0.));
#7521 = ORIENTED_EDGE('',*,*,#7522,.T.);
#7522 = EDGE_CURVE('',#7515,#7523,#7525,.T.);
#7523 = VERTEX_POINT('',#7524);
#7524 = CARTESIAN_POINT('',(161.973008,-107.65624,1.585));
#7525 = LINE('',#7526,#7527);
#7526 = CARTESIAN_POINT('',(161.816422,-107.657994,1.585));
#7527 = VECTOR('',#7528,1.);
#7528 = DIRECTION('',(0.999937268965,1.120080958559E-02,0.));
#7529 = ORIENTED_EDGE('',*,*,#7530,.T.);
#7530 = EDGE_CURVE('',#7523,#7531,#7533,.T.);
#7531 = VERTEX_POINT('',#7532);
#7532 = CARTESIAN_POINT('',(161.992913,-107.661031,1.585));
#7533 = LINE('',#7534,#7535);
#7534 = CARTESIAN_POINT('',(161.973008,-107.65624,1.585));
#7535 = VECTOR('',#7536,1.);
#7536 = DIRECTION('',(0.972234133225,-0.234010235231,0.));
#7537 = ORIENTED_EDGE('',*,*,#7538,.T.);
#7538 = EDGE_CURVE('',#7531,#7539,#7541,.T.);
#7539 = VERTEX_POINT('',#7540);
#7540 = CARTESIAN_POINT('',(162.101145,-107.718016,1.585));
#7541 = LINE('',#7542,#7543);
#7542 = CARTESIAN_POINT('',(161.992913,-107.661031,1.585));
#7543 = VECTOR('',#7544,1.);
#7544 = DIRECTION('',(0.884848162195,-0.465879522902,0.));
#7545 = ORIENTED_EDGE('',*,*,#7546,.T.);
#7546 = EDGE_CURVE('',#7539,#7547,#7549,.T.);
#7547 = VERTEX_POINT('',#7548);
#7548 = CARTESIAN_POINT('',(162.15813,-107.778629,1.585));
#7549 = LINE('',#7550,#7551);
#7550 = CARTESIAN_POINT('',(162.101145,-107.718016,1.585));
#7551 = VECTOR('',#7552,1.);
#7552 = DIRECTION('',(0.68496603593,-0.728574999312,0.));
#7553 = ORIENTED_EDGE('',*,*,#7554,.T.);
#7554 = EDGE_CURVE('',#7547,#7555,#7557,.T.);
#7555 = VERTEX_POINT('',#7556);
#7556 = CARTESIAN_POINT('',(162.148765,-108.312535,1.585));
#7557 = CIRCLE('',#7558,0.484197587606);
#7558 = AXIS2_PLACEMENT_3D('',#7559,#7560,#7561);
#7559 = CARTESIAN_POINT('',(161.74957711326,-108.0384978949,1.585));
#7560 = DIRECTION('',(0.,0.,-1.));
#7561 = DIRECTION('',(0.84377307363,0.53670010268,0.));
#7562 = ORIENTED_EDGE('',*,*,#7563,.T.);
#7563 = EDGE_CURVE('',#7555,#7564,#7566,.T.);
#7564 = VERTEX_POINT('',#7565);
#7565 = CARTESIAN_POINT('',(162.08815,-108.369522,1.585));
#7566 = LINE('',#7567,#7568);
#7567 = CARTESIAN_POINT('',(162.148765,-108.312535,1.585));
#7568 = VECTOR('',#7569,1.);
#7569 = DIRECTION('',(-0.728574281239,-0.684966799719,0.));
#7570 = ORIENTED_EDGE('',*,*,#7571,.T.);
#7571 = EDGE_CURVE('',#7564,#7572,#7574,.T.);
#7572 = VERTEX_POINT('',#7573);
#7573 = CARTESIAN_POINT('',(161.589461,-108.193214,1.585));
#7574 = CIRCLE('',#7575,0.32067888618);
#7575 = AXIS2_PLACEMENT_3D('',#7576,#7577,#7578);
#7576 = CARTESIAN_POINT('',(161.89925696858,-108.1103803963,1.585));
#7577 = DIRECTION('',(-0.,0.,-1.));
#7578 = DIRECTION('',(0.589041061177,-0.808103104961,-0.));
#7579 = ORIENTED_EDGE('',*,*,#7580,.T.);
#7580 = EDGE_CURVE('',#7572,#7581,#7583,.T.);
#7581 = VERTEX_POINT('',#7582);
#7582 = CARTESIAN_POINT('',(161.589461,-107.884955,1.585));
#7583 = LINE('',#7584,#7585);
#7584 = CARTESIAN_POINT('',(161.589461,-108.193214,1.585));
#7585 = VECTOR('',#7586,1.);
#7586 = DIRECTION('',(0.,1.,0.));
#7587 = ORIENTED_EDGE('',*,*,#7588,.T.);
#7588 = EDGE_CURVE('',#7581,#7589,#7591,.T.);
#7589 = VERTEX_POINT('',#7590);
#7590 = CARTESIAN_POINT('',(161.649483,-107.765635,1.585));
#7591 = LINE('',#7592,#7593);
#7592 = CARTESIAN_POINT('',(161.589461,-107.884955,1.585));
#7593 = VECTOR('',#7594,1.);
#7594 = DIRECTION('',(0.449380496335,0.893340455545,0.));
#7595 = ORIENTED_EDGE('',*,*,#7596,.T.);
#7596 = EDGE_CURVE('',#7589,#7513,#7597,.T.);
#7597 = LINE('',#7598,#7599);
#7598 = CARTESIAN_POINT('',(161.649483,-107.765635,1.585));
#7599 = VECTOR('',#7600,1.);
#7600 = DIRECTION('',(0.728574999312,0.68496603593,0.));
#7601 = FACE_BOUND('',#7602,.F.);
#7602 = EDGE_LOOP('',(#7603,#7614,#7622,#7630,#7639,#7647,#7656,#7664,
    #7672));
#7603 = ORIENTED_EDGE('',*,*,#7604,.T.);
#7604 = EDGE_CURVE('',#7605,#7607,#7609,.T.);
#7605 = VERTEX_POINT('',#7606);
#7606 = CARTESIAN_POINT('',(162.036172,-107.794463,1.585));
#7607 = VERTEX_POINT('',#7608);
#7608 = CARTESIAN_POINT('',(161.72593,-107.830607,1.585));
#7609 = CIRCLE('',#7610,0.222713504244);
#7610 = AXIS2_PLACEMENT_3D('',#7611,#7612,#7613);
#7611 = CARTESIAN_POINT('',(161.89942540831,-107.9702517215,1.585));
#7612 = DIRECTION('',(0.,0.,1.));
#7613 = DIRECTION('',(0.614002245385,0.789304277616,-0.));
#7614 = ORIENTED_EDGE('',*,*,#7615,.T.);
#7615 = EDGE_CURVE('',#7607,#7616,#7618,.T.);
#7616 = VERTEX_POINT('',#7617);
#7617 = CARTESIAN_POINT('',(161.687219,-107.908031,1.585));
#7618 = LINE('',#7619,#7620);
#7619 = CARTESIAN_POINT('',(161.72593,-107.830607,1.585));
#7620 = VECTOR('',#7621,1.);
#7621 = DIRECTION('',(-0.447204353569,-0.894431811906,0.));
#7622 = ORIENTED_EDGE('',*,*,#7623,.T.);
#7623 = EDGE_CURVE('',#7616,#7624,#7626,.T.);
#7624 = VERTEX_POINT('',#7625);
#7625 = CARTESIAN_POINT('',(161.687219,-108.170139,1.585));
#7626 = LINE('',#7627,#7628);
#7627 = CARTESIAN_POINT('',(161.687219,-107.908031,1.585));
#7628 = VECTOR('',#7629,1.);
#7629 = DIRECTION('',(0.,-1.,0.));
#7630 = ORIENTED_EDGE('',*,*,#7631,.T.);
#7631 = EDGE_CURVE('',#7624,#7632,#7634,.T.);
#7632 = VERTEX_POINT('',#7633);
#7633 = CARTESIAN_POINT('',(161.839499,-108.322419,1.585));
#7634 = CIRCLE('',#7635,0.215067651711);
#7635 = AXIS2_PLACEMENT_3D('',#7636,#7637,#7638);
#7636 = CARTESIAN_POINT('',(161.8950015,-108.1146365,1.585));
#7637 = DIRECTION('',(0.,0.,1.));
#7638 = DIRECTION('',(-0.966126232127,-0.258069958724,0.));
#7639 = ORIENTED_EDGE('',*,*,#7640,.T.);
#7640 = EDGE_CURVE('',#7632,#7641,#7643,.T.);
#7641 = VERTEX_POINT('',#7642);
#7642 = CARTESIAN_POINT('',(161.958749,-108.322419,1.585));
#7643 = LINE('',#7644,#7645);
#7644 = CARTESIAN_POINT('',(161.839499,-108.322419,1.585));
#7645 = VECTOR('',#7646,1.);
#7646 = DIRECTION('',(1.,0.,0.));
#7647 = ORIENTED_EDGE('',*,*,#7648,.T.);
#7648 = EDGE_CURVE('',#7641,#7649,#7651,.T.);
#7649 = VERTEX_POINT('',#7650);
#7650 = CARTESIAN_POINT('',(162.111028,-108.170138,1.585));
#7651 = CIRCLE('',#7652,0.215068068383);
#7652 = AXIS2_PLACEMENT_3D('',#7653,#7654,#7655);
#7653 = CARTESIAN_POINT('',(161.90324479516,-108.1146365241,1.585));
#7654 = DIRECTION('',(0.,0.,1.));
#7655 = DIRECTION('',(0.258077385714,-0.966124248212,0.));
#7656 = ORIENTED_EDGE('',*,*,#7657,.T.);
#7657 = EDGE_CURVE('',#7649,#7658,#7660,.T.);
#7658 = VERTEX_POINT('',#7659);
#7659 = CARTESIAN_POINT('',(162.111028,-107.908031,1.585));
#7660 = LINE('',#7661,#7662);
#7661 = CARTESIAN_POINT('',(162.111028,-108.170138,1.585));
#7662 = VECTOR('',#7663,1.);
#7663 = DIRECTION('',(0.,1.,0.));
#7664 = ORIENTED_EDGE('',*,*,#7665,.T.);
#7665 = EDGE_CURVE('',#7658,#7666,#7668,.T.);
#7666 = VERTEX_POINT('',#7667);
#7667 = CARTESIAN_POINT('',(162.072316,-107.830608,1.585));
#7668 = LINE('',#7669,#7670);
#7669 = CARTESIAN_POINT('',(162.111028,-107.908031,1.585));
#7670 = VECTOR('',#7671,1.);
#7671 = DIRECTION('',(-0.447218216472,0.894424880499,0.));
#7672 = ORIENTED_EDGE('',*,*,#7673,.T.);
#7673 = EDGE_CURVE('',#7666,#7605,#7674,.T.);
#7674 = LINE('',#7675,#7676);
#7675 = CARTESIAN_POINT('',(162.072316,-107.830608,1.585));
#7676 = VECTOR('',#7677,1.);
#7677 = DIRECTION('',(-0.707096999454,0.707116562784,0.));
#7678 = PLANE('',#7679);
#7679 = AXIS2_PLACEMENT_3D('',#7680,#7681,#7682);
#7680 = CARTESIAN_POINT('',(0.,0.,1.585));
#7681 = DIRECTION('',(0.,0.,1.));
#7682 = DIRECTION('',(1.,0.,-0.));
#7683 = SHELL_BASED_SURFACE_MODEL('',(#7684));
#7684 = OPEN_SHELL('',(#7685));
#7685 = ADVANCED_FACE('',(#7686,#7866),#7917,.T.);
#7686 = FACE_BOUND('',#7687,.F.);
#7687 = EDGE_LOOP('',(#7688,#7698,#7706,#7714,#7722,#7730,#7738,#7746,
    #7754,#7762,#7770,#7778,#7786,#7794,#7802,#7810,#7819,#7827,#7835,
    #7843,#7851,#7860));
#7688 = ORIENTED_EDGE('',*,*,#7689,.T.);
#7689 = EDGE_CURVE('',#7690,#7692,#7694,.T.);
#7690 = VERTEX_POINT('',#7691);
#7691 = CARTESIAN_POINT('',(172.662479,-107.70865,1.585));
#7692 = VERTEX_POINT('',#7693);
#7693 = CARTESIAN_POINT('',(172.768805,-107.657994,1.585));
#7694 = LINE('',#7695,#7696);
#7695 = CARTESIAN_POINT('',(172.662479,-107.70865,1.585));
#7696 = VECTOR('',#7697,1.);
#7697 = DIRECTION('',(0.902779519658,0.430103637378,0.));
#7698 = ORIENTED_EDGE('',*,*,#7699,.T.);
#7699 = EDGE_CURVE('',#7692,#7700,#7702,.T.);
#7700 = VERTEX_POINT('',#7701);
#7701 = CARTESIAN_POINT('',(172.97301,-107.65624,1.585));
#7702 = LINE('',#7703,#7704);
#7703 = CARTESIAN_POINT('',(172.768805,-107.657994,1.585));
#7704 = VECTOR('',#7705,1.);
#7705 = DIRECTION('',(0.999963113079,8.589090866264E-03,0.));
#7706 = ORIENTED_EDGE('',*,*,#7707,.T.);
#7707 = EDGE_CURVE('',#7700,#7708,#7710,.T.);
#7708 = VERTEX_POINT('',#7709);
#7709 = CARTESIAN_POINT('',(172.992915,-107.661031,1.585));
#7710 = LINE('',#7711,#7712);
#7711 = CARTESIAN_POINT('',(172.97301,-107.65624,1.585));
#7712 = VECTOR('',#7713,1.);
#7713 = DIRECTION('',(0.972234133225,-0.234010235231,0.));
#7714 = ORIENTED_EDGE('',*,*,#7715,.T.);
#7715 = EDGE_CURVE('',#7708,#7716,#7718,.T.);
#7716 = VERTEX_POINT('',#7717);
#7717 = CARTESIAN_POINT('',(173.100743,-107.718421,1.585));
#7718 = LINE('',#7719,#7720);
#7719 = CARTESIAN_POINT('',(172.992915,-107.661031,1.585));
#7720 = VECTOR('',#7721,1.);
#7721 = DIRECTION('',(0.882754645264,-0.469834264678,0.));
#7722 = ORIENTED_EDGE('',*,*,#7723,.T.);
#7723 = EDGE_CURVE('',#7716,#7724,#7726,.T.);
#7724 = VERTEX_POINT('',#7725);
#7725 = CARTESIAN_POINT('',(173.159605,-107.829475,1.585));
#7726 = LINE('',#7727,#7728);
#7727 = CARTESIAN_POINT('',(173.100743,-107.718421,1.585));
#7728 = VECTOR('',#7729,1.);
#7729 = DIRECTION('',(0.468314631286,-0.88356177267,0.));
#7730 = ORIENTED_EDGE('',*,*,#7731,.T.);
#7731 = EDGE_CURVE('',#7724,#7732,#7734,.T.);
#7732 = VERTEX_POINT('',#7733);
#7733 = CARTESIAN_POINT('',(173.163411,-107.848609,1.585));
#7734 = LINE('',#7735,#7736);
#7735 = CARTESIAN_POINT('',(173.159605,-107.829475,1.585));
#7736 = VECTOR('',#7737,1.);
#7737 = DIRECTION('',(0.195090852695,-0.980785174845,0.));
#7738 = ORIENTED_EDGE('',*,*,#7739,.T.);
#7739 = EDGE_CURVE('',#7732,#7740,#7742,.T.);
#7740 = VERTEX_POINT('',#7741);
#7741 = CARTESIAN_POINT('',(173.161064,-107.955643,1.585));
#7742 = LINE('',#7743,#7744);
#7743 = CARTESIAN_POINT('',(173.163411,-107.848609,1.585));
#7744 = VECTOR('',#7745,1.);
#7745 = DIRECTION('',(-2.192234206815E-02,-0.999759676581,0.));
#7746 = ORIENTED_EDGE('',*,*,#7747,.T.);
#7747 = EDGE_CURVE('',#7740,#7748,#7750,.T.);
#7748 = VERTEX_POINT('',#7749);
#7749 = CARTESIAN_POINT('',(173.141232,-107.985392,1.585));
#7750 = LINE('',#7751,#7752);
#7751 = CARTESIAN_POINT('',(173.161064,-107.955643,1.585));
#7752 = VECTOR('',#7753,1.);
#7753 = DIRECTION('',(-0.554687287248,-0.832058900178,0.));
#7754 = ORIENTED_EDGE('',*,*,#7755,.T.);
#7755 = EDGE_CURVE('',#7748,#7756,#7758,.T.);
#7756 = VERTEX_POINT('',#7757);
#7757 = CARTESIAN_POINT('',(173.123216,-107.992876,1.585));
#7758 = LINE('',#7759,#7760);
#7759 = CARTESIAN_POINT('',(173.141232,-107.985392,1.585));
#7760 = VECTOR('',#7761,1.);
#7761 = DIRECTION('',(-0.923488893662,-0.383625159867,0.));
#7762 = ORIENTED_EDGE('',*,*,#7763,.T.);
#7763 = EDGE_CURVE('',#7756,#7764,#7766,.T.);
#7764 = VERTEX_POINT('',#7765);
#7765 = CARTESIAN_POINT('',(172.687221,-108.080075,1.585));
#7766 = LINE('',#7767,#7768);
#7767 = CARTESIAN_POINT('',(173.123216,-107.992876,1.585));
#7768 = VECTOR('',#7769,1.);
#7769 = DIRECTION('',(-0.980580675691,-0.196116135138,0.));
#7770 = ORIENTED_EDGE('',*,*,#7771,.T.);
#7771 = EDGE_CURVE('',#7764,#7772,#7774,.T.);
#7772 = VERTEX_POINT('',#7773);
#7773 = CARTESIAN_POINT('',(172.687221,-108.217759,1.585));
#7774 = LINE('',#7775,#7776);
#7775 = CARTESIAN_POINT('',(172.687221,-108.080075,1.585));
#7776 = VECTOR('',#7777,1.);
#7777 = DIRECTION('',(0.,-1.,0.));
#7778 = ORIENTED_EDGE('',*,*,#7779,.T.);
#7779 = EDGE_CURVE('',#7772,#7780,#7782,.T.);
#7780 = VERTEX_POINT('',#7781);
#7781 = CARTESIAN_POINT('',(172.722107,-108.287532,1.585));
#7782 = LINE('',#7783,#7784);
#7783 = CARTESIAN_POINT('',(172.687221,-108.217759,1.585));
#7784 = VECTOR('',#7785,1.);
#7785 = DIRECTION('',(0.447208467837,-0.894429754813,0.));
#7786 = ORIENTED_EDGE('',*,*,#7787,.T.);
#7787 = EDGE_CURVE('',#7780,#7788,#7790,.T.);
#7788 = VERTEX_POINT('',#7789);
#7789 = CARTESIAN_POINT('',(172.791882,-108.322419,1.585));
#7790 = LINE('',#7791,#7792);
#7791 = CARTESIAN_POINT('',(172.722107,-108.287532,1.585));
#7792 = VECTOR('',#7793,1.);
#7793 = DIRECTION('',(0.894429754739,-0.447208467984,0.));
#7794 = ORIENTED_EDGE('',*,*,#7795,.T.);
#7795 = EDGE_CURVE('',#7788,#7796,#7798,.T.);
#7796 = VERTEX_POINT('',#7797);
#7797 = CARTESIAN_POINT('',(172.958751,-108.322419,1.585));
#7798 = LINE('',#7799,#7800);
#7799 = CARTESIAN_POINT('',(172.791882,-108.322419,1.585));
#7800 = VECTOR('',#7801,1.);
#7801 = DIRECTION('',(1.,0.,0.));
#7802 = ORIENTED_EDGE('',*,*,#7803,.T.);
#7803 = EDGE_CURVE('',#7796,#7804,#7806,.T.);
#7804 = VERTEX_POINT('',#7805);
#7805 = CARTESIAN_POINT('',(173.043431,-108.280079,1.585));
#7806 = LINE('',#7807,#7808);
#7807 = CARTESIAN_POINT('',(172.958751,-108.322419,1.585));
#7808 = VECTOR('',#7809,1.);
#7809 = DIRECTION('',(0.894427191,0.4472135955,0.));
#7810 = ORIENTED_EDGE('',*,*,#7811,.T.);
#7811 = EDGE_CURVE('',#7804,#7812,#7814,.T.);
#7812 = VERTEX_POINT('',#7813);
#7813 = CARTESIAN_POINT('',(173.088152,-108.369522,1.585));
#7814 = CIRCLE('',#7815,5.000004522505E-02);
#7815 = AXIS2_PLACEMENT_3D('',#7816,#7817,#7818);
#7816 = CARTESIAN_POINT('',(173.06579157351,-108.3248004632,1.585));
#7817 = DIRECTION('',(0.,0.,-1.));
#7818 = DIRECTION('',(-0.447211065876,0.894428455807,-0.));
#7819 = ORIENTED_EDGE('',*,*,#7820,.T.);
#7820 = EDGE_CURVE('',#7812,#7821,#7823,.T.);
#7821 = VERTEX_POINT('',#7822);
#7822 = CARTESIAN_POINT('',(172.981826,-108.420176,1.585));
#7823 = LINE('',#7824,#7825);
#7824 = CARTESIAN_POINT('',(173.088152,-108.369522,1.585));
#7825 = VECTOR('',#7826,1.);
#7826 = DIRECTION('',(-0.902786113268,-0.430089797241,0.));
#7827 = ORIENTED_EDGE('',*,*,#7828,.T.);
#7828 = EDGE_CURVE('',#7821,#7829,#7831,.T.);
#7829 = VERTEX_POINT('',#7830);
#7830 = CARTESIAN_POINT('',(172.768805,-108.420176,1.585));
#7831 = LINE('',#7832,#7833);
#7832 = CARTESIAN_POINT('',(172.981826,-108.420176,1.585));
#7833 = VECTOR('',#7834,1.);
#7834 = DIRECTION('',(-1.,0.,0.));
#7835 = ORIENTED_EDGE('',*,*,#7836,.T.);
#7836 = EDGE_CURVE('',#7829,#7837,#7839,.T.);
#7837 = VERTEX_POINT('',#7838);
#7838 = CARTESIAN_POINT('',(172.65208,-108.362572,1.585));
#7839 = LINE('',#7840,#7841);
#7840 = CARTESIAN_POINT('',(172.768805,-108.420176,1.585));
#7841 = VECTOR('',#7842,1.);
#7842 = DIRECTION('',(-0.896745928687,0.44254574835,0.));
#7843 = ORIENTED_EDGE('',*,*,#7844,.T.);
#7844 = EDGE_CURVE('',#7837,#7845,#7847,.T.);
#7845 = VERTEX_POINT('',#7846);
#7846 = CARTESIAN_POINT('',(172.640118,-108.34716,1.585));
#7847 = LINE('',#7848,#7849);
#7848 = CARTESIAN_POINT('',(172.65208,-108.362572,1.585));
#7849 = VECTOR('',#7850,1.);
#7850 = DIRECTION('',(-0.613138319012,0.789975570356,0.));
#7851 = ORIENTED_EDGE('',*,*,#7852,.T.);
#7852 = EDGE_CURVE('',#7845,#7853,#7855,.T.);
#7853 = VERTEX_POINT('',#7854);
#7854 = CARTESIAN_POINT('',(172.647067,-107.720611,1.585));
#7855 = CIRCLE('',#7856,0.594671637285);
#7856 = AXIS2_PLACEMENT_3D('',#7857,#7858,#7859);
#7857 = CARTESIAN_POINT('',(173.14901306667,-108.0394910751,1.585));
#7858 = DIRECTION('',(0.,0.,-1.));
#7859 = DIRECTION('',(-0.855758093657,-0.517376154399,-0.));
#7860 = ORIENTED_EDGE('',*,*,#7861,.T.);
#7861 = EDGE_CURVE('',#7853,#7690,#7862,.T.);
#7862 = LINE('',#7863,#7864);
#7863 = CARTESIAN_POINT('',(172.647067,-107.720611,1.585));
#7864 = VECTOR('',#7865,1.);
#7865 = DIRECTION('',(0.790000397634,0.613106329879,0.));
#7866 = FACE_BOUND('',#7867,.F.);
#7867 = EDGE_LOOP('',(#7868,#7879,#7887,#7895,#7903,#7911));
#7868 = ORIENTED_EDGE('',*,*,#7869,.T.);
#7869 = EDGE_CURVE('',#7870,#7872,#7874,.T.);
#7870 = VERTEX_POINT('',#7871);
#7871 = CARTESIAN_POINT('',(173.028524,-107.790638,1.585));
#7872 = VERTEX_POINT('',#7873);
#7873 = CARTESIAN_POINT('',(172.722107,-107.790638,1.585));
#7874 = CIRCLE('',#7875,0.267442529996);
#7875 = AXIS2_PLACEMENT_3D('',#7876,#7877,#7878);
#7876 = CARTESIAN_POINT('',(172.8753155,-108.0098471749,1.585));
#7877 = DIRECTION('',(0.,0.,1.));
#7878 = DIRECTION('',(0.572865131071,0.819649645643,-0.));
#7879 = ORIENTED_EDGE('',*,*,#7880,.T.);
#7880 = EDGE_CURVE('',#7872,#7881,#7883,.T.);
#7881 = VERTEX_POINT('',#7882);
#7882 = CARTESIAN_POINT('',(172.687221,-107.860412,1.585));
#7883 = LINE('',#7884,#7885);
#7884 = CARTESIAN_POINT('',(172.722107,-107.790638,1.585));
#7885 = VECTOR('',#7886,1.);
#7886 = DIRECTION('',(-0.447203340277,-0.894432318538,0.));
#7887 = ORIENTED_EDGE('',*,*,#7888,.T.);
#7888 = EDGE_CURVE('',#7881,#7889,#7891,.T.);
#7889 = VERTEX_POINT('',#7890);
#7890 = CARTESIAN_POINT('',(172.687221,-107.978094,1.585));
#7891 = LINE('',#7892,#7893);
#7892 = CARTESIAN_POINT('',(172.687221,-107.860412,1.585));
#7893 = VECTOR('',#7894,1.);
#7894 = DIRECTION('',(0.,-1.,0.));
#7895 = ORIENTED_EDGE('',*,*,#7896,.T.);
#7896 = EDGE_CURVE('',#7889,#7897,#7899,.T.);
#7897 = VERTEX_POINT('',#7898);
#7898 = CARTESIAN_POINT('',(173.063411,-107.902856,1.585));
#7899 = LINE('',#7900,#7901);
#7900 = CARTESIAN_POINT('',(172.687221,-107.978094,1.585));
#7901 = VECTOR('',#7902,1.);
#7902 = DIRECTION('',(0.980580675691,0.196116135138,0.));
#7903 = ORIENTED_EDGE('',*,*,#7904,.T.);
#7904 = EDGE_CURVE('',#7897,#7905,#7907,.T.);
#7905 = VERTEX_POINT('',#7906);
#7906 = CARTESIAN_POINT('',(173.063411,-107.860412,1.585));
#7907 = LINE('',#7908,#7909);
#7908 = CARTESIAN_POINT('',(173.063411,-107.902856,1.585));
#7909 = VECTOR('',#7910,1.);
#7910 = DIRECTION('',(0.,1.,0.));
#7911 = ORIENTED_EDGE('',*,*,#7912,.T.);
#7912 = EDGE_CURVE('',#7905,#7870,#7913,.T.);
#7913 = LINE('',#7914,#7915);
#7914 = CARTESIAN_POINT('',(173.063411,-107.860412,1.585));
#7915 = VECTOR('',#7916,1.);
#7916 = DIRECTION('',(-0.4472135955,0.894427191,0.));
#7917 = PLANE('',#7918);
#7918 = AXIS2_PLACEMENT_3D('',#7919,#7920,#7921);
#7919 = CARTESIAN_POINT('',(0.,0.,1.585));
#7920 = DIRECTION('',(0.,0.,1.));
#7921 = DIRECTION('',(1.,0.,-0.));
#7922 = SHELL_BASED_SURFACE_MODEL('',(#7923));
#7923 = OPEN_SHELL('',(#7924));
#7924 = ADVANCED_FACE('',(#7925),#8082,.T.);
#7925 = FACE_BOUND('',#7926,.F.);
#7926 = EDGE_LOOP('',(#7927,#7938,#7946,#7954,#7962,#7970,#7978,#7986,
    #7994,#8003,#8011,#8019,#8027,#8035,#8043,#8051,#8059,#8068,#8076));
#7927 = ORIENTED_EDGE('',*,*,#7928,.T.);
#7928 = EDGE_CURVE('',#7929,#7931,#7933,.T.);
#7929 = VERTEX_POINT('',#7930);
#7930 = CARTESIAN_POINT('',(153.971976,-107.353285,1.585));
#7931 = VERTEX_POINT('',#7932);
#7932 = CARTESIAN_POINT('',(154.06817,-107.372419,1.585));
#7933 = CIRCLE('',#7934,4.999998452109E-02);
#7934 = AXIS2_PLACEMENT_3D('',#7935,#7936,#7937);
#7935 = CARTESIAN_POINT('',(154.01817001547,-107.3724190373,1.585));
#7936 = DIRECTION('',(0.,0.,-1.));
#7937 = DIRECTION('',(-0.923880595592,0.382680865851,0.));
#7938 = ORIENTED_EDGE('',*,*,#7939,.T.);
#7939 = EDGE_CURVE('',#7931,#7940,#7942,.T.);
#7940 = VERTEX_POINT('',#7941);
#7941 = CARTESIAN_POINT('',(154.06817,-107.696279,1.585));
#7942 = LINE('',#7943,#7944);
#7943 = CARTESIAN_POINT('',(154.06817,-107.372419,1.585));
#7944 = VECTOR('',#7945,1.);
#7945 = DIRECTION('',(0.,-1.,0.));
#7946 = ORIENTED_EDGE('',*,*,#7947,.T.);
#7947 = EDGE_CURVE('',#7940,#7948,#7950,.T.);
#7948 = VERTEX_POINT('',#7949);
#7949 = CARTESIAN_POINT('',(154.149754,-107.657994,1.585));
#7950 = LINE('',#7951,#7952);
#7951 = CARTESIAN_POINT('',(154.06817,-107.696279,1.585));
#7952 = VECTOR('',#7953,1.);
#7953 = DIRECTION('',(0.90527761739,0.42482047438,0.));
#7954 = ORIENTED_EDGE('',*,*,#7955,.T.);
#7955 = EDGE_CURVE('',#7948,#7956,#7958,.T.);
#7956 = VERTEX_POINT('',#7957);
#7957 = CARTESIAN_POINT('',(154.315156,-107.657994,1.585));
#7958 = LINE('',#7959,#7960);
#7959 = CARTESIAN_POINT('',(154.149754,-107.657994,1.585));
#7960 = VECTOR('',#7961,1.);
#7961 = DIRECTION('',(1.,0.,0.));
#7962 = ORIENTED_EDGE('',*,*,#7963,.T.);
#7963 = EDGE_CURVE('',#7956,#7964,#7966,.T.);
#7964 = VERTEX_POINT('',#7965);
#7965 = CARTESIAN_POINT('',(154.431882,-107.715598,1.585));
#7966 = LINE('',#7967,#7968);
#7967 = CARTESIAN_POINT('',(154.315156,-107.657994,1.585));
#7968 = VECTOR('',#7969,1.);
#7969 = DIRECTION('',(0.896747433275,-0.442542699539,0.));
#7970 = ORIENTED_EDGE('',*,*,#7971,.T.);
#7971 = EDGE_CURVE('',#7964,#7972,#7974,.T.);
#7972 = VERTEX_POINT('',#7973);
#7973 = CARTESIAN_POINT('',(154.443843,-107.73101,1.585));
#7974 = LINE('',#7975,#7976);
#7975 = CARTESIAN_POINT('',(154.431882,-107.715598,1.585));
#7976 = VECTOR('',#7977,1.);
#7977 = DIRECTION('',(0.613106329879,-0.790000397634,0.));
#7978 = ORIENTED_EDGE('',*,*,#7979,.T.);
#7979 = EDGE_CURVE('',#7972,#7980,#7982,.T.);
#7980 = VERTEX_POINT('',#7981);
#7981 = CARTESIAN_POINT('',(154.494498,-107.837336,1.585));
#7982 = LINE('',#7983,#7984);
#7983 = CARTESIAN_POINT('',(154.443843,-107.73101,1.585));
#7984 = VECTOR('',#7985,1.);
#7985 = DIRECTION('',(0.430096717347,-0.902782816477,0.));
#7986 = ORIENTED_EDGE('',*,*,#7987,.T.);
#7987 = EDGE_CURVE('',#7980,#7988,#7990,.T.);
#7988 = VERTEX_POINT('',#7989);
#7989 = CARTESIAN_POINT('',(154.496741,-108.372419,1.585));
#7990 = LINE('',#7991,#7992);
#7991 = CARTESIAN_POINT('',(154.494498,-107.837336,1.585));
#7992 = VECTOR('',#7993,1.);
#7993 = DIRECTION('',(4.191836207615E-03,-0.999991214216,0.));
#7994 = ORIENTED_EDGE('',*,*,#7995,.T.);
#7995 = EDGE_CURVE('',#7988,#7996,#7998,.T.);
#7996 = VERTEX_POINT('',#7997);
#7997 = CARTESIAN_POINT('',(154.396741,-108.372419,1.585));
#7998 = CIRCLE('',#7999,5.000000000002E-02);
#7999 = AXIS2_PLACEMENT_3D('',#8000,#8001,#8002);
#8000 = CARTESIAN_POINT('',(154.446741,-108.3724189522,1.585));
#8001 = DIRECTION('',(-0.,0.,-1.));
#8002 = DIRECTION('',(1.,-9.542364409753E-07,-0.));
#8003 = ORIENTED_EDGE('',*,*,#8004,.T.);
#8004 = EDGE_CURVE('',#7996,#8005,#8007,.T.);
#8005 = VERTEX_POINT('',#8006);
#8006 = CARTESIAN_POINT('',(154.396741,-107.860412,1.585));
#8007 = LINE('',#8008,#8009);
#8008 = CARTESIAN_POINT('',(154.396741,-108.372419,1.585));
#8009 = VECTOR('',#8010,1.);
#8010 = DIRECTION('',(0.,1.,0.));
#8011 = ORIENTED_EDGE('',*,*,#8012,.T.);
#8012 = EDGE_CURVE('',#8005,#8013,#8015,.T.);
#8013 = VERTEX_POINT('',#8014);
#8014 = CARTESIAN_POINT('',(154.361854,-107.790638,1.585));
#8015 = LINE('',#8016,#8017);
#8016 = CARTESIAN_POINT('',(154.396741,-107.860412,1.585));
#8017 = VECTOR('',#8018,1.);
#8018 = DIRECTION('',(-0.4472135955,0.894427191,0.));
#8019 = ORIENTED_EDGE('',*,*,#8020,.T.);
#8020 = EDGE_CURVE('',#8013,#8021,#8023,.T.);
#8021 = VERTEX_POINT('',#8022);
#8022 = CARTESIAN_POINT('',(154.292081,-107.755752,1.585));
#8023 = LINE('',#8024,#8025);
#8024 = CARTESIAN_POINT('',(154.361854,-107.790638,1.585));
#8025 = VECTOR('',#8026,1.);
#8026 = DIRECTION('',(-0.894429754813,0.447208467837,0.));
#8027 = ORIENTED_EDGE('',*,*,#8028,.T.);
#8028 = EDGE_CURVE('',#8021,#8029,#8031,.T.);
#8029 = VERTEX_POINT('',#8030);
#8030 = CARTESIAN_POINT('',(154.172831,-107.755752,1.585));
#8031 = LINE('',#8032,#8033);
#8032 = CARTESIAN_POINT('',(154.292081,-107.755752,1.585));
#8033 = VECTOR('',#8034,1.);
#8034 = DIRECTION('',(-1.,0.,0.));
#8035 = ORIENTED_EDGE('',*,*,#8036,.T.);
#8036 = EDGE_CURVE('',#8029,#8037,#8039,.T.);
#8037 = VERTEX_POINT('',#8038);
#8038 = CARTESIAN_POINT('',(154.095407,-107.794463,1.585));
#8039 = LINE('',#8040,#8041);
#8040 = CARTESIAN_POINT('',(154.172831,-107.755752,1.585));
#8041 = VECTOR('',#8042,1.);
#8042 = DIRECTION('',(-0.894431811906,-0.447204353568,0.));
#8043 = ORIENTED_EDGE('',*,*,#8044,.T.);
#8044 = EDGE_CURVE('',#8037,#8045,#8047,.T.);
#8045 = VERTEX_POINT('',#8046);
#8046 = CARTESIAN_POINT('',(154.06817,-107.8217,1.585));
#8047 = LINE('',#8048,#8049);
#8048 = CARTESIAN_POINT('',(154.095407,-107.794463,1.585));
#8049 = VECTOR('',#8050,1.);
#8050 = DIRECTION('',(-0.707106781186,-0.707106781187,0.));
#8051 = ORIENTED_EDGE('',*,*,#8052,.T.);
#8052 = EDGE_CURVE('',#8045,#8053,#8055,.T.);
#8053 = VERTEX_POINT('',#8054);
#8054 = CARTESIAN_POINT('',(154.06817,-108.372419,1.585));
#8055 = LINE('',#8056,#8057);
#8056 = CARTESIAN_POINT('',(154.06817,-107.8217,1.585));
#8057 = VECTOR('',#8058,1.);
#8058 = DIRECTION('',(0.,-1.,0.));
#8059 = ORIENTED_EDGE('',*,*,#8060,.T.);
#8060 = EDGE_CURVE('',#8053,#8061,#8063,.T.);
#8061 = VERTEX_POINT('',#8062);
#8062 = CARTESIAN_POINT('',(153.96817,-108.372419,1.585));
#8063 = CIRCLE('',#8064,5.000000000004E-02);
#8064 = AXIS2_PLACEMENT_3D('',#8065,#8066,#8067);
#8065 = CARTESIAN_POINT('',(154.01817,-108.3724189522,1.585));
#8066 = DIRECTION('',(-0.,0.,-1.));
#8067 = DIRECTION('',(1.,-9.542367251918E-07,-0.));
#8068 = ORIENTED_EDGE('',*,*,#8069,.T.);
#8069 = EDGE_CURVE('',#8061,#8070,#8072,.T.);
#8070 = VERTEX_POINT('',#8071);
#8071 = CARTESIAN_POINT('',(153.96817,-107.372419,1.585));
#8072 = LINE('',#8073,#8074);
#8073 = CARTESIAN_POINT('',(153.96817,-108.372419,1.585));
#8074 = VECTOR('',#8075,1.);
#8075 = DIRECTION('',(0.,1.,0.));
#8076 = ORIENTED_EDGE('',*,*,#8077,.T.);
#8077 = EDGE_CURVE('',#8070,#7929,#8078,.T.);
#8078 = LINE('',#8079,#8080);
#8079 = CARTESIAN_POINT('',(153.96817,-107.372419,1.585));
#8080 = VECTOR('',#8081,1.);
#8081 = DIRECTION('',(0.195090852696,0.980785174844,0.));
#8082 = PLANE('',#8083);
#8083 = AXIS2_PLACEMENT_3D('',#8084,#8085,#8086);
#8084 = CARTESIAN_POINT('',(0.,0.,1.585));
#8085 = DIRECTION('',(0.,0.,1.));
#8086 = DIRECTION('',(1.,0.,-0.));
#8087 = SHELL_BASED_SURFACE_MODEL('',(#8088));
#8088 = OPEN_SHELL('',(#8089));
#8089 = ADVANCED_FACE('',(#8090),#8239,.T.);
#8090 = FACE_BOUND('',#8091,.F.);
#8091 = EDGE_LOOP('',(#8092,#8103,#8111,#8119,#8127,#8135,#8143,#8151,
    #8159,#8168,#8176,#8184,#8192,#8200,#8208,#8216,#8224,#8233));
#8092 = ORIENTED_EDGE('',*,*,#8093,.T.);
#8093 = EDGE_CURVE('',#8094,#8096,#8098,.T.);
#8094 = VERTEX_POINT('',#8095);
#8095 = CARTESIAN_POINT('',(157.539599,-107.705752,1.585));
#8096 = VERTEX_POINT('',#8097);
#8097 = CARTESIAN_POINT('',(157.637885,-107.697135,1.585));
#8098 = CIRCLE('',#8099,4.949208807805E-02);
#8099 = AXIS2_PLACEMENT_3D('',#8100,#8101,#8102);
#8100 = CARTESIAN_POINT('',(157.58908991944,-107.7054118892,1.585));
#8101 = DIRECTION('',(0.,0.,-1.));
#8102 = DIRECTION('',(-0.999976387372,-6.872022901045E-03,-0.));
#8103 = ORIENTED_EDGE('',*,*,#8104,.T.);
#8104 = EDGE_CURVE('',#8096,#8105,#8107,.T.);
#8105 = VERTEX_POINT('',#8106);
#8106 = CARTESIAN_POINT('',(157.721183,-107.657994,1.585));
#8107 = LINE('',#8108,#8109);
#8108 = CARTESIAN_POINT('',(157.637885,-107.697135,1.585));
#8109 = VECTOR('',#8110,1.);
#8110 = DIRECTION('',(0.905061593822,0.425280509062,0.));
#8111 = ORIENTED_EDGE('',*,*,#8112,.T.);
#8112 = EDGE_CURVE('',#8105,#8113,#8115,.T.);
#8113 = VERTEX_POINT('',#8114);
#8114 = CARTESIAN_POINT('',(157.877769,-107.65624,1.585));
#8115 = LINE('',#8116,#8117);
#8116 = CARTESIAN_POINT('',(157.721183,-107.657994,1.585));
#8117 = VECTOR('',#8118,1.);
#8118 = DIRECTION('',(0.999937268965,1.120080958559E-02,0.));
#8119 = ORIENTED_EDGE('',*,*,#8120,.T.);
#8120 = EDGE_CURVE('',#8113,#8121,#8123,.T.);
#8121 = VERTEX_POINT('',#8122);
#8122 = CARTESIAN_POINT('',(157.897674,-107.661031,1.585));
#8123 = LINE('',#8124,#8125);
#8124 = CARTESIAN_POINT('',(157.877769,-107.65624,1.585));
#8125 = VECTOR('',#8126,1.);
#8126 = DIRECTION('',(0.972234133225,-0.234010235231,0.));
#8127 = ORIENTED_EDGE('',*,*,#8128,.T.);
#8128 = EDGE_CURVE('',#8121,#8129,#8131,.T.);
#8129 = VERTEX_POINT('',#8130);
#8130 = CARTESIAN_POINT('',(158.005502,-107.718421,1.585));
#8131 = LINE('',#8132,#8133);
#8132 = CARTESIAN_POINT('',(157.897674,-107.661031,1.585));
#8133 = VECTOR('',#8134,1.);
#8134 = DIRECTION('',(0.882754645264,-0.469834264678,0.));
#8135 = ORIENTED_EDGE('',*,*,#8136,.T.);
#8136 = EDGE_CURVE('',#8129,#8137,#8139,.T.);
#8137 = VERTEX_POINT('',#8138);
#8138 = CARTESIAN_POINT('',(158.064364,-107.829475,1.585));
#8139 = LINE('',#8140,#8141);
#8140 = CARTESIAN_POINT('',(158.005502,-107.718421,1.585));
#8141 = VECTOR('',#8142,1.);
#8142 = DIRECTION('',(0.468314631286,-0.88356177267,0.));
#8143 = ORIENTED_EDGE('',*,*,#8144,.T.);
#8144 = EDGE_CURVE('',#8137,#8145,#8147,.T.);
#8145 = VERTEX_POINT('',#8146);
#8146 = CARTESIAN_POINT('',(158.06817,-107.848609,1.585));
#8147 = LINE('',#8148,#8149);
#8148 = CARTESIAN_POINT('',(158.064364,-107.829475,1.585));
#8149 = VECTOR('',#8150,1.);
#8150 = DIRECTION('',(0.195090852695,-0.980785174845,0.));
#8151 = ORIENTED_EDGE('',*,*,#8152,.T.);
#8152 = EDGE_CURVE('',#8145,#8153,#8155,.T.);
#8153 = VERTEX_POINT('',#8154);
#8154 = CARTESIAN_POINT('',(158.06817,-108.372419,1.585));
#8155 = LINE('',#8156,#8157);
#8156 = CARTESIAN_POINT('',(158.06817,-107.848609,1.585));
#8157 = VECTOR('',#8158,1.);
#8158 = DIRECTION('',(0.,-1.,0.));
#8159 = ORIENTED_EDGE('',*,*,#8160,.T.);
#8160 = EDGE_CURVE('',#8153,#8161,#8163,.T.);
#8161 = VERTEX_POINT('',#8162);
#8162 = CARTESIAN_POINT('',(157.96817,-108.372419,1.585));
#8163 = CIRCLE('',#8164,5.000000000004E-02);
#8164 = AXIS2_PLACEMENT_3D('',#8165,#8166,#8167);
#8165 = CARTESIAN_POINT('',(158.01817,-108.3724189522,1.585));
#8166 = DIRECTION('',(-0.,0.,-1.));
#8167 = DIRECTION('',(1.,-9.542367251918E-07,-0.));
#8168 = ORIENTED_EDGE('',*,*,#8169,.T.);
#8169 = EDGE_CURVE('',#8161,#8170,#8172,.T.);
#8170 = VERTEX_POINT('',#8171);
#8171 = CARTESIAN_POINT('',(157.96817,-107.860412,1.585));
#8172 = LINE('',#8173,#8174);
#8173 = CARTESIAN_POINT('',(157.96817,-108.372419,1.585));
#8174 = VECTOR('',#8175,1.);
#8175 = DIRECTION('',(0.,1.,0.));
#8176 = ORIENTED_EDGE('',*,*,#8177,.T.);
#8177 = EDGE_CURVE('',#8170,#8178,#8180,.T.);
#8178 = VERTEX_POINT('',#8179);
#8179 = CARTESIAN_POINT('',(157.933283,-107.790638,1.585));
#8180 = LINE('',#8181,#8182);
#8181 = CARTESIAN_POINT('',(157.96817,-107.860412,1.585));
#8182 = VECTOR('',#8183,1.);
#8183 = DIRECTION('',(-0.4472135955,0.894427191,0.));
#8184 = ORIENTED_EDGE('',*,*,#8185,.T.);
#8185 = EDGE_CURVE('',#8178,#8186,#8188,.T.);
#8186 = VERTEX_POINT('',#8187);
#8187 = CARTESIAN_POINT('',(157.86351,-107.755752,1.585));
#8188 = LINE('',#8189,#8190);
#8189 = CARTESIAN_POINT('',(157.933283,-107.790638,1.585));
#8190 = VECTOR('',#8191,1.);
#8191 = DIRECTION('',(-0.894429754813,0.447208467837,0.));
#8192 = ORIENTED_EDGE('',*,*,#8193,.T.);
#8193 = EDGE_CURVE('',#8186,#8194,#8196,.T.);
#8194 = VERTEX_POINT('',#8195);
#8195 = CARTESIAN_POINT('',(157.74426,-107.755752,1.585));
#8196 = LINE('',#8197,#8198);
#8197 = CARTESIAN_POINT('',(157.86351,-107.755752,1.585));
#8198 = VECTOR('',#8199,1.);
#8199 = DIRECTION('',(-1.,0.,0.));
#8200 = ORIENTED_EDGE('',*,*,#8201,.T.);
#8201 = EDGE_CURVE('',#8194,#8202,#8204,.T.);
#8202 = VERTEX_POINT('',#8203);
#8203 = CARTESIAN_POINT('',(157.666836,-107.794463,1.585));
#8204 = LINE('',#8205,#8206);
#8205 = CARTESIAN_POINT('',(157.74426,-107.755752,1.585));
#8206 = VECTOR('',#8207,1.);
#8207 = DIRECTION('',(-0.894431811906,-0.447204353568,0.));
#8208 = ORIENTED_EDGE('',*,*,#8209,.T.);
#8209 = EDGE_CURVE('',#8202,#8210,#8212,.T.);
#8210 = VERTEX_POINT('',#8211);
#8211 = CARTESIAN_POINT('',(157.639599,-107.8217,1.585));
#8212 = LINE('',#8213,#8214);
#8213 = CARTESIAN_POINT('',(157.666836,-107.794463,1.585));
#8214 = VECTOR('',#8215,1.);
#8215 = DIRECTION('',(-0.707106781186,-0.707106781187,0.));
#8216 = ORIENTED_EDGE('',*,*,#8217,.T.);
#8217 = EDGE_CURVE('',#8210,#8218,#8220,.T.);
#8218 = VERTEX_POINT('',#8219);
#8219 = CARTESIAN_POINT('',(157.639599,-108.372419,1.585));
#8220 = LINE('',#8221,#8222);
#8221 = CARTESIAN_POINT('',(157.639599,-107.8217,1.585));
#8222 = VECTOR('',#8223,1.);
#8223 = DIRECTION('',(0.,-1.,0.));
#8224 = ORIENTED_EDGE('',*,*,#8225,.T.);
#8225 = EDGE_CURVE('',#8218,#8226,#8228,.T.);
#8226 = VERTEX_POINT('',#8227);
#8227 = CARTESIAN_POINT('',(157.539599,-108.372419,1.585));
#8228 = CIRCLE('',#8229,5.000000000003E-02);
#8229 = AXIS2_PLACEMENT_3D('',#8230,#8231,#8232);
#8230 = CARTESIAN_POINT('',(157.589599,-108.3724189522,1.585));
#8231 = DIRECTION('',(-0.,0.,-1.));
#8232 = DIRECTION('',(1.,-9.542367251918E-07,-0.));
#8233 = ORIENTED_EDGE('',*,*,#8234,.T.);
#8234 = EDGE_CURVE('',#8226,#8094,#8235,.T.);
#8235 = LINE('',#8236,#8237);
#8236 = CARTESIAN_POINT('',(157.539599,-108.372419,1.585));
#8237 = VECTOR('',#8238,1.);
#8238 = DIRECTION('',(0.,1.,0.));
#8239 = PLANE('',#8240);
#8240 = AXIS2_PLACEMENT_3D('',#8241,#8242,#8243);
#8241 = CARTESIAN_POINT('',(0.,0.,1.585));
#8242 = DIRECTION('',(0.,0.,1.));
#8243 = DIRECTION('',(1.,0.,-0.));
#8244 = SHELL_BASED_SURFACE_MODEL('',(#8245));
#8245 = OPEN_SHELL('',(#8246));
#8246 = ADVANCED_FACE('',(#8247),#8396,.T.);
#8247 = FACE_BOUND('',#8248,.F.);
#8248 = EDGE_LOOP('',(#8249,#8260,#8268,#8276,#8284,#8292,#8300,#8308,
    #8316,#8325,#8333,#8341,#8349,#8357,#8365,#8373,#8381,#8390));
#8249 = ORIENTED_EDGE('',*,*,#8250,.T.);
#8250 = EDGE_CURVE('',#8251,#8253,#8255,.T.);
#8251 = VERTEX_POINT('',#8252);
#8252 = CARTESIAN_POINT('',(158.444361,-107.705752,1.585));
#8253 = VERTEX_POINT('',#8254);
#8254 = CARTESIAN_POINT('',(158.542647,-107.697135,1.585));
#8255 = CIRCLE('',#8256,4.949208807806E-02);
#8256 = AXIS2_PLACEMENT_3D('',#8257,#8258,#8259);
#8257 = CARTESIAN_POINT('',(158.49385191944,-107.7054118892,1.585));
#8258 = DIRECTION('',(0.,0.,-1.));
#8259 = DIRECTION('',(-0.999976387372,-6.872022900754E-03,-0.));
#8260 = ORIENTED_EDGE('',*,*,#8261,.T.);
#8261 = EDGE_CURVE('',#8253,#8262,#8264,.T.);
#8262 = VERTEX_POINT('',#8263);
#8263 = CARTESIAN_POINT('',(158.625945,-107.657994,1.585));
#8264 = LINE('',#8265,#8266);
#8265 = CARTESIAN_POINT('',(158.542647,-107.697135,1.585));
#8266 = VECTOR('',#8267,1.);
#8267 = DIRECTION('',(0.905061593822,0.425280509061,0.));
#8268 = ORIENTED_EDGE('',*,*,#8269,.T.);
#8269 = EDGE_CURVE('',#8262,#8270,#8272,.T.);
#8270 = VERTEX_POINT('',#8271);
#8271 = CARTESIAN_POINT('',(158.782531,-107.65624,1.585));
#8272 = LINE('',#8273,#8274);
#8273 = CARTESIAN_POINT('',(158.625945,-107.657994,1.585));
#8274 = VECTOR('',#8275,1.);
#8275 = DIRECTION('',(0.999937268965,1.120080958559E-02,0.));
#8276 = ORIENTED_EDGE('',*,*,#8277,.T.);
#8277 = EDGE_CURVE('',#8270,#8278,#8280,.T.);
#8278 = VERTEX_POINT('',#8279);
#8279 = CARTESIAN_POINT('',(158.802436,-107.661031,1.585));
#8280 = LINE('',#8281,#8282);
#8281 = CARTESIAN_POINT('',(158.782531,-107.65624,1.585));
#8282 = VECTOR('',#8283,1.);
#8283 = DIRECTION('',(0.972234133225,-0.234010235231,0.));
#8284 = ORIENTED_EDGE('',*,*,#8285,.T.);
#8285 = EDGE_CURVE('',#8278,#8286,#8288,.T.);
#8286 = VERTEX_POINT('',#8287);
#8287 = CARTESIAN_POINT('',(158.910264,-107.718421,1.585));
#8288 = LINE('',#8289,#8290);
#8289 = CARTESIAN_POINT('',(158.802436,-107.661031,1.585));
#8290 = VECTOR('',#8291,1.);
#8291 = DIRECTION('',(0.882754645264,-0.469834264678,0.));
#8292 = ORIENTED_EDGE('',*,*,#8293,.T.);
#8293 = EDGE_CURVE('',#8286,#8294,#8296,.T.);
#8294 = VERTEX_POINT('',#8295);
#8295 = CARTESIAN_POINT('',(158.969126,-107.829475,1.585));
#8296 = LINE('',#8297,#8298);
#8297 = CARTESIAN_POINT('',(158.910264,-107.718421,1.585));
#8298 = VECTOR('',#8299,1.);
#8299 = DIRECTION('',(0.468314631286,-0.88356177267,0.));
#8300 = ORIENTED_EDGE('',*,*,#8301,.T.);
#8301 = EDGE_CURVE('',#8294,#8302,#8304,.T.);
#8302 = VERTEX_POINT('',#8303);
#8303 = CARTESIAN_POINT('',(158.972932,-107.848609,1.585));
#8304 = LINE('',#8305,#8306);
#8305 = CARTESIAN_POINT('',(158.969126,-107.829475,1.585));
#8306 = VECTOR('',#8307,1.);
#8307 = DIRECTION('',(0.195090852695,-0.980785174845,0.));
#8308 = ORIENTED_EDGE('',*,*,#8309,.T.);
#8309 = EDGE_CURVE('',#8302,#8310,#8312,.T.);
#8310 = VERTEX_POINT('',#8311);
#8311 = CARTESIAN_POINT('',(158.972932,-108.372419,1.585));
#8312 = LINE('',#8313,#8314);
#8313 = CARTESIAN_POINT('',(158.972932,-107.848609,1.585));
#8314 = VECTOR('',#8315,1.);
#8315 = DIRECTION('',(0.,-1.,0.));
#8316 = ORIENTED_EDGE('',*,*,#8317,.T.);
#8317 = EDGE_CURVE('',#8310,#8318,#8320,.T.);
#8318 = VERTEX_POINT('',#8319);
#8319 = CARTESIAN_POINT('',(158.872932,-108.372419,1.585));
#8320 = CIRCLE('',#8321,5.000000000002E-02);
#8321 = AXIS2_PLACEMENT_3D('',#8322,#8323,#8324);
#8322 = CARTESIAN_POINT('',(158.922932,-108.3724189522,1.585));
#8323 = DIRECTION('',(-0.,0.,-1.));
#8324 = DIRECTION('',(1.,-9.542361567576E-07,-0.));
#8325 = ORIENTED_EDGE('',*,*,#8326,.T.);
#8326 = EDGE_CURVE('',#8318,#8327,#8329,.T.);
#8327 = VERTEX_POINT('',#8328);
#8328 = CARTESIAN_POINT('',(158.872932,-107.860412,1.585));
#8329 = LINE('',#8330,#8331);
#8330 = CARTESIAN_POINT('',(158.872932,-108.372419,1.585));
#8331 = VECTOR('',#8332,1.);
#8332 = DIRECTION('',(0.,1.,0.));
#8333 = ORIENTED_EDGE('',*,*,#8334,.T.);
#8334 = EDGE_CURVE('',#8327,#8335,#8337,.T.);
#8335 = VERTEX_POINT('',#8336);
#8336 = CARTESIAN_POINT('',(158.838045,-107.790638,1.585));
#8337 = LINE('',#8338,#8339);
#8338 = CARTESIAN_POINT('',(158.872932,-107.860412,1.585));
#8339 = VECTOR('',#8340,1.);
#8340 = DIRECTION('',(-0.4472135955,0.894427191,0.));
#8341 = ORIENTED_EDGE('',*,*,#8342,.T.);
#8342 = EDGE_CURVE('',#8335,#8343,#8345,.T.);
#8343 = VERTEX_POINT('',#8344);
#8344 = CARTESIAN_POINT('',(158.768272,-107.755752,1.585));
#8345 = LINE('',#8346,#8347);
#8346 = CARTESIAN_POINT('',(158.838045,-107.790638,1.585));
#8347 = VECTOR('',#8348,1.);
#8348 = DIRECTION('',(-0.894429754813,0.447208467837,0.));
#8349 = ORIENTED_EDGE('',*,*,#8350,.T.);
#8350 = EDGE_CURVE('',#8343,#8351,#8353,.T.);
#8351 = VERTEX_POINT('',#8352);
#8352 = CARTESIAN_POINT('',(158.649022,-107.755752,1.585));
#8353 = LINE('',#8354,#8355);
#8354 = CARTESIAN_POINT('',(158.768272,-107.755752,1.585));
#8355 = VECTOR('',#8356,1.);
#8356 = DIRECTION('',(-1.,0.,0.));
#8357 = ORIENTED_EDGE('',*,*,#8358,.T.);
#8358 = EDGE_CURVE('',#8351,#8359,#8361,.T.);
#8359 = VERTEX_POINT('',#8360);
#8360 = CARTESIAN_POINT('',(158.571598,-107.794463,1.585));
#8361 = LINE('',#8362,#8363);
#8362 = CARTESIAN_POINT('',(158.649022,-107.755752,1.585));
#8363 = VECTOR('',#8364,1.);
#8364 = DIRECTION('',(-0.894431811906,-0.447204353568,0.));
#8365 = ORIENTED_EDGE('',*,*,#8366,.T.);
#8366 = EDGE_CURVE('',#8359,#8367,#8369,.T.);
#8367 = VERTEX_POINT('',#8368);
#8368 = CARTESIAN_POINT('',(158.544361,-107.8217,1.585));
#8369 = LINE('',#8370,#8371);
#8370 = CARTESIAN_POINT('',(158.571598,-107.794463,1.585));
#8371 = VECTOR('',#8372,1.);
#8372 = DIRECTION('',(-0.707106781186,-0.707106781187,0.));
#8373 = ORIENTED_EDGE('',*,*,#8374,.T.);
#8374 = EDGE_CURVE('',#8367,#8375,#8377,.T.);
#8375 = VERTEX_POINT('',#8376);
#8376 = CARTESIAN_POINT('',(158.544361,-108.372419,1.585));
#8377 = LINE('',#8378,#8379);
#8378 = CARTESIAN_POINT('',(158.544361,-107.8217,1.585));
#8379 = VECTOR('',#8380,1.);
#8380 = DIRECTION('',(0.,-1.,0.));
#8381 = ORIENTED_EDGE('',*,*,#8382,.T.);
#8382 = EDGE_CURVE('',#8375,#8383,#8385,.T.);
#8383 = VERTEX_POINT('',#8384);
#8384 = CARTESIAN_POINT('',(158.444361,-108.372419,1.585));
#8385 = CIRCLE('',#8386,5.000000000004E-02);
#8386 = AXIS2_PLACEMENT_3D('',#8387,#8388,#8389);
#8387 = CARTESIAN_POINT('',(158.494361,-108.3724189522,1.585));
#8388 = DIRECTION('',(-0.,0.,-1.));
#8389 = DIRECTION('',(1.,-9.542367251918E-07,-0.));
#8390 = ORIENTED_EDGE('',*,*,#8391,.T.);
#8391 = EDGE_CURVE('',#8383,#8251,#8392,.T.);
#8392 = LINE('',#8393,#8394);
#8393 = CARTESIAN_POINT('',(158.444361,-108.372419,1.585));
#8394 = VECTOR('',#8395,1.);
#8395 = DIRECTION('',(0.,1.,0.));
#8396 = PLANE('',#8397);
#8397 = AXIS2_PLACEMENT_3D('',#8398,#8399,#8400);
#8398 = CARTESIAN_POINT('',(0.,0.,1.585));
#8399 = DIRECTION('',(0.,0.,1.));
#8400 = DIRECTION('',(1.,0.,-0.));
#8401 = SHELL_BASED_SURFACE_MODEL('',(#8402));
#8402 = OPEN_SHELL('',(#8403));
#8403 = ADVANCED_FACE('',(#8404),#8498,.T.);
#8404 = FACE_BOUND('',#8405,.F.);
#8405 = EDGE_LOOP('',(#8406,#8416,#8424,#8433,#8441,#8450,#8458,#8467,
    #8475,#8484,#8492));
#8406 = ORIENTED_EDGE('',*,*,#8407,.T.);
#8407 = EDGE_CURVE('',#8408,#8410,#8412,.T.);
#8408 = VERTEX_POINT('',#8409);
#8409 = CARTESIAN_POINT('',(162.662477,-107.70865,1.585));
#8410 = VERTEX_POINT('',#8411);
#8411 = CARTESIAN_POINT('',(162.768803,-107.657994,1.585));
#8412 = LINE('',#8413,#8414);
#8413 = CARTESIAN_POINT('',(162.662477,-107.70865,1.585));
#8414 = VECTOR('',#8415,1.);
#8415 = DIRECTION('',(0.902779519658,0.430103637378,0.));
#8416 = ORIENTED_EDGE('',*,*,#8417,.T.);
#8417 = EDGE_CURVE('',#8410,#8418,#8420,.T.);
#8418 = VERTEX_POINT('',#8419);
#8419 = CARTESIAN_POINT('',(162.875314,-107.655752,1.585));
#8420 = LINE('',#8421,#8422);
#8421 = CARTESIAN_POINT('',(162.768803,-107.657994,1.585));
#8422 = VECTOR('',#8423,1.);
#8423 = DIRECTION('',(0.999778533519,2.104480731703E-02,0.));
#8424 = ORIENTED_EDGE('',*,*,#8425,.T.);
#8425 = EDGE_CURVE('',#8418,#8426,#8428,.T.);
#8426 = VERTEX_POINT('',#8427);
#8427 = CARTESIAN_POINT('',(162.875314,-107.755752,1.585));
#8428 = CIRCLE('',#8429,5.000000000001E-02);
#8429 = AXIS2_PLACEMENT_3D('',#8430,#8431,#8432);
#8430 = CARTESIAN_POINT('',(162.87531395228,-107.705752,1.585));
#8431 = DIRECTION('',(0.,0.,-1.));
#8432 = DIRECTION('',(9.542361567579E-07,1.,0.));
#8433 = ORIENTED_EDGE('',*,*,#8434,.T.);
#8434 = EDGE_CURVE('',#8426,#8435,#8437,.T.);
#8435 = VERTEX_POINT('',#8436);
#8436 = CARTESIAN_POINT('',(162.79188,-107.755752,1.585));
#8437 = LINE('',#8438,#8439);
#8438 = CARTESIAN_POINT('',(162.875314,-107.755752,1.585));
#8439 = VECTOR('',#8440,1.);
#8440 = DIRECTION('',(-1.,0.,0.));
#8441 = ORIENTED_EDGE('',*,*,#8442,.T.);
#8442 = EDGE_CURVE('',#8435,#8443,#8445,.T.);
#8443 = VERTEX_POINT('',#8444);
#8444 = CARTESIAN_POINT('',(162.6396,-107.908031,1.585));
#8445 = CIRCLE('',#8446,0.215060043145);
#8446 = AXIS2_PLACEMENT_3D('',#8447,#8448,#8449);
#8447 = CARTESIAN_POINT('',(162.84737599719,-107.9635283616,1.585));
#8448 = DIRECTION('',(0.,0.,1.));
#8449 = DIRECTION('',(-0.258048851759,0.966131869936,0.));
#8450 = ORIENTED_EDGE('',*,*,#8451,.T.);
#8451 = EDGE_CURVE('',#8443,#8452,#8454,.T.);
#8452 = VERTEX_POINT('',#8453);
#8453 = CARTESIAN_POINT('',(162.6396,-108.372419,1.585));
#8454 = LINE('',#8455,#8456);
#8455 = CARTESIAN_POINT('',(162.6396,-107.908031,1.585));
#8456 = VECTOR('',#8457,1.);
#8457 = DIRECTION('',(0.,-1.,0.));
#8458 = ORIENTED_EDGE('',*,*,#8459,.T.);
#8459 = EDGE_CURVE('',#8452,#8460,#8462,.T.);
#8460 = VERTEX_POINT('',#8461);
#8461 = CARTESIAN_POINT('',(162.5396,-108.372419,1.585));
#8462 = CIRCLE('',#8463,5.000000000003E-02);
#8463 = AXIS2_PLACEMENT_3D('',#8464,#8465,#8466);
#8464 = CARTESIAN_POINT('',(162.5896,-108.3724189522,1.585));
#8465 = DIRECTION('',(-0.,0.,-1.));
#8466 = DIRECTION('',(1.,-9.542367251918E-07,-0.));
#8467 = ORIENTED_EDGE('',*,*,#8468,.T.);
#8468 = EDGE_CURVE('',#8460,#8469,#8471,.T.);
#8469 = VERTEX_POINT('',#8470);
#8470 = CARTESIAN_POINT('',(162.5396,-107.705752,1.585));
#8471 = LINE('',#8472,#8473);
#8472 = CARTESIAN_POINT('',(162.5396,-108.372419,1.585));
#8473 = VECTOR('',#8474,1.);
#8474 = DIRECTION('',(0.,1.,0.));
#8475 = ORIENTED_EDGE('',*,*,#8476,.T.);
#8476 = EDGE_CURVE('',#8469,#8477,#8479,.T.);
#8477 = VERTEX_POINT('',#8478);
#8478 = CARTESIAN_POINT('',(162.635794,-107.686618,1.585));
#8479 = CIRCLE('',#8480,4.99999845211E-02);
#8480 = AXIS2_PLACEMENT_3D('',#8481,#8482,#8483);
#8481 = CARTESIAN_POINT('',(162.58959998452,-107.7057520373,1.585));
#8482 = DIRECTION('',(0.,0.,-1.));
#8483 = DIRECTION('',(-1.,7.473823342455E-07,0.));
#8484 = ORIENTED_EDGE('',*,*,#8485,.T.);
#8485 = EDGE_CURVE('',#8477,#8486,#8488,.T.);
#8486 = VERTEX_POINT('',#8487);
#8487 = CARTESIAN_POINT('',(162.6396,-107.727898,1.585));
#8488 = LINE('',#8489,#8490);
#8489 = CARTESIAN_POINT('',(162.635794,-107.686618,1.585));
#8490 = VECTOR('',#8491,1.);
#8491 = DIRECTION('',(9.18102095378E-02,-0.995776523837,0.));
#8492 = ORIENTED_EDGE('',*,*,#8493,.T.);
#8493 = EDGE_CURVE('',#8486,#8408,#8494,.T.);
#8494 = LINE('',#8495,#8496);
#8495 = CARTESIAN_POINT('',(162.6396,-107.727898,1.585));
#8496 = VECTOR('',#8497,1.);
#8497 = DIRECTION('',(0.765188685434,0.643806085467,0.));
#8498 = PLANE('',#8499);
#8499 = AXIS2_PLACEMENT_3D('',#8500,#8501,#8502);
#8500 = CARTESIAN_POINT('',(0.,0.,1.585));
#8501 = DIRECTION('',(0.,0.,1.));
#8502 = DIRECTION('',(1.,0.,-0.));
#8503 = SHELL_BASED_SURFACE_MODEL('',(#8504));
#8504 = OPEN_SHELL('',(#8505));
#8505 = ADVANCED_FACE('',(#8506),#8600,.T.);
#8506 = FACE_BOUND('',#8507,.F.);
#8507 = EDGE_LOOP('',(#8508,#8518,#8526,#8535,#8543,#8552,#8560,#8569,
    #8577,#8586,#8594));
#8508 = ORIENTED_EDGE('',*,*,#8509,.T.);
#8509 = EDGE_CURVE('',#8510,#8512,#8514,.T.);
#8510 = VERTEX_POINT('',#8511);
#8511 = CARTESIAN_POINT('',(173.61486,-107.70865,1.585));
#8512 = VERTEX_POINT('',#8513);
#8513 = CARTESIAN_POINT('',(173.721186,-107.657994,1.585));
#8514 = LINE('',#8515,#8516);
#8515 = CARTESIAN_POINT('',(173.61486,-107.70865,1.585));
#8516 = VECTOR('',#8517,1.);
#8517 = DIRECTION('',(0.902779519658,0.430103637378,0.));
#8518 = ORIENTED_EDGE('',*,*,#8519,.T.);
#8519 = EDGE_CURVE('',#8512,#8520,#8522,.T.);
#8520 = VERTEX_POINT('',#8521);
#8521 = CARTESIAN_POINT('',(173.827697,-107.655752,1.585));
#8522 = LINE('',#8523,#8524);
#8523 = CARTESIAN_POINT('',(173.721186,-107.657994,1.585));
#8524 = VECTOR('',#8525,1.);
#8525 = DIRECTION('',(0.999778533519,2.104480731703E-02,0.));
#8526 = ORIENTED_EDGE('',*,*,#8527,.T.);
#8527 = EDGE_CURVE('',#8520,#8528,#8530,.T.);
#8528 = VERTEX_POINT('',#8529);
#8529 = CARTESIAN_POINT('',(173.827697,-107.755752,1.585));
#8530 = CIRCLE('',#8531,5.000000000001E-02);
#8531 = AXIS2_PLACEMENT_3D('',#8532,#8533,#8534);
#8532 = CARTESIAN_POINT('',(173.82769695228,-107.705752,1.585));
#8533 = DIRECTION('',(0.,0.,-1.));
#8534 = DIRECTION('',(9.542361567579E-07,1.,0.));
#8535 = ORIENTED_EDGE('',*,*,#8536,.T.);
#8536 = EDGE_CURVE('',#8528,#8537,#8539,.T.);
#8537 = VERTEX_POINT('',#8538);
#8538 = CARTESIAN_POINT('',(173.744263,-107.755752,1.585));
#8539 = LINE('',#8540,#8541);
#8540 = CARTESIAN_POINT('',(173.827697,-107.755752,1.585));
#8541 = VECTOR('',#8542,1.);
#8542 = DIRECTION('',(-1.,0.,0.));
#8543 = ORIENTED_EDGE('',*,*,#8544,.T.);
#8544 = EDGE_CURVE('',#8537,#8545,#8547,.T.);
#8545 = VERTEX_POINT('',#8546);
#8546 = CARTESIAN_POINT('',(173.591983,-107.908031,1.585));
#8547 = CIRCLE('',#8548,0.215060043145);
#8548 = AXIS2_PLACEMENT_3D('',#8549,#8550,#8551);
#8549 = CARTESIAN_POINT('',(173.79975899719,-107.9635283616,1.585));
#8550 = DIRECTION('',(0.,0.,1.));
#8551 = DIRECTION('',(-0.258048851759,0.966131869936,0.));
#8552 = ORIENTED_EDGE('',*,*,#8553,.T.);
#8553 = EDGE_CURVE('',#8545,#8554,#8556,.T.);
#8554 = VERTEX_POINT('',#8555);
#8555 = CARTESIAN_POINT('',(173.591983,-108.372419,1.585));
#8556 = LINE('',#8557,#8558);
#8557 = CARTESIAN_POINT('',(173.591983,-107.908031,1.585));
#8558 = VECTOR('',#8559,1.);
#8559 = DIRECTION('',(0.,-1.,0.));
#8560 = ORIENTED_EDGE('',*,*,#8561,.T.);
#8561 = EDGE_CURVE('',#8554,#8562,#8564,.T.);
#8562 = VERTEX_POINT('',#8563);
#8563 = CARTESIAN_POINT('',(173.491983,-108.372419,1.585));
#8564 = CIRCLE('',#8565,5.000000000003E-02);
#8565 = AXIS2_PLACEMENT_3D('',#8566,#8567,#8568);
#8566 = CARTESIAN_POINT('',(173.541983,-108.3724189522,1.585));
#8567 = DIRECTION('',(-0.,0.,-1.));
#8568 = DIRECTION('',(1.,-9.542367251918E-07,-0.));
#8569 = ORIENTED_EDGE('',*,*,#8570,.T.);
#8570 = EDGE_CURVE('',#8562,#8571,#8573,.T.);
#8571 = VERTEX_POINT('',#8572);
#8572 = CARTESIAN_POINT('',(173.491983,-107.705752,1.585));
#8573 = LINE('',#8574,#8575);
#8574 = CARTESIAN_POINT('',(173.491983,-108.372419,1.585));
#8575 = VECTOR('',#8576,1.);
#8576 = DIRECTION('',(0.,1.,0.));
#8577 = ORIENTED_EDGE('',*,*,#8578,.T.);
#8578 = EDGE_CURVE('',#8571,#8579,#8581,.T.);
#8579 = VERTEX_POINT('',#8580);
#8580 = CARTESIAN_POINT('',(173.588177,-107.686618,1.585));
#8581 = CIRCLE('',#8582,4.99999845211E-02);
#8582 = AXIS2_PLACEMENT_3D('',#8583,#8584,#8585);
#8583 = CARTESIAN_POINT('',(173.54198298452,-107.7057520373,1.585));
#8584 = DIRECTION('',(0.,0.,-1.));
#8585 = DIRECTION('',(-1.,7.473823342455E-07,0.));
#8586 = ORIENTED_EDGE('',*,*,#8587,.T.);
#8587 = EDGE_CURVE('',#8579,#8588,#8590,.T.);
#8588 = VERTEX_POINT('',#8589);
#8589 = CARTESIAN_POINT('',(173.591983,-107.727898,1.585));
#8590 = LINE('',#8591,#8592);
#8591 = CARTESIAN_POINT('',(173.588177,-107.686618,1.585));
#8592 = VECTOR('',#8593,1.);
#8593 = DIRECTION('',(9.18102095378E-02,-0.995776523837,0.));
#8594 = ORIENTED_EDGE('',*,*,#8595,.T.);
#8595 = EDGE_CURVE('',#8588,#8510,#8596,.T.);
#8596 = LINE('',#8597,#8598);
#8597 = CARTESIAN_POINT('',(173.591983,-107.727898,1.585));
#8598 = VECTOR('',#8599,1.);
#8599 = DIRECTION('',(0.765188685434,0.643806085467,0.));
#8600 = PLANE('',#8601);
#8601 = AXIS2_PLACEMENT_3D('',#8602,#8603,#8604);
#8602 = CARTESIAN_POINT('',(0.,0.,1.585));
#8603 = DIRECTION('',(0.,0.,1.));
#8604 = DIRECTION('',(1.,0.,-0.));
#8605 = SHELL_BASED_SURFACE_MODEL('',(#8606));
#8606 = OPEN_SHELL('',(#8607));
#8607 = ADVANCED_FACE('',(#8608),#8808,.T.);
#8608 = FACE_BOUND('',#8609,.F.);
#8609 = EDGE_LOOP('',(#8610,#8621,#8629,#8637,#8645,#8653,#8661,#8669,
    #8677,#8686,#8694,#8703,#8711,#8720,#8728,#8737,#8745,#8754,#8762,
    #8770,#8778,#8786,#8794,#8802));
#8610 = ORIENTED_EDGE('',*,*,#8611,.T.);
#8611 = EDGE_CURVE('',#8612,#8614,#8616,.T.);
#8612 = VERTEX_POINT('',#8613);
#8613 = CARTESIAN_POINT('',(126.708646,-106.422419,1.585));
#8614 = VERTEX_POINT('',#8615);
#8615 = CARTESIAN_POINT('',(126.708646,-106.322419,1.585));
#8616 = CIRCLE('',#8617,5.000000000003E-02);
#8617 = AXIS2_PLACEMENT_3D('',#8618,#8619,#8620);
#8618 = CARTESIAN_POINT('',(126.70864604771,-106.372419,1.585));
#8619 = DIRECTION('',(0.,0.,-1.));
#8620 = DIRECTION('',(-9.542367251921E-07,-1.,-0.));
#8621 = ORIENTED_EDGE('',*,*,#8622,.T.);
#8622 = EDGE_CURVE('',#8614,#8623,#8625,.T.);
#8623 = VERTEX_POINT('',#8624);
#8624 = CARTESIAN_POINT('',(127.341639,-106.325193,1.585));
#8625 = LINE('',#8626,#8627);
#8626 = CARTESIAN_POINT('',(126.708646,-106.322419,1.585));
#8627 = VECTOR('',#8628,1.);
#8628 = DIRECTION('',(0.999990397621,-4.382312858124E-03,0.));
#8629 = ORIENTED_EDGE('',*,*,#8630,.T.);
#8630 = EDGE_CURVE('',#8623,#8631,#8633,.T.);
#8631 = VERTEX_POINT('',#8632);
#8632 = CARTESIAN_POINT('',(127.373887,-106.353285,1.585));
#8633 = LINE('',#8634,#8635);
#8634 = CARTESIAN_POINT('',(127.341639,-106.325193,1.585));
#8635 = VECTOR('',#8636,1.);
#8636 = DIRECTION('',(0.754023317734,-0.656847650763,0.));
#8637 = ORIENTED_EDGE('',*,*,#8638,.T.);
#8638 = EDGE_CURVE('',#8631,#8639,#8641,.T.);
#8639 = VERTEX_POINT('',#8640);
#8640 = CARTESIAN_POINT('',(127.372416,-106.393023,1.585));
#8641 = LINE('',#8642,#8643);
#8642 = CARTESIAN_POINT('',(127.373887,-106.353285,1.585));
#8643 = VECTOR('',#8644,1.);
#8644 = DIRECTION('',(-3.699212804727E-02,-0.999315557,0.));
#8645 = ORIENTED_EDGE('',*,*,#8646,.T.);
#8646 = EDGE_CURVE('',#8639,#8647,#8649,.T.);
#8647 = VERTEX_POINT('',#8648);
#8648 = CARTESIAN_POINT('',(127.104548,-106.703371,1.585));
#8649 = LINE('',#8650,#8651);
#8650 = CARTESIAN_POINT('',(127.372416,-106.393023,1.585));
#8651 = VECTOR('',#8652,1.);
#8652 = DIRECTION('',(-0.653396551093,-0.757015816889,0.));
#8653 = ORIENTED_EDGE('',*,*,#8654,.T.);
#8654 = EDGE_CURVE('',#8647,#8655,#8657,.T.);
#8655 = VERTEX_POINT('',#8656);
#8656 = CARTESIAN_POINT('',(127.156351,-106.707177,1.585));
#8657 = LINE('',#8658,#8659);
#8658 = CARTESIAN_POINT('',(127.104548,-106.703371,1.585));
#8659 = VECTOR('',#8660,1.);
#8660 = DIRECTION('',(0.997311909634,-7.327315267576E-02,0.));
#8661 = ORIENTED_EDGE('',*,*,#8662,.T.);
#8662 = EDGE_CURVE('',#8655,#8663,#8665,.T.);
#8663 = VERTEX_POINT('',#8664);
#8664 = CARTESIAN_POINT('',(127.26781,-106.765635,1.585));
#8665 = LINE('',#8666,#8667);
#8666 = CARTESIAN_POINT('',(127.156351,-106.707177,1.585));
#8667 = VECTOR('',#8668,1.);
#8668 = DIRECTION('',(0.885587409554,-0.464472754894,0.));
#8669 = ORIENTED_EDGE('',*,*,#8670,.T.);
#8670 = EDGE_CURVE('',#8663,#8671,#8673,.T.);
#8671 = VERTEX_POINT('',#8672);
#8672 = CARTESIAN_POINT('',(127.324795,-106.826248,1.585));
#8673 = LINE('',#8674,#8675);
#8674 = CARTESIAN_POINT('',(127.26781,-106.765635,1.585));
#8675 = VECTOR('',#8676,1.);
#8676 = DIRECTION('',(0.68496603593,-0.728574999312,0.));
#8677 = ORIENTED_EDGE('',*,*,#8678,.T.);
#8678 = EDGE_CURVE('',#8671,#8679,#8681,.T.);
#8679 = VERTEX_POINT('',#8680);
#8680 = CARTESIAN_POINT('',(127.31543,-107.312535,1.585));
#8681 = CIRCLE('',#8682,0.42989777466);
#8682 = AXIS2_PLACEMENT_3D('',#8683,#8684,#8685);
#8683 = CARTESIAN_POINT('',(126.96567658496,-107.0625657112,1.585));
#8684 = DIRECTION('',(0.,0.,-1.));
#8685 = DIRECTION('',(0.835357697115,0.549706756253,0.));
#8686 = ORIENTED_EDGE('',*,*,#8687,.T.);
#8687 = EDGE_CURVE('',#8679,#8688,#8690,.T.);
#8688 = VERTEX_POINT('',#8689);
#8689 = CARTESIAN_POINT('',(127.254815,-107.369522,1.585));
#8690 = LINE('',#8691,#8692);
#8691 = CARTESIAN_POINT('',(127.31543,-107.312535,1.585));
#8692 = VECTOR('',#8693,1.);
#8693 = DIRECTION('',(-0.728574281239,-0.684966799719,0.));
#8694 = ORIENTED_EDGE('',*,*,#8695,.T.);
#8695 = EDGE_CURVE('',#8688,#8696,#8698,.T.);
#8696 = VERTEX_POINT('',#8697);
#8697 = CARTESIAN_POINT('',(126.720909,-107.360155,1.585));
#8698 = CIRCLE('',#8699,0.484201554455);
#8699 = AXIS2_PLACEMENT_3D('',#8700,#8701,#8702);
#8700 = CARTESIAN_POINT('',(126.99494770064,-106.960963397,1.585));
#8701 = DIRECTION('',(-0.,0.,-1.));
#8702 = DIRECTION('',(0.536692410345,-0.843777966457,-0.));
#8703 = ORIENTED_EDGE('',*,*,#8704,.T.);
#8704 = EDGE_CURVE('',#8696,#8705,#8707,.T.);
#8705 = VERTEX_POINT('',#8706);
#8706 = CARTESIAN_POINT('',(126.662452,-107.296314,1.585));
#8707 = LINE('',#8708,#8709);
#8708 = CARTESIAN_POINT('',(126.720909,-107.360155,1.585));
#8709 = VECTOR('',#8710,1.);
#8710 = DIRECTION('',(-0.675323286832,0.737521835787,0.));
#8711 = ORIENTED_EDGE('',*,*,#8712,.T.);
#8712 = EDGE_CURVE('',#8705,#8713,#8715,.T.);
#8713 = VERTEX_POINT('',#8714);
#8714 = CARTESIAN_POINT('',(126.727781,-107.230986,1.585));
#8715 = CIRCLE('',#8716,4.999995592927E-02);
#8716 = AXIS2_PLACEMENT_3D('',#8717,#8718,#8719);
#8717 = CARTESIAN_POINT('',(126.7086457929,-107.2771795,1.585));
#8718 = DIRECTION('',(0.,0.,-1.));
#8719 = DIRECTION('',(-0.92387667236,-0.382690337309,-0.));
#8720 = ORIENTED_EDGE('',*,*,#8721,.T.);
#8721 = EDGE_CURVE('',#8713,#8722,#8724,.T.);
#8722 = VERTEX_POINT('',#8723);
#8723 = CARTESIAN_POINT('',(126.785884,-107.283708,1.585));
#8724 = LINE('',#8725,#8726);
#8725 = CARTESIAN_POINT('',(126.727781,-107.230986,1.585));
#8726 = VECTOR('',#8727,1.);
#8727 = DIRECTION('',(0.740567235323,-0.671982269086,0.));
#8728 = ORIENTED_EDGE('',*,*,#8729,.T.);
#8729 = EDGE_CURVE('',#8722,#8730,#8732,.T.);
#8730 = VERTEX_POINT('',#8731);
#8731 = CARTESIAN_POINT('',(127.202835,-107.283708,1.585));
#8732 = CIRCLE('',#8733,0.382067104129);
#8733 = AXIS2_PLACEMENT_3D('',#8734,#8735,#8736);
#8734 = CARTESIAN_POINT('',(126.9943595,-106.9635311145,1.585));
#8735 = DIRECTION('',(0.,0.,1.));
#8736 = DIRECTION('',(-0.545651530181,-0.83801217629,0.));
#8737 = ORIENTED_EDGE('',*,*,#8738,.T.);
#8738 = EDGE_CURVE('',#8730,#8739,#8741,.T.);
#8739 = VERTEX_POINT('',#8740);
#8740 = CARTESIAN_POINT('',(127.238981,-107.247561,1.585));
#8741 = LINE('',#8742,#8743);
#8742 = CARTESIAN_POINT('',(127.202835,-107.283708,1.585));
#8743 = VECTOR('',#8744,1.);
#8744 = DIRECTION('',(0.707096999995,0.707116562243,0.));
#8745 = ORIENTED_EDGE('',*,*,#8746,.T.);
#8746 = EDGE_CURVE('',#8739,#8747,#8749,.T.);
#8747 = VERTEX_POINT('',#8748);
#8748 = CARTESIAN_POINT('',(127.238981,-106.878227,1.585));
#8749 = CIRCLE('',#8750,0.329220402929);
#8750 = AXIS2_PLACEMENT_3D('',#8751,#8752,#8753);
#8751 = CARTESIAN_POINT('',(126.96642977029,-107.062894,1.585));
#8752 = DIRECTION('',(0.,-0.,1.));
#8753 = DIRECTION('',(0.827868586771,-0.560922100687,-0.));
#8754 = ORIENTED_EDGE('',*,*,#8755,.T.);
#8755 = EDGE_CURVE('',#8747,#8756,#8758,.T.);
#8756 = VERTEX_POINT('',#8757);
#8757 = CARTESIAN_POINT('',(127.202837,-106.842082,1.585));
#8758 = LINE('',#8759,#8760);
#8759 = CARTESIAN_POINT('',(127.238981,-106.878227,1.585));
#8760 = VECTOR('',#8761,1.);
#8761 = DIRECTION('',(-0.707096999454,0.707116562784,0.));
#8762 = ORIENTED_EDGE('',*,*,#8763,.T.);
#8763 = EDGE_CURVE('',#8756,#8764,#8766,.T.);
#8764 = VERTEX_POINT('',#8765);
#8765 = CARTESIAN_POINT('',(127.125414,-106.803371,1.585));
#8766 = LINE('',#8767,#8768);
#8767 = CARTESIAN_POINT('',(127.202837,-106.842082,1.585));
#8768 = VECTOR('',#8769,1.);
#8769 = DIRECTION('',(-0.894429501489,0.447208974493,0.));
#8770 = ORIENTED_EDGE('',*,*,#8771,.T.);
#8771 = EDGE_CURVE('',#8764,#8772,#8774,.T.);
#8772 = VERTEX_POINT('',#8773);
#8773 = CARTESIAN_POINT('',(126.977526,-106.800022,1.585));
#8774 = LINE('',#8775,#8776);
#8775 = CARTESIAN_POINT('',(127.125414,-106.803371,1.585));
#8776 = VECTOR('',#8777,1.);
#8777 = DIRECTION('',(-0.99974368889,2.263971122804E-02,0.));
#8778 = ORIENTED_EDGE('',*,*,#8779,.T.);
#8779 = EDGE_CURVE('',#8772,#8780,#8782,.T.);
#8780 = VERTEX_POINT('',#8781);
#8781 = CARTESIAN_POINT('',(126.948166,-106.772505,1.585));
#8782 = LINE('',#8783,#8784);
#8783 = CARTESIAN_POINT('',(126.977526,-106.800022,1.585));
#8784 = VECTOR('',#8785,1.);
#8785 = DIRECTION('',(-0.729636395306,0.683835309592,0.));
#8786 = ORIENTED_EDGE('',*,*,#8787,.T.);
#8787 = EDGE_CURVE('',#8780,#8788,#8790,.T.);
#8788 = VERTEX_POINT('',#8789);
#8789 = CARTESIAN_POINT('',(126.949636,-106.732766,1.585));
#8790 = LINE('',#8791,#8792);
#8791 = CARTESIAN_POINT('',(126.948166,-106.772505,1.585));
#8792 = VECTOR('',#8793,1.);
#8793 = DIRECTION('',(3.696608584495E-02,0.999316520677,0.));
#8794 = ORIENTED_EDGE('',*,*,#8795,.T.);
#8795 = EDGE_CURVE('',#8788,#8796,#8798,.T.);
#8796 = VERTEX_POINT('',#8797);
#8797 = CARTESIAN_POINT('',(127.217505,-106.422419,1.585));
#8798 = LINE('',#8799,#8800);
#8799 = CARTESIAN_POINT('',(126.949636,-106.732766,1.585));
#8800 = VECTOR('',#8801,1.);
#8801 = DIRECTION('',(0.653399155486,0.757013568974,0.));
#8802 = ORIENTED_EDGE('',*,*,#8803,.T.);
#8803 = EDGE_CURVE('',#8796,#8612,#8804,.T.);
#8804 = LINE('',#8805,#8806);
#8805 = CARTESIAN_POINT('',(127.217505,-106.422419,1.585));
#8806 = VECTOR('',#8807,1.);
#8807 = DIRECTION('',(-1.,0.,0.));
#8808 = PLANE('',#8809);
#8809 = AXIS2_PLACEMENT_3D('',#8810,#8811,#8812);
#8810 = CARTESIAN_POINT('',(0.,0.,1.585));
#8811 = DIRECTION('',(0.,0.,1.));
#8812 = DIRECTION('',(1.,0.,-0.));
#8813 = SHELL_BASED_SURFACE_MODEL('',(#8814));
#8814 = OPEN_SHELL('',(#8815));
#8815 = ADVANCED_FACE('',(#8816,#9021,#9091),#9161,.T.);
#8816 = FACE_BOUND('',#8817,.F.);
#8817 = EDGE_LOOP('',(#8818,#8828,#8836,#8844,#8852,#8860,#8868,#8876,
    #8884,#8892,#8900,#8908,#8916,#8925,#8933,#8942,#8950,#8959,#8967,
    #8975,#8983,#8991,#8999,#9007,#9015));
#8818 = ORIENTED_EDGE('',*,*,#8819,.T.);
#8819 = EDGE_CURVE('',#8820,#8822,#8824,.T.);
#8820 = VERTEX_POINT('',#8821);
#8821 = CARTESIAN_POINT('',(197.829142,-106.375317,1.585));
#8822 = VERTEX_POINT('',#8823);
#8823 = CARTESIAN_POINT('',(197.935468,-106.324661,1.585));
#8824 = LINE('',#8825,#8826);
#8825 = CARTESIAN_POINT('',(197.829142,-106.375317,1.585));
#8826 = VECTOR('',#8827,1.);
#8827 = DIRECTION('',(0.902779519658,0.430103637378,0.));
#8828 = ORIENTED_EDGE('',*,*,#8829,.T.);
#8829 = EDGE_CURVE('',#8822,#8830,#8832,.T.);
#8830 = VERTEX_POINT('',#8831);
#8831 = CARTESIAN_POINT('',(198.139673,-106.322907,1.585));
#8832 = LINE('',#8833,#8834);
#8833 = CARTESIAN_POINT('',(197.935468,-106.324661,1.585));
#8834 = VECTOR('',#8835,1.);
#8835 = DIRECTION('',(0.999963113079,8.589090866264E-03,0.));
#8836 = ORIENTED_EDGE('',*,*,#8837,.T.);
#8837 = EDGE_CURVE('',#8830,#8838,#8840,.T.);
#8838 = VERTEX_POINT('',#8839);
#8839 = CARTESIAN_POINT('',(198.159578,-106.327698,1.585));
#8840 = LINE('',#8841,#8842);
#8841 = CARTESIAN_POINT('',(198.139673,-106.322907,1.585));
#8842 = VECTOR('',#8843,1.);
#8843 = DIRECTION('',(0.972234133225,-0.234010235231,0.));
#8844 = ORIENTED_EDGE('',*,*,#8845,.T.);
#8845 = EDGE_CURVE('',#8838,#8846,#8848,.T.);
#8846 = VERTEX_POINT('',#8847);
#8847 = CARTESIAN_POINT('',(198.26781,-106.384683,1.585));
#8848 = LINE('',#8849,#8850);
#8849 = CARTESIAN_POINT('',(198.159578,-106.327698,1.585));
#8850 = VECTOR('',#8851,1.);
#8851 = DIRECTION('',(0.884848162195,-0.465879522902,0.));
#8852 = ORIENTED_EDGE('',*,*,#8853,.T.);
#8853 = EDGE_CURVE('',#8846,#8854,#8856,.T.);
#8854 = VERTEX_POINT('',#8855);
#8855 = CARTESIAN_POINT('',(198.324795,-106.445296,1.585));
#8856 = LINE('',#8857,#8858);
#8857 = CARTESIAN_POINT('',(198.26781,-106.384683,1.585));
#8858 = VECTOR('',#8859,1.);
#8859 = DIRECTION('',(0.68496603593,-0.728574999312,0.));
#8860 = ORIENTED_EDGE('',*,*,#8861,.T.);
#8861 = EDGE_CURVE('',#8854,#8862,#8864,.T.);
#8862 = VERTEX_POINT('',#8863);
#8863 = CARTESIAN_POINT('',(198.37545,-106.551622,1.585));
#8864 = LINE('',#8865,#8866);
#8865 = CARTESIAN_POINT('',(198.324795,-106.445296,1.585));
#8866 = VECTOR('',#8867,1.);
#8867 = DIRECTION('',(0.430096717347,-0.902782816477,0.));
#8868 = ORIENTED_EDGE('',*,*,#8869,.T.);
#8869 = EDGE_CURVE('',#8862,#8870,#8872,.T.);
#8870 = VERTEX_POINT('',#8871);
#8871 = CARTESIAN_POINT('',(198.37545,-106.621786,1.585));
#8872 = LINE('',#8873,#8874);
#8873 = CARTESIAN_POINT('',(198.37545,-106.551622,1.585));
#8874 = VECTOR('',#8875,1.);
#8875 = DIRECTION('',(0.,-1.,0.));
#8876 = ORIENTED_EDGE('',*,*,#8877,.T.);
#8877 = EDGE_CURVE('',#8870,#8878,#8880,.T.);
#8878 = VERTEX_POINT('',#8879);
#8879 = CARTESIAN_POINT('',(198.315429,-106.741108,1.585));
#8880 = LINE('',#8881,#8882);
#8881 = CARTESIAN_POINT('',(198.37545,-106.621786,1.585));
#8882 = VECTOR('',#8883,1.);
#8883 = DIRECTION('',(-0.449368510164,-0.893346484894,0.));
#8884 = ORIENTED_EDGE('',*,*,#8885,.T.);
#8885 = EDGE_CURVE('',#8878,#8886,#8888,.T.);
#8886 = VERTEX_POINT('',#8887);
#8887 = CARTESIAN_POINT('',(198.254815,-106.798093,1.585));
#8888 = LINE('',#8889,#8890);
#8889 = CARTESIAN_POINT('',(198.315429,-106.741108,1.585));
#8890 = VECTOR('',#8891,1.);
#8891 = DIRECTION('',(-0.728580638815,-0.684960037333,0.));
#8892 = ORIENTED_EDGE('',*,*,#8893,.T.);
#8893 = EDGE_CURVE('',#8886,#8894,#8896,.T.);
#8894 = VERTEX_POINT('',#8895);
#8895 = CARTESIAN_POINT('',(198.24902,-106.80099,1.585));
#8896 = LINE('',#8897,#8898);
#8897 = CARTESIAN_POINT('',(198.254815,-106.798093,1.585));
#8898 = VECTOR('',#8899,1.);
#8899 = DIRECTION('',(-0.894458058862,-0.447151854448,0.));
#8900 = ORIENTED_EDGE('',*,*,#8901,.T.);
#8901 = EDGE_CURVE('',#8894,#8902,#8904,.T.);
#8902 = VERTEX_POINT('',#8903);
#8903 = CARTESIAN_POINT('',(198.26781,-106.813254,1.585));
#8904 = LINE('',#8905,#8906);
#8905 = CARTESIAN_POINT('',(198.24902,-106.80099,1.585));
#8906 = VECTOR('',#8907,1.);
#8907 = DIRECTION('',(0.837413714785,-0.546569547532,0.));
#8908 = ORIENTED_EDGE('',*,*,#8909,.T.);
#8909 = EDGE_CURVE('',#8902,#8910,#8912,.T.);
#8910 = VERTEX_POINT('',#8911);
#8911 = CARTESIAN_POINT('',(198.324795,-106.873867,1.585));
#8912 = LINE('',#8913,#8914);
#8913 = CARTESIAN_POINT('',(198.26781,-106.813254,1.585));
#8914 = VECTOR('',#8915,1.);
#8915 = DIRECTION('',(0.68496603593,-0.728574999312,0.));
#8916 = ORIENTED_EDGE('',*,*,#8917,.T.);
#8917 = EDGE_CURVE('',#8910,#8918,#8920,.T.);
#8918 = VERTEX_POINT('',#8919);
#8919 = CARTESIAN_POINT('',(198.31543,-107.312535,1.585));
#8920 = CIRCLE('',#8921,0.375854201211);
#8921 = AXIS2_PLACEMENT_3D('',#8922,#8923,#8924);
#8922 = CARTESIAN_POINT('',(198.01499838745,-107.0866872044,1.585));
#8923 = DIRECTION('',(0.,0.,-1.));
#8924 = DIRECTION('',(0.824246773205,0.566230745245,0.));
#8925 = ORIENTED_EDGE('',*,*,#8926,.T.);
#8926 = EDGE_CURVE('',#8918,#8927,#8929,.T.);
#8927 = VERTEX_POINT('',#8928);
#8928 = CARTESIAN_POINT('',(198.254815,-107.369522,1.585));
#8929 = LINE('',#8930,#8931);
#8930 = CARTESIAN_POINT('',(198.31543,-107.312535,1.585));
#8931 = VECTOR('',#8932,1.);
#8932 = DIRECTION('',(-0.728574281239,-0.684966799719,0.));
#8933 = ORIENTED_EDGE('',*,*,#8934,.T.);
#8934 = EDGE_CURVE('',#8927,#8935,#8937,.T.);
#8935 = VERTEX_POINT('',#8936);
#8936 = CARTESIAN_POINT('',(197.816147,-107.360155,1.585));
#8937 = CIRCLE('',#8938,0.375856722056);
#8938 = AXIS2_PLACEMENT_3D('',#8939,#8940,#8941);
#8939 = CARTESIAN_POINT('',(198.04199625195,-107.0597213286,1.585));
#8940 = DIRECTION('',(-0.,0.,-1.));
#8941 = DIRECTION('',(0.566223072668,-0.824252043963,-0.));
#8942 = ORIENTED_EDGE('',*,*,#8943,.T.);
#8943 = EDGE_CURVE('',#8935,#8944,#8946,.T.);
#8944 = VERTEX_POINT('',#8945);
#8945 = CARTESIAN_POINT('',(197.759162,-107.29954,1.585));
#8946 = LINE('',#8947,#8948);
#8947 = CARTESIAN_POINT('',(197.816147,-107.360155,1.585));
#8948 = VECTOR('',#8949,1.);
#8949 = DIRECTION('',(-0.684954038795,0.728586278171,0.));
#8950 = ORIENTED_EDGE('',*,*,#8951,.T.);
#8951 = EDGE_CURVE('',#8944,#8952,#8954,.T.);
#8952 = VERTEX_POINT('',#8953);
#8953 = CARTESIAN_POINT('',(197.768529,-106.860873,1.585));
#8954 = CIRCLE('',#8955,0.37585005919);
#8955 = AXIS2_PLACEMENT_3D('',#8956,#8957,#8958);
#8956 = CARTESIAN_POINT('',(198.06895482643,-107.0867215992,1.585));
#8957 = DIRECTION('',(0.,0.,-1.));
#8958 = DIRECTION('',(-0.824245783296,-0.566232186227,-0.));
#8959 = ORIENTED_EDGE('',*,*,#8960,.T.);
#8960 = EDGE_CURVE('',#8952,#8961,#8963,.T.);
#8961 = VERTEX_POINT('',#8962);
#8962 = CARTESIAN_POINT('',(197.829142,-106.803888,1.585));
#8963 = LINE('',#8964,#8965);
#8964 = CARTESIAN_POINT('',(197.768529,-106.860873,1.585));
#8965 = VECTOR('',#8966,1.);
#8966 = DIRECTION('',(0.728574999312,0.68496603593,0.));
#8967 = ORIENTED_EDGE('',*,*,#8968,.T.);
#8968 = EDGE_CURVE('',#8961,#8969,#8971,.T.);
#8969 = VERTEX_POINT('',#8970);
#8970 = CARTESIAN_POINT('',(197.834938,-106.80099,1.585));
#8971 = LINE('',#8972,#8973);
#8972 = CARTESIAN_POINT('',(197.829142,-106.803888,1.585));
#8973 = VECTOR('',#8974,1.);
#8974 = DIRECTION('',(0.894427191,0.4472135955,0.));
#8975 = ORIENTED_EDGE('',*,*,#8976,.T.);
#8976 = EDGE_CURVE('',#8969,#8977,#8979,.T.);
#8977 = VERTEX_POINT('',#8978);
#8978 = CARTESIAN_POINT('',(197.816147,-106.788726,1.585));
#8979 = LINE('',#8980,#8981);
#8980 = CARTESIAN_POINT('',(197.834938,-106.80099,1.585));
#8981 = VECTOR('',#8982,1.);
#8982 = DIRECTION('',(-0.837427027905,0.546549149605,0.));
#8983 = ORIENTED_EDGE('',*,*,#8984,.T.);
#8984 = EDGE_CURVE('',#8977,#8985,#8987,.T.);
#8985 = VERTEX_POINT('',#8986);
#8986 = CARTESIAN_POINT('',(197.759162,-106.728112,1.585));
#8987 = LINE('',#8988,#8989);
#8988 = CARTESIAN_POINT('',(197.816147,-106.788726,1.585));
#8989 = VECTOR('',#8990,1.);
#8990 = DIRECTION('',(-0.684960037333,0.728580638816,0.));
#8991 = ORIENTED_EDGE('',*,*,#8992,.T.);
#8992 = EDGE_CURVE('',#8985,#8993,#8995,.T.);
#8993 = VERTEX_POINT('',#8994);
#8994 = CARTESIAN_POINT('',(197.708507,-106.621786,1.585));
#8995 = LINE('',#8996,#8997);
#8996 = CARTESIAN_POINT('',(197.759162,-106.728112,1.585));
#8997 = VECTOR('',#8998,1.);
#8998 = DIRECTION('',(-0.430096717347,0.902782816477,0.));
#8999 = ORIENTED_EDGE('',*,*,#9000,.T.);
#9000 = EDGE_CURVE('',#8993,#9001,#9003,.T.);
#9001 = VERTEX_POINT('',#9002);
#9002 = CARTESIAN_POINT('',(197.708507,-106.551622,1.585));
#9003 = LINE('',#9004,#9005);
#9004 = CARTESIAN_POINT('',(197.708507,-106.621786,1.585));
#9005 = VECTOR('',#9006,1.);
#9006 = DIRECTION('',(0.,1.,0.));
#9007 = ORIENTED_EDGE('',*,*,#9008,.T.);
#9008 = EDGE_CURVE('',#9001,#9009,#9011,.T.);
#9009 = VERTEX_POINT('',#9010);
#9010 = CARTESIAN_POINT('',(197.768529,-106.432302,1.585));
#9011 = LINE('',#9012,#9013);
#9012 = CARTESIAN_POINT('',(197.708507,-106.551622,1.585));
#9013 = VECTOR('',#9014,1.);
#9014 = DIRECTION('',(0.449380496335,0.893340455545,0.));
#9015 = ORIENTED_EDGE('',*,*,#9016,.T.);
#9016 = EDGE_CURVE('',#9009,#8820,#9017,.T.);
#9017 = LINE('',#9018,#9019);
#9018 = CARTESIAN_POINT('',(197.768529,-106.432302,1.585));
#9019 = VECTOR('',#9020,1.);
#9020 = DIRECTION('',(0.728574999312,0.68496603593,0.));
#9021 = FACE_BOUND('',#9022,.F.);
#9022 = EDGE_LOOP('',(#9023,#9034,#9042,#9051,#9059,#9068,#9076,#9085));
#9023 = ORIENTED_EDGE('',*,*,#9024,.T.);
#9024 = EDGE_CURVE('',#9025,#9027,#9029,.T.);
#9025 = VERTEX_POINT('',#9026);
#9026 = CARTESIAN_POINT('',(198.202837,-106.889701,1.585));
#9027 = VERTEX_POINT('',#9028);
#9028 = CARTESIAN_POINT('',(197.881121,-106.889701,1.585));
#9029 = CIRCLE('',#9030,0.276540348289);
#9030 = AXIS2_PLACEMENT_3D('',#9031,#9032,#9033);
#9031 = CARTESIAN_POINT('',(198.041979,-107.1146438106,1.585));
#9032 = DIRECTION('',(0.,0.,1.));
#9033 = DIRECTION('',(0.58168003691,0.813417687699,-0.));
#9034 = ORIENTED_EDGE('',*,*,#9035,.T.);
#9035 = EDGE_CURVE('',#9027,#9036,#9038,.T.);
#9036 = VERTEX_POINT('',#9037);
#9037 = CARTESIAN_POINT('',(197.844976,-106.925845,1.585));
#9038 = LINE('',#9039,#9040);
#9039 = CARTESIAN_POINT('',(197.881121,-106.889701,1.585));
#9040 = VECTOR('',#9041,1.);
#9041 = DIRECTION('',(-0.707116562784,-0.707096999454,0.));
#9042 = ORIENTED_EDGE('',*,*,#9043,.T.);
#9043 = EDGE_CURVE('',#9036,#9044,#9046,.T.);
#9044 = VERTEX_POINT('',#9045);
#9045 = CARTESIAN_POINT('',(197.844976,-107.247561,1.585));
#9046 = CIRCLE('',#9047,0.27654034829);
#9047 = AXIS2_PLACEMENT_3D('',#9048,#9049,#9050);
#9048 = CARTESIAN_POINT('',(198.06991881066,-107.086703,1.585));
#9049 = DIRECTION('',(0.,0.,1.));
#9050 = DIRECTION('',(-0.813417687699,0.581680036909,0.));
#9051 = ORIENTED_EDGE('',*,*,#9052,.T.);
#9052 = EDGE_CURVE('',#9044,#9053,#9055,.T.);
#9053 = VERTEX_POINT('',#9054);
#9054 = CARTESIAN_POINT('',(197.881122,-107.283708,1.585));
#9055 = LINE('',#9056,#9057);
#9056 = CARTESIAN_POINT('',(197.844976,-107.247561,1.585));
#9057 = VECTOR('',#9058,1.);
#9058 = DIRECTION('',(0.707096999995,-0.707116562243,0.));
#9059 = ORIENTED_EDGE('',*,*,#9060,.T.);
#9060 = EDGE_CURVE('',#9053,#9061,#9063,.T.);
#9061 = VERTEX_POINT('',#9062);
#9062 = CARTESIAN_POINT('',(198.202835,-107.283708,1.585));
#9063 = CIRCLE('',#9064,0.276535282317);
#9064 = AXIS2_PLACEMENT_3D('',#9065,#9066,#9067);
#9065 = CARTESIAN_POINT('',(198.0419785,-107.0587703446,1.585));
#9066 = DIRECTION('',(0.,0.,1.));
#9067 = DIRECTION('',(-0.581685268701,-0.813413946387,0.));
#9068 = ORIENTED_EDGE('',*,*,#9069,.T.);
#9069 = EDGE_CURVE('',#9061,#9070,#9072,.T.);
#9070 = VERTEX_POINT('',#9071);
#9071 = CARTESIAN_POINT('',(198.238981,-107.247561,1.585));
#9072 = LINE('',#9073,#9074);
#9073 = CARTESIAN_POINT('',(198.202835,-107.283708,1.585));
#9074 = VECTOR('',#9075,1.);
#9075 = DIRECTION('',(0.707096999995,0.707116562243,0.));
#9076 = ORIENTED_EDGE('',*,*,#9077,.T.);
#9077 = EDGE_CURVE('',#9070,#9078,#9080,.T.);
#9078 = VERTEX_POINT('',#9079);
#9079 = CARTESIAN_POINT('',(198.238981,-106.925846,1.585));
#9080 = CIRCLE('',#9081,0.276531951055);
#9081 = AXIS2_PLACEMENT_3D('',#9082,#9083,#9084);
#9082 = CARTESIAN_POINT('',(198.01404815524,-107.0867035,1.585));
#9083 = DIRECTION('',(0.,-0.,1.));
#9084 = DIRECTION('',(0.813406349224,-0.581695892234,-0.));
#9085 = ORIENTED_EDGE('',*,*,#9086,.T.);
#9086 = EDGE_CURVE('',#9078,#9025,#9087,.T.);
#9087 = LINE('',#9088,#9089);
#9088 = CARTESIAN_POINT('',(198.238981,-106.925846,1.585));
#9089 = VECTOR('',#9090,1.);
#9090 = DIRECTION('',(-0.707096999454,0.707116562784,0.));
#9091 = FACE_BOUND('',#9092,.F.);
#9092 = EDGE_LOOP('',(#9093,#9104,#9112,#9121,#9129,#9138,#9146,#9155));
#9093 = ORIENTED_EDGE('',*,*,#9094,.T.);
#9094 = EDGE_CURVE('',#9095,#9097,#9099,.T.);
#9095 = VERTEX_POINT('',#9096);
#9096 = CARTESIAN_POINT('',(198.202837,-106.46113,1.585));
#9097 = VERTEX_POINT('',#9098);
#9098 = CARTESIAN_POINT('',(197.881121,-106.46113,1.585));
#9099 = CIRCLE('',#9100,0.27654034829);
#9100 = AXIS2_PLACEMENT_3D('',#9101,#9102,#9103);
#9101 = CARTESIAN_POINT('',(198.041979,-106.6860728106,1.585));
#9102 = DIRECTION('',(0.,0.,1.));
#9103 = DIRECTION('',(0.581680036909,0.813417687699,-0.));
#9104 = ORIENTED_EDGE('',*,*,#9105,.T.);
#9105 = EDGE_CURVE('',#9097,#9106,#9108,.T.);
#9106 = VERTEX_POINT('',#9107);
#9107 = CARTESIAN_POINT('',(197.844976,-106.497274,1.585));
#9108 = LINE('',#9109,#9110);
#9109 = CARTESIAN_POINT('',(197.881121,-106.46113,1.585));
#9110 = VECTOR('',#9111,1.);
#9111 = DIRECTION('',(-0.707116562784,-0.707096999454,0.));
#9112 = ORIENTED_EDGE('',*,*,#9113,.T.);
#9113 = EDGE_CURVE('',#9106,#9114,#9116,.T.);
#9114 = VERTEX_POINT('',#9115);
#9115 = CARTESIAN_POINT('',(197.844976,-106.676134,1.585));
#9116 = CIRCLE('',#9117,0.121389305727);
#9117 = AXIS2_PLACEMENT_3D('',#9118,#9119,#9120);
#9118 = CARTESIAN_POINT('',(197.92705912034,-106.586704,1.585));
#9119 = DIRECTION('',(0.,0.,1.));
#9120 = DIRECTION('',(-0.676197296368,0.7367205823,0.));
#9121 = ORIENTED_EDGE('',*,*,#9122,.T.);
#9122 = EDGE_CURVE('',#9114,#9123,#9125,.T.);
#9123 = VERTEX_POINT('',#9124);
#9124 = CARTESIAN_POINT('',(197.881121,-106.712278,1.585));
#9125 = LINE('',#9126,#9127);
#9126 = CARTESIAN_POINT('',(197.844976,-106.676134,1.585));
#9127 = VECTOR('',#9128,1.);
#9128 = DIRECTION('',(0.707116562784,-0.707096999454,0.));
#9129 = ORIENTED_EDGE('',*,*,#9130,.T.);
#9130 = EDGE_CURVE('',#9123,#9131,#9133,.T.);
#9131 = VERTEX_POINT('',#9132);
#9132 = CARTESIAN_POINT('',(198.202837,-106.712278,1.585));
#9133 = CIRCLE('',#9134,0.276534808406);
#9134 = AXIS2_PLACEMENT_3D('',#9135,#9136,#9137);
#9135 = CARTESIAN_POINT('',(198.041979,-106.487342,1.585));
#9136 = DIRECTION('',(0.,0.,1.));
#9137 = DIRECTION('',(-0.581691689836,-0.813409354492,0.));
#9138 = ORIENTED_EDGE('',*,*,#9139,.T.);
#9139 = EDGE_CURVE('',#9131,#9140,#9142,.T.);
#9140 = VERTEX_POINT('',#9141);
#9141 = CARTESIAN_POINT('',(198.238981,-106.676133,1.585));
#9142 = LINE('',#9143,#9144);
#9143 = CARTESIAN_POINT('',(198.202837,-106.712278,1.585));
#9144 = VECTOR('',#9145,1.);
#9145 = DIRECTION('',(0.707096999454,0.707116562784,0.));
#9146 = ORIENTED_EDGE('',*,*,#9147,.T.);
#9147 = EDGE_CURVE('',#9140,#9148,#9150,.T.);
#9148 = VERTEX_POINT('',#9149);
#9149 = CARTESIAN_POINT('',(198.238981,-106.497275,1.585));
#9150 = CIRCLE('',#9151,0.121384896987);
#9151 = AXIS2_PLACEMENT_3D('',#9152,#9153,#9154);
#9152 = CARTESIAN_POINT('',(198.15690331012,-106.586704,1.585));
#9153 = DIRECTION('',(0.,-0.,1.));
#9154 = DIRECTION('',(0.676177118522,-0.736739101981,-0.));
#9155 = ORIENTED_EDGE('',*,*,#9156,.T.);
#9156 = EDGE_CURVE('',#9148,#9095,#9157,.T.);
#9157 = LINE('',#9158,#9159);
#9158 = CARTESIAN_POINT('',(198.238981,-106.497275,1.585));
#9159 = VECTOR('',#9160,1.);
#9160 = DIRECTION('',(-0.707096999454,0.707116562784,0.));
#9161 = PLANE('',#9162);
#9162 = AXIS2_PLACEMENT_3D('',#9163,#9164,#9165);
#9163 = CARTESIAN_POINT('',(0.,0.,1.585));
#9164 = DIRECTION('',(0.,0.,1.));
#9165 = DIRECTION('',(1.,0.,-0.));
#9166 = SHELL_BASED_SURFACE_MODEL('',(#9167));
#9167 = OPEN_SHELL('',(#9168));
#9168 = ADVANCED_FACE('',(#9169),#9180,.T.);
#9169 = FACE_BOUND('',#9170,.T.);
#9170 = EDGE_LOOP('',(#9171));
#9171 = ORIENTED_EDGE('',*,*,#9172,.T.);
#9172 = EDGE_CURVE('',#9173,#9173,#9175,.T.);
#9173 = VERTEX_POINT('',#9174);
#9174 = CARTESIAN_POINT('',(196.649999,-105.35,1.585));
#9175 = CIRCLE('',#9176,0.149999);
#9176 = AXIS2_PLACEMENT_3D('',#9177,#9178,#9179);
#9177 = CARTESIAN_POINT('',(196.5,-105.35,1.585));
#9178 = DIRECTION('',(0.,0.,1.));
#9179 = DIRECTION('',(1.,0.,-0.));
#9180 = PLANE('',#9181);
#9181 = AXIS2_PLACEMENT_3D('',#9182,#9183,#9184);
#9182 = CARTESIAN_POINT('',(0.,0.,1.585));
#9183 = DIRECTION('',(0.,0.,1.));
#9184 = DIRECTION('',(1.,0.,-0.));
#9185 = SHELL_BASED_SURFACE_MODEL('',(#9186));
#9186 = OPEN_SHELL('',(#9187));
#9187 = ADVANCED_FACE('',(#9188),#9199,.T.);
#9188 = FACE_BOUND('',#9189,.T.);
#9189 = EDGE_LOOP('',(#9190));
#9190 = ORIENTED_EDGE('',*,*,#9191,.T.);
#9191 = EDGE_CURVE('',#9192,#9192,#9194,.T.);
#9192 = VERTEX_POINT('',#9193);
#9193 = CARTESIAN_POINT('',(128.949999,-95.55,1.585));
#9194 = CIRCLE('',#9195,0.149999);
#9195 = AXIS2_PLACEMENT_3D('',#9196,#9197,#9198);
#9196 = CARTESIAN_POINT('',(128.8,-95.55,1.585));
#9197 = DIRECTION('',(0.,0.,1.));
#9198 = DIRECTION('',(1.,0.,-0.));
#9199 = PLANE('',#9200);
#9200 = AXIS2_PLACEMENT_3D('',#9201,#9202,#9203);
#9201 = CARTESIAN_POINT('',(0.,0.,1.585));
#9202 = DIRECTION('',(0.,0.,1.));
#9203 = DIRECTION('',(1.,0.,-0.));
#9204 = SHELL_BASED_SURFACE_MODEL('',(#9205));
#9205 = OPEN_SHELL('',(#9206));
#9206 = ADVANCED_FACE('',(#9207,#9277),#9311,.T.);
#9207 = FACE_BOUND('',#9208,.F.);
#9208 = EDGE_LOOP('',(#9209,#9220,#9228,#9237,#9245,#9254,#9262,#9271));
#9209 = ORIENTED_EDGE('',*,*,#9210,.T.);
#9210 = EDGE_CURVE('',#9211,#9213,#9215,.T.);
#9211 = VERTEX_POINT('',#9212);
#9212 = CARTESIAN_POINT('',(201.5665,-79.666,1.585));
#9213 = VERTEX_POINT('',#9214);
#9214 = CARTESIAN_POINT('',(201.63,-79.6025,1.585));
#9215 = CIRCLE('',#9216,6.350155257218E-02);
#9216 = AXIS2_PLACEMENT_3D('',#9217,#9218,#9219);
#9217 = CARTESIAN_POINT('',(201.63000155255,-79.66600155255,1.585));
#9218 = DIRECTION('',(0.,0.,-1.));
#9219 = DIRECTION('',(-0.999999999701,2.44490593726E-05,0.));
#9220 = ORIENTED_EDGE('',*,*,#9221,.T.);
#9221 = EDGE_CURVE('',#9213,#9222,#9224,.T.);
#9222 = VERTEX_POINT('',#9223);
#9223 = CARTESIAN_POINT('',(207.065,-79.6025,1.585));
#9224 = LINE('',#9225,#9226);
#9225 = CARTESIAN_POINT('',(201.63,-79.6025,1.585));
#9226 = VECTOR('',#9227,1.);
#9227 = DIRECTION('',(1.,0.,0.));
#9228 = ORIENTED_EDGE('',*,*,#9229,.T.);
#9229 = EDGE_CURVE('',#9222,#9230,#9232,.T.);
#9230 = VERTEX_POINT('',#9231);
#9231 = CARTESIAN_POINT('',(207.1285,-79.666,1.585));
#9232 = CIRCLE('',#9233,6.350155257208E-02);
#9233 = AXIS2_PLACEMENT_3D('',#9234,#9235,#9236);
#9234 = CARTESIAN_POINT('',(207.06499844744,-79.66600155255,1.585));
#9235 = DIRECTION('',(0.,0.,-1.));
#9236 = DIRECTION('',(2.444905735855E-05,0.999999999701,0.));
#9237 = ORIENTED_EDGE('',*,*,#9238,.T.);
#9238 = EDGE_CURVE('',#9230,#9239,#9241,.T.);
#9239 = VERTEX_POINT('',#9240);
#9240 = CARTESIAN_POINT('',(207.1285,-90.334,1.585));
#9241 = LINE('',#9242,#9243);
#9242 = CARTESIAN_POINT('',(207.1285,-79.666,1.585));
#9243 = VECTOR('',#9244,1.);
#9244 = DIRECTION('',(0.,-1.,0.));
#9245 = ORIENTED_EDGE('',*,*,#9246,.T.);
#9246 = EDGE_CURVE('',#9239,#9247,#9249,.T.);
#9247 = VERTEX_POINT('',#9248);
#9248 = CARTESIAN_POINT('',(207.065,-90.3975,1.585));
#9249 = CIRCLE('',#9250,6.350155257218E-02);
#9250 = AXIS2_PLACEMENT_3D('',#9251,#9252,#9253);
#9251 = CARTESIAN_POINT('',(207.06499844744,-90.33399844744,1.585));
#9252 = DIRECTION('',(0.,0.,-1.));
#9253 = DIRECTION('',(0.999999999701,-2.44490593726E-05,0.));
#9254 = ORIENTED_EDGE('',*,*,#9255,.T.);
#9255 = EDGE_CURVE('',#9247,#9256,#9258,.T.);
#9256 = VERTEX_POINT('',#9257);
#9257 = CARTESIAN_POINT('',(201.63,-90.3975,1.585));
#9258 = LINE('',#9259,#9260);
#9259 = CARTESIAN_POINT('',(207.065,-90.3975,1.585));
#9260 = VECTOR('',#9261,1.);
#9261 = DIRECTION('',(-1.,0.,0.));
#9262 = ORIENTED_EDGE('',*,*,#9263,.T.);
#9263 = EDGE_CURVE('',#9256,#9264,#9266,.T.);
#9264 = VERTEX_POINT('',#9265);
#9265 = CARTESIAN_POINT('',(201.5665,-90.334,1.585));
#9266 = CIRCLE('',#9267,6.350155257214E-02);
#9267 = AXIS2_PLACEMENT_3D('',#9268,#9269,#9270);
#9268 = CARTESIAN_POINT('',(201.63000155255,-90.33399844744,1.585));
#9269 = DIRECTION('',(0.,0.,-1.));
#9270 = DIRECTION('',(-2.444905825368E-05,-0.999999999701,-0.));
#9271 = ORIENTED_EDGE('',*,*,#9272,.T.);
#9272 = EDGE_CURVE('',#9264,#9211,#9273,.T.);
#9273 = LINE('',#9274,#9275);
#9274 = CARTESIAN_POINT('',(201.5665,-90.334,1.585));
#9275 = VECTOR('',#9276,1.);
#9276 = DIRECTION('',(0.,1.,0.));
#9277 = FACE_BOUND('',#9278,.F.);
#9278 = EDGE_LOOP('',(#9279,#9289,#9297,#9305));
#9279 = ORIENTED_EDGE('',*,*,#9280,.T.);
#9280 = EDGE_CURVE('',#9281,#9283,#9285,.T.);
#9281 = VERTEX_POINT('',#9282);
#9282 = CARTESIAN_POINT('',(207.0015,-90.2705,1.585));
#9283 = VERTEX_POINT('',#9284);
#9284 = CARTESIAN_POINT('',(207.0015,-79.7295,1.585));
#9285 = LINE('',#9286,#9287);
#9286 = CARTESIAN_POINT('',(207.0015,-90.2705,1.585));
#9287 = VECTOR('',#9288,1.);
#9288 = DIRECTION('',(0.,1.,0.));
#9289 = ORIENTED_EDGE('',*,*,#9290,.T.);
#9290 = EDGE_CURVE('',#9283,#9291,#9293,.T.);
#9291 = VERTEX_POINT('',#9292);
#9292 = CARTESIAN_POINT('',(201.6935,-79.7295,1.585));
#9293 = LINE('',#9294,#9295);
#9294 = CARTESIAN_POINT('',(207.0015,-79.7295,1.585));
#9295 = VECTOR('',#9296,1.);
#9296 = DIRECTION('',(-1.,0.,0.));
#9297 = ORIENTED_EDGE('',*,*,#9298,.T.);
#9298 = EDGE_CURVE('',#9291,#9299,#9301,.T.);
#9299 = VERTEX_POINT('',#9300);
#9300 = CARTESIAN_POINT('',(201.6935,-90.2705,1.585));
#9301 = LINE('',#9302,#9303);
#9302 = CARTESIAN_POINT('',(201.6935,-79.7295,1.585));
#9303 = VECTOR('',#9304,1.);
#9304 = DIRECTION('',(0.,-1.,0.));
#9305 = ORIENTED_EDGE('',*,*,#9306,.T.);
#9306 = EDGE_CURVE('',#9299,#9281,#9307,.T.);
#9307 = LINE('',#9308,#9309);
#9308 = CARTESIAN_POINT('',(201.6935,-90.2705,1.585));
#9309 = VECTOR('',#9310,1.);
#9310 = DIRECTION('',(1.,0.,0.));
#9311 = PLANE('',#9312);
#9312 = AXIS2_PLACEMENT_3D('',#9313,#9314,#9315);
#9313 = CARTESIAN_POINT('',(0.,0.,1.585));
#9314 = DIRECTION('',(0.,0.,1.));
#9315 = DIRECTION('',(1.,0.,-0.));
#9316 = SHELL_BASED_SURFACE_MODEL('',(#9317));
#9317 = OPEN_SHELL('',(#9318));
#9318 = ADVANCED_FACE('',(#9319),#9330,.T.);
#9319 = FACE_BOUND('',#9320,.T.);
#9320 = EDGE_LOOP('',(#9321));
#9321 = ORIENTED_EDGE('',*,*,#9322,.T.);
#9322 = EDGE_CURVE('',#9323,#9323,#9325,.T.);
#9323 = VERTEX_POINT('',#9324);
#9324 = CARTESIAN_POINT('',(200.83,-87.54,1.585));
#9325 = CIRCLE('',#9326,0.2);
#9326 = AXIS2_PLACEMENT_3D('',#9327,#9328,#9329);
#9327 = CARTESIAN_POINT('',(200.63,-87.54,1.585));
#9328 = DIRECTION('',(0.,0.,1.));
#9329 = DIRECTION('',(1.,0.,-0.));
#9330 = PLANE('',#9331);
#9331 = AXIS2_PLACEMENT_3D('',#9332,#9333,#9334);
#9332 = CARTESIAN_POINT('',(0.,0.,1.585));
#9333 = DIRECTION('',(0.,0.,1.));
#9334 = DIRECTION('',(1.,0.,-0.));
#9335 = SHELL_BASED_SURFACE_MODEL('',(#9336));
#9336 = OPEN_SHELL('',(#9337));
#9337 = ADVANCED_FACE('',(#9338,#9408),#9442,.T.);
#9338 = FACE_BOUND('',#9339,.F.);
#9339 = EDGE_LOOP('',(#9340,#9351,#9359,#9368,#9376,#9385,#9393,#9402));
#9340 = ORIENTED_EDGE('',*,*,#9341,.T.);
#9341 = EDGE_CURVE('',#9342,#9344,#9346,.T.);
#9342 = VERTEX_POINT('',#9343);
#9343 = CARTESIAN_POINT('',(129.45,-58.57,1.585));
#9344 = VERTEX_POINT('',#9345);
#9345 = CARTESIAN_POINT('',(129.5,-58.52,1.585));
#9346 = CIRCLE('',#9347,5.000014378934E-02);
#9347 = AXIS2_PLACEMENT_3D('',#9348,#9349,#9350);
#9348 = CARTESIAN_POINT('',(129.50000014378,-58.57000014378,1.585));
#9349 = DIRECTION('',(0.,0.,-1.));
#9350 = DIRECTION('',(-0.999999999996,2.875774470716E-06,0.));
#9351 = ORIENTED_EDGE('',*,*,#9352,.T.);
#9352 = EDGE_CURVE('',#9344,#9353,#9355,.T.);
#9353 = VERTEX_POINT('',#9354);
#9354 = CARTESIAN_POINT('',(136.5,-58.52,1.585));
#9355 = LINE('',#9356,#9357);
#9356 = CARTESIAN_POINT('',(129.5,-58.52,1.585));
#9357 = VECTOR('',#9358,1.);
#9358 = DIRECTION('',(1.,0.,0.));
#9359 = ORIENTED_EDGE('',*,*,#9360,.T.);
#9360 = EDGE_CURVE('',#9353,#9361,#9363,.T.);
#9361 = VERTEX_POINT('',#9362);
#9362 = CARTESIAN_POINT('',(136.55,-58.57,1.585));
#9363 = CIRCLE('',#9364,5.000014378934E-02);
#9364 = AXIS2_PLACEMENT_3D('',#9365,#9366,#9367);
#9365 = CARTESIAN_POINT('',(136.49999985621,-58.57000014378,1.585));
#9366 = DIRECTION('',(0.,0.,-1.));
#9367 = DIRECTION('',(2.875774186499E-06,0.999999999996,0.));
#9368 = ORIENTED_EDGE('',*,*,#9369,.T.);
#9369 = EDGE_CURVE('',#9361,#9370,#9372,.T.);
#9370 = VERTEX_POINT('',#9371);
#9371 = CARTESIAN_POINT('',(136.55,-79.43,1.585));
#9372 = LINE('',#9373,#9374);
#9373 = CARTESIAN_POINT('',(136.55,-58.57,1.585));
#9374 = VECTOR('',#9375,1.);
#9375 = DIRECTION('',(0.,-1.,0.));
#9376 = ORIENTED_EDGE('',*,*,#9377,.T.);
#9377 = EDGE_CURVE('',#9370,#9378,#9380,.T.);
#9378 = VERTEX_POINT('',#9379);
#9379 = CARTESIAN_POINT('',(136.5,-79.48,1.585));
#9380 = CIRCLE('',#9381,5.000014378934E-02);
#9381 = AXIS2_PLACEMENT_3D('',#9382,#9383,#9384);
#9382 = CARTESIAN_POINT('',(136.49999985621,-79.42999985621,1.585));
#9383 = DIRECTION('',(0.,0.,-1.));
#9384 = DIRECTION('',(0.999999999996,-2.875774470716E-06,0.));
#9385 = ORIENTED_EDGE('',*,*,#9386,.T.);
#9386 = EDGE_CURVE('',#9378,#9387,#9389,.T.);
#9387 = VERTEX_POINT('',#9388);
#9388 = CARTESIAN_POINT('',(129.5,-79.48,1.585));
#9389 = LINE('',#9390,#9391);
#9390 = CARTESIAN_POINT('',(136.5,-79.48,1.585));
#9391 = VECTOR('',#9392,1.);
#9392 = DIRECTION('',(-1.,0.,0.));
#9393 = ORIENTED_EDGE('',*,*,#9394,.T.);
#9394 = EDGE_CURVE('',#9387,#9395,#9397,.T.);
#9395 = VERTEX_POINT('',#9396);
#9396 = CARTESIAN_POINT('',(129.45,-79.43,1.585));
#9397 = CIRCLE('',#9398,5.000014378934E-02);
#9398 = AXIS2_PLACEMENT_3D('',#9399,#9400,#9401);
#9399 = CARTESIAN_POINT('',(129.50000014378,-79.42999985621,1.585));
#9400 = DIRECTION('',(0.,0.,-1.));
#9401 = DIRECTION('',(-2.875774186499E-06,-0.999999999996,-0.));
#9402 = ORIENTED_EDGE('',*,*,#9403,.T.);
#9403 = EDGE_CURVE('',#9395,#9342,#9404,.T.);
#9404 = LINE('',#9405,#9406);
#9405 = CARTESIAN_POINT('',(129.45,-79.43,1.585));
#9406 = VECTOR('',#9407,1.);
#9407 = DIRECTION('',(0.,1.,0.));
#9408 = FACE_BOUND('',#9409,.F.);
#9409 = EDGE_LOOP('',(#9410,#9420,#9428,#9436));
#9410 = ORIENTED_EDGE('',*,*,#9411,.T.);
#9411 = EDGE_CURVE('',#9412,#9414,#9416,.T.);
#9412 = VERTEX_POINT('',#9413);
#9413 = CARTESIAN_POINT('',(136.45,-79.38,1.585));
#9414 = VERTEX_POINT('',#9415);
#9415 = CARTESIAN_POINT('',(136.45,-58.62,1.585));
#9416 = LINE('',#9417,#9418);
#9417 = CARTESIAN_POINT('',(136.45,-79.38,1.585));
#9418 = VECTOR('',#9419,1.);
#9419 = DIRECTION('',(0.,1.,0.));
#9420 = ORIENTED_EDGE('',*,*,#9421,.T.);
#9421 = EDGE_CURVE('',#9414,#9422,#9424,.T.);
#9422 = VERTEX_POINT('',#9423);
#9423 = CARTESIAN_POINT('',(129.55,-58.62,1.585));
#9424 = LINE('',#9425,#9426);
#9425 = CARTESIAN_POINT('',(136.45,-58.62,1.585));
#9426 = VECTOR('',#9427,1.);
#9427 = DIRECTION('',(-1.,0.,0.));
#9428 = ORIENTED_EDGE('',*,*,#9429,.T.);
#9429 = EDGE_CURVE('',#9422,#9430,#9432,.T.);
#9430 = VERTEX_POINT('',#9431);
#9431 = CARTESIAN_POINT('',(129.55,-79.38,1.585));
#9432 = LINE('',#9433,#9434);
#9433 = CARTESIAN_POINT('',(129.55,-58.62,1.585));
#9434 = VECTOR('',#9435,1.);
#9435 = DIRECTION('',(0.,-1.,0.));
#9436 = ORIENTED_EDGE('',*,*,#9437,.T.);
#9437 = EDGE_CURVE('',#9430,#9412,#9438,.T.);
#9438 = LINE('',#9439,#9440);
#9439 = CARTESIAN_POINT('',(129.55,-79.38,1.585));
#9440 = VECTOR('',#9441,1.);
#9441 = DIRECTION('',(1.,0.,0.));
#9442 = PLANE('',#9443);
#9443 = AXIS2_PLACEMENT_3D('',#9444,#9445,#9446);
#9444 = CARTESIAN_POINT('',(0.,0.,1.585));
#9445 = DIRECTION('',(0.,0.,1.));
#9446 = DIRECTION('',(1.,0.,-0.));
#9447 = SHELL_BASED_SURFACE_MODEL('',(#9448));
#9448 = OPEN_SHELL('',(#9449));
#9449 = ADVANCED_FACE('',(#9450,#9520),#9554,.T.);
#9450 = FACE_BOUND('',#9451,.F.);
#9451 = EDGE_LOOP('',(#9452,#9463,#9471,#9480,#9488,#9497,#9505,#9514));
#9452 = ORIENTED_EDGE('',*,*,#9453,.T.);
#9453 = EDGE_CURVE('',#9454,#9456,#9458,.T.);
#9454 = VERTEX_POINT('',#9455);
#9455 = CARTESIAN_POINT('',(189.45,-58.57,1.585));
#9456 = VERTEX_POINT('',#9457);
#9457 = CARTESIAN_POINT('',(189.5,-58.52,1.585));
#9458 = CIRCLE('',#9459,5.000014378934E-02);
#9459 = AXIS2_PLACEMENT_3D('',#9460,#9461,#9462);
#9460 = CARTESIAN_POINT('',(189.50000014378,-58.57000014378,1.585));
#9461 = DIRECTION('',(0.,0.,-1.));
#9462 = DIRECTION('',(-0.999999999996,2.875774470716E-06,0.));
#9463 = ORIENTED_EDGE('',*,*,#9464,.T.);
#9464 = EDGE_CURVE('',#9456,#9465,#9467,.T.);
#9465 = VERTEX_POINT('',#9466);
#9466 = CARTESIAN_POINT('',(196.5,-58.52,1.585));
#9467 = LINE('',#9468,#9469);
#9468 = CARTESIAN_POINT('',(189.5,-58.52,1.585));
#9469 = VECTOR('',#9470,1.);
#9470 = DIRECTION('',(1.,0.,0.));
#9471 = ORIENTED_EDGE('',*,*,#9472,.T.);
#9472 = EDGE_CURVE('',#9465,#9473,#9475,.T.);
#9473 = VERTEX_POINT('',#9474);
#9474 = CARTESIAN_POINT('',(196.55,-58.57,1.585));
#9475 = CIRCLE('',#9476,5.000014378934E-02);
#9476 = AXIS2_PLACEMENT_3D('',#9477,#9478,#9479);
#9477 = CARTESIAN_POINT('',(196.49999985621,-58.57000014378,1.585));
#9478 = DIRECTION('',(0.,0.,-1.));
#9479 = DIRECTION('',(2.875774186499E-06,0.999999999996,0.));
#9480 = ORIENTED_EDGE('',*,*,#9481,.T.);
#9481 = EDGE_CURVE('',#9473,#9482,#9484,.T.);
#9482 = VERTEX_POINT('',#9483);
#9483 = CARTESIAN_POINT('',(196.55,-79.43,1.585));
#9484 = LINE('',#9485,#9486);
#9485 = CARTESIAN_POINT('',(196.55,-58.57,1.585));
#9486 = VECTOR('',#9487,1.);
#9487 = DIRECTION('',(0.,-1.,0.));
#9488 = ORIENTED_EDGE('',*,*,#9489,.T.);
#9489 = EDGE_CURVE('',#9482,#9490,#9492,.T.);
#9490 = VERTEX_POINT('',#9491);
#9491 = CARTESIAN_POINT('',(196.5,-79.48,1.585));
#9492 = CIRCLE('',#9493,5.000014378934E-02);
#9493 = AXIS2_PLACEMENT_3D('',#9494,#9495,#9496);
#9494 = CARTESIAN_POINT('',(196.49999985621,-79.42999985621,1.585));
#9495 = DIRECTION('',(0.,0.,-1.));
#9496 = DIRECTION('',(0.999999999996,-2.875774470716E-06,0.));
#9497 = ORIENTED_EDGE('',*,*,#9498,.T.);
#9498 = EDGE_CURVE('',#9490,#9499,#9501,.T.);
#9499 = VERTEX_POINT('',#9500);
#9500 = CARTESIAN_POINT('',(189.5,-79.48,1.585));
#9501 = LINE('',#9502,#9503);
#9502 = CARTESIAN_POINT('',(196.5,-79.48,1.585));
#9503 = VECTOR('',#9504,1.);
#9504 = DIRECTION('',(-1.,0.,0.));
#9505 = ORIENTED_EDGE('',*,*,#9506,.T.);
#9506 = EDGE_CURVE('',#9499,#9507,#9509,.T.);
#9507 = VERTEX_POINT('',#9508);
#9508 = CARTESIAN_POINT('',(189.45,-79.43,1.585));
#9509 = CIRCLE('',#9510,5.000014378934E-02);
#9510 = AXIS2_PLACEMENT_3D('',#9511,#9512,#9513);
#9511 = CARTESIAN_POINT('',(189.50000014378,-79.42999985621,1.585));
#9512 = DIRECTION('',(0.,0.,-1.));
#9513 = DIRECTION('',(-2.875774186499E-06,-0.999999999996,-0.));
#9514 = ORIENTED_EDGE('',*,*,#9515,.T.);
#9515 = EDGE_CURVE('',#9507,#9454,#9516,.T.);
#9516 = LINE('',#9517,#9518);
#9517 = CARTESIAN_POINT('',(189.45,-79.43,1.585));
#9518 = VECTOR('',#9519,1.);
#9519 = DIRECTION('',(0.,1.,0.));
#9520 = FACE_BOUND('',#9521,.F.);
#9521 = EDGE_LOOP('',(#9522,#9532,#9540,#9548));
#9522 = ORIENTED_EDGE('',*,*,#9523,.T.);
#9523 = EDGE_CURVE('',#9524,#9526,#9528,.T.);
#9524 = VERTEX_POINT('',#9525);
#9525 = CARTESIAN_POINT('',(196.45,-79.38,1.585));
#9526 = VERTEX_POINT('',#9527);
#9527 = CARTESIAN_POINT('',(196.45,-58.62,1.585));
#9528 = LINE('',#9529,#9530);
#9529 = CARTESIAN_POINT('',(196.45,-79.38,1.585));
#9530 = VECTOR('',#9531,1.);
#9531 = DIRECTION('',(0.,1.,0.));
#9532 = ORIENTED_EDGE('',*,*,#9533,.T.);
#9533 = EDGE_CURVE('',#9526,#9534,#9536,.T.);
#9534 = VERTEX_POINT('',#9535);
#9535 = CARTESIAN_POINT('',(189.55,-58.62,1.585));
#9536 = LINE('',#9537,#9538);
#9537 = CARTESIAN_POINT('',(196.45,-58.62,1.585));
#9538 = VECTOR('',#9539,1.);
#9539 = DIRECTION('',(-1.,0.,0.));
#9540 = ORIENTED_EDGE('',*,*,#9541,.T.);
#9541 = EDGE_CURVE('',#9534,#9542,#9544,.T.);
#9542 = VERTEX_POINT('',#9543);
#9543 = CARTESIAN_POINT('',(189.55,-79.38,1.585));
#9544 = LINE('',#9545,#9546);
#9545 = CARTESIAN_POINT('',(189.55,-58.62,1.585));
#9546 = VECTOR('',#9547,1.);
#9547 = DIRECTION('',(0.,-1.,0.));
#9548 = ORIENTED_EDGE('',*,*,#9549,.T.);
#9549 = EDGE_CURVE('',#9542,#9524,#9550,.T.);
#9550 = LINE('',#9551,#9552);
#9551 = CARTESIAN_POINT('',(189.55,-79.38,1.585));
#9552 = VECTOR('',#9553,1.);
#9553 = DIRECTION('',(1.,0.,0.));
#9554 = PLANE('',#9555);
#9555 = AXIS2_PLACEMENT_3D('',#9556,#9557,#9558);
#9556 = CARTESIAN_POINT('',(0.,0.,1.585));
#9557 = DIRECTION('',(0.,0.,1.));
#9558 = DIRECTION('',(1.,0.,-0.));
#9559 = SHELL_BASED_SURFACE_MODEL('',(#9560));
#9560 = OPEN_SHELL('',(#9561));
#9561 = ADVANCED_FACE('',(#9562),#9573,.T.);
#9562 = FACE_BOUND('',#9563,.T.);
#9563 = EDGE_LOOP('',(#9564));
#9564 = ORIENTED_EDGE('',*,*,#9565,.T.);
#9565 = EDGE_CURVE('',#9566,#9566,#9568,.T.);
#9566 = VERTEX_POINT('',#9567);
#9567 = CARTESIAN_POINT('',(137.649999,-73.85,1.585));
#9568 = CIRCLE('',#9569,0.149999);
#9569 = AXIS2_PLACEMENT_3D('',#9570,#9571,#9572);
#9570 = CARTESIAN_POINT('',(137.5,-73.85,1.585));
#9571 = DIRECTION('',(0.,0.,1.));
#9572 = DIRECTION('',(1.,0.,-0.));
#9573 = PLANE('',#9574);
#9574 = AXIS2_PLACEMENT_3D('',#9575,#9576,#9577);
#9575 = CARTESIAN_POINT('',(0.,0.,1.585));
#9576 = DIRECTION('',(0.,0.,1.));
#9577 = DIRECTION('',(1.,0.,-0.));
#9578 = SHELL_BASED_SURFACE_MODEL('',(#9579));
#9579 = OPEN_SHELL('',(#9580));
#9580 = ADVANCED_FACE('',(#9581),#9592,.T.);
#9581 = FACE_BOUND('',#9582,.T.);
#9582 = EDGE_LOOP('',(#9583));
#9583 = ORIENTED_EDGE('',*,*,#9584,.T.);
#9584 = EDGE_CURVE('',#9585,#9585,#9587,.T.);
#9585 = VERTEX_POINT('',#9586);
#9586 = CARTESIAN_POINT('',(188.649999,-64.15,1.585));
#9587 = CIRCLE('',#9588,0.149999);
#9588 = AXIS2_PLACEMENT_3D('',#9589,#9590,#9591);
#9589 = CARTESIAN_POINT('',(188.5,-64.15,1.585));
#9590 = DIRECTION('',(0.,0.,1.));
#9591 = DIRECTION('',(1.,0.,-0.));
#9592 = PLANE('',#9593);
#9593 = AXIS2_PLACEMENT_3D('',#9594,#9595,#9596);
#9594 = CARTESIAN_POINT('',(0.,0.,1.585));
#9595 = DIRECTION('',(0.,0.,1.));
#9596 = DIRECTION('',(1.,0.,-0.));
#9597 = SHELL_BASED_SURFACE_MODEL('',(#9598));
#9598 = OPEN_SHELL('',(#9599));
#9599 = ADVANCED_FACE('',(#9600),#9741,.T.);
#9600 = FACE_BOUND('',#9601,.F.);
#9601 = EDGE_LOOP('',(#9602,#9612,#9620,#9628,#9636,#9644,#9652,#9661,
    #9669,#9678,#9686,#9694,#9702,#9710,#9719,#9727,#9735));
#9602 = ORIENTED_EDGE('',*,*,#9603,.T.);
#9603 = EDGE_CURVE('',#9604,#9606,#9608,.T.);
#9604 = VERTEX_POINT('',#9605);
#9605 = CARTESIAN_POINT('',(127.500377,-61.844684,1.585));
#9606 = VERTEX_POINT('',#9607);
#9607 = CARTESIAN_POINT('',(127.522845,-61.826225,1.585));
#9608 = LINE('',#9609,#9610);
#9609 = CARTESIAN_POINT('',(127.500377,-61.844684,1.585));
#9610 = VECTOR('',#9611,1.);
#9611 = DIRECTION('',(0.772673239458,0.634803957947,0.));
#9612 = ORIENTED_EDGE('',*,*,#9613,.T.);
#9613 = EDGE_CURVE('',#9606,#9614,#9616,.T.);
#9614 = VERTEX_POINT('',#9615);
#9615 = CARTESIAN_POINT('',(127.555967,-61.826225,1.585));
#9616 = LINE('',#9617,#9618);
#9617 = CARTESIAN_POINT('',(127.522845,-61.826225,1.585));
#9618 = VECTOR('',#9619,1.);
#9619 = DIRECTION('',(1.,0.,0.));
#9620 = ORIENTED_EDGE('',*,*,#9621,.T.);
#9621 = EDGE_CURVE('',#9614,#9622,#9624,.T.);
#9622 = VERTEX_POINT('',#9623);
#9623 = CARTESIAN_POINT('',(127.583523,-61.844597,1.585));
#9624 = LINE('',#9625,#9626);
#9625 = CARTESIAN_POINT('',(127.555967,-61.826225,1.585));
#9626 = VECTOR('',#9627,1.);
#9627 = DIRECTION('',(0.832031712817,-0.554728067494,0.));
#9628 = ORIENTED_EDGE('',*,*,#9629,.T.);
#9629 = EDGE_CURVE('',#9622,#9630,#9632,.T.);
#9630 = VERTEX_POINT('',#9631);
#9631 = CARTESIAN_POINT('',(127.591979,-61.872419,1.585));
#9632 = LINE('',#9633,#9634);
#9633 = CARTESIAN_POINT('',(127.583523,-61.844597,1.585));
#9634 = VECTOR('',#9635,1.);
#9635 = DIRECTION('',(0.290797589612,-0.956784595338,0.));
#9636 = ORIENTED_EDGE('',*,*,#9637,.T.);
#9637 = EDGE_CURVE('',#9630,#9638,#9640,.T.);
#9638 = VERTEX_POINT('',#9639);
#9639 = CARTESIAN_POINT('',(127.591979,-62.822419,1.585));
#9640 = LINE('',#9641,#9642);
#9641 = CARTESIAN_POINT('',(127.591979,-61.872419,1.585));
#9642 = VECTOR('',#9643,1.);
#9643 = DIRECTION('',(0.,-1.,0.));
#9644 = ORIENTED_EDGE('',*,*,#9645,.T.);
#9645 = EDGE_CURVE('',#9638,#9646,#9648,.T.);
#9646 = VERTEX_POINT('',#9647);
#9647 = CARTESIAN_POINT('',(127.827693,-62.822419,1.585));
#9648 = LINE('',#9649,#9650);
#9649 = CARTESIAN_POINT('',(127.591979,-62.822419,1.585));
#9650 = VECTOR('',#9651,1.);
#9651 = DIRECTION('',(1.,0.,0.));
#9652 = ORIENTED_EDGE('',*,*,#9653,.T.);
#9653 = EDGE_CURVE('',#9646,#9654,#9656,.T.);
#9654 = VERTEX_POINT('',#9655);
#9655 = CARTESIAN_POINT('',(127.827693,-62.922419,1.585));
#9656 = CIRCLE('',#9657,5.000000000003E-02);
#9657 = AXIS2_PLACEMENT_3D('',#9658,#9659,#9660);
#9658 = CARTESIAN_POINT('',(127.82769295228,-62.872419,1.585));
#9659 = DIRECTION('',(0.,0.,-1.));
#9660 = DIRECTION('',(9.542367251921E-07,1.,0.));
#9661 = ORIENTED_EDGE('',*,*,#9662,.T.);
#9662 = EDGE_CURVE('',#9654,#9663,#9665,.T.);
#9663 = VERTEX_POINT('',#9664);
#9664 = CARTESIAN_POINT('',(127.256265,-62.922419,1.585));
#9665 = LINE('',#9666,#9667);
#9666 = CARTESIAN_POINT('',(127.827693,-62.922419,1.585));
#9667 = VECTOR('',#9668,1.);
#9668 = DIRECTION('',(-1.,0.,0.));
#9669 = ORIENTED_EDGE('',*,*,#9670,.T.);
#9670 = EDGE_CURVE('',#9663,#9671,#9673,.T.);
#9671 = VERTEX_POINT('',#9672);
#9672 = CARTESIAN_POINT('',(127.256265,-62.822419,1.585));
#9673 = CIRCLE('',#9674,5.000000000003E-02);
#9674 = AXIS2_PLACEMENT_3D('',#9675,#9676,#9677);
#9675 = CARTESIAN_POINT('',(127.25626504771,-62.872419,1.585));
#9676 = DIRECTION('',(0.,0.,-1.));
#9677 = DIRECTION('',(-9.542367251921E-07,-1.,-0.));
#9678 = ORIENTED_EDGE('',*,*,#9679,.T.);
#9679 = EDGE_CURVE('',#9671,#9680,#9682,.T.);
#9680 = VERTEX_POINT('',#9681);
#9681 = CARTESIAN_POINT('',(127.491979,-62.822419,1.585));
#9682 = LINE('',#9683,#9684);
#9683 = CARTESIAN_POINT('',(127.256265,-62.822419,1.585));
#9684 = VECTOR('',#9685,1.);
#9685 = DIRECTION('',(1.,0.,0.));
#9686 = ORIENTED_EDGE('',*,*,#9687,.T.);
#9687 = EDGE_CURVE('',#9680,#9688,#9690,.T.);
#9688 = VERTEX_POINT('',#9689);
#9689 = CARTESIAN_POINT('',(127.491979,-62.037558,1.585));
#9690 = LINE('',#9691,#9692);
#9691 = CARTESIAN_POINT('',(127.491979,-62.822419,1.585));
#9692 = VECTOR('',#9693,1.);
#9693 = DIRECTION('',(0.,1.,0.));
#9694 = ORIENTED_EDGE('',*,*,#9695,.T.);
#9695 = EDGE_CURVE('',#9688,#9696,#9698,.T.);
#9696 = VERTEX_POINT('',#9697);
#9697 = CARTESIAN_POINT('',(127.373863,-62.155236,1.585));
#9698 = LINE('',#9699,#9700);
#9699 = CARTESIAN_POINT('',(127.491979,-62.037558,1.585));
#9700 = VECTOR('',#9701,1.);
#9701 = DIRECTION('',(-0.708419047752,-0.705792074752,0.));
#9702 = ORIENTED_EDGE('',*,*,#9703,.T.);
#9703 = EDGE_CURVE('',#9696,#9704,#9706,.T.);
#9704 = VERTEX_POINT('',#9705);
#9705 = CARTESIAN_POINT('',(127.278626,-62.202854,1.585));
#9706 = LINE('',#9707,#9708);
#9707 = CARTESIAN_POINT('',(127.373863,-62.155236,1.585));
#9708 = VECTOR('',#9709,1.);
#9709 = DIRECTION('',(-0.894429069315,-0.447209838851,0.));
#9710 = ORIENTED_EDGE('',*,*,#9711,.T.);
#9711 = EDGE_CURVE('',#9704,#9712,#9714,.T.);
#9712 = VERTEX_POINT('',#9713);
#9713 = CARTESIAN_POINT('',(127.233904,-62.113412,1.585));
#9714 = CIRCLE('',#9715,4.999982162112E-02);
#9715 = AXIS2_PLACEMENT_3D('',#9716,#9717,#9718);
#9716 = CARTESIAN_POINT('',(127.25626466148,-62.15813316926,1.585));
#9717 = DIRECTION('',(0.,0.,-1.));
#9718 = DIRECTION('',(0.447228365915,-0.89441980564,0.));
#9719 = ORIENTED_EDGE('',*,*,#9720,.T.);
#9720 = EDGE_CURVE('',#9712,#9721,#9723,.T.);
#9721 = VERTEX_POINT('',#9722);
#9722 = CARTESIAN_POINT('',(127.321886,-62.069421,1.585));
#9723 = LINE('',#9724,#9725);
#9724 = CARTESIAN_POINT('',(127.233904,-62.113412,1.585));
#9725 = VECTOR('',#9726,1.);
#9726 = DIRECTION('',(0.894427191,0.4472135955,0.));
#9727 = ORIENTED_EDGE('',*,*,#9728,.T.);
#9728 = EDGE_CURVE('',#9721,#9729,#9731,.T.);
#9729 = VERTEX_POINT('',#9730);
#9730 = CARTESIAN_POINT('',(127.407882,-61.983424,1.585));
#9731 = LINE('',#9732,#9733);
#9732 = CARTESIAN_POINT('',(127.321886,-62.069421,1.585));
#9733 = VECTOR('',#9734,1.);
#9734 = DIRECTION('',(0.707102669921,0.707110892428,0.));
#9735 = ORIENTED_EDGE('',*,*,#9736,.T.);
#9736 = EDGE_CURVE('',#9729,#9604,#9737,.T.);
#9737 = LINE('',#9738,#9739);
#9738 = CARTESIAN_POINT('',(127.407882,-61.983424,1.585));
#9739 = VECTOR('',#9740,1.);
#9740 = DIRECTION('',(0.554707116004,0.832045681111,0.));
#9741 = PLANE('',#9742);
#9742 = AXIS2_PLACEMENT_3D('',#9743,#9744,#9745);
#9743 = CARTESIAN_POINT('',(0.,0.,1.585));
#9744 = DIRECTION('',(0.,0.,1.));
#9745 = DIRECTION('',(1.,0.,-0.));
#9746 = SHELL_BASED_SURFACE_MODEL('',(#9747));
#9747 = OPEN_SHELL('',(#9748));
#9748 = ADVANCED_FACE('',(#9749,#9892),#9962,.T.);
#9749 = FACE_BOUND('',#9750,.F.);
#9750 = EDGE_LOOP('',(#9751,#9762,#9770,#9778,#9787,#9795,#9803,#9811,
    #9819,#9827,#9836,#9844,#9853,#9861,#9870,#9878,#9886));
#9751 = ORIENTED_EDGE('',*,*,#9752,.T.);
#9752 = EDGE_CURVE('',#9753,#9755,#9757,.T.);
#9753 = VERTEX_POINT('',#9754);
#9754 = CARTESIAN_POINT('',(197.707758,-61.288863,1.585));
#9755 = VERTEX_POINT('',#9756);
#9756 = CARTESIAN_POINT('',(197.92438,-60.875317,1.585));
#9757 = CIRCLE('',#9758,0.592942107803);
#9758 = AXIS2_PLACEMENT_3D('',#9759,#9760,#9761);
#9759 = CARTESIAN_POINT('',(198.29890197683,-61.33500562512,1.585));
#9760 = DIRECTION('',(0.,0.,-1.));
#9761 = DIRECTION('',(-0.99696744262,7.781978125648E-02,0.));
#9762 = ORIENTED_EDGE('',*,*,#9763,.T.);
#9763 = EDGE_CURVE('',#9755,#9764,#9766,.T.);
#9764 = VERTEX_POINT('',#9765);
#9765 = CARTESIAN_POINT('',(198.030706,-60.824661,1.585));
#9766 = LINE('',#9767,#9768);
#9767 = CARTESIAN_POINT('',(197.92438,-60.875317,1.585));
#9768 = VECTOR('',#9769,1.);
#9769 = DIRECTION('',(0.902779519658,0.430103637378,0.));
#9770 = ORIENTED_EDGE('',*,*,#9771,.T.);
#9771 = EDGE_CURVE('',#9764,#9772,#9774,.T.);
#9772 = VERTEX_POINT('',#9773);
#9773 = CARTESIAN_POINT('',(198.232455,-60.822419,1.585));
#9774 = LINE('',#9775,#9776);
#9775 = CARTESIAN_POINT('',(198.030706,-60.824661,1.585));
#9776 = VECTOR('',#9777,1.);
#9777 = DIRECTION('',(0.999938258352,1.111213227936E-02,0.));
#9778 = ORIENTED_EDGE('',*,*,#9779,.T.);
#9779 = EDGE_CURVE('',#9772,#9780,#9782,.T.);
#9780 = VERTEX_POINT('',#9781);
#9781 = CARTESIAN_POINT('',(198.232455,-60.922419,1.585));
#9782 = CIRCLE('',#9783,5.000000000002E-02);
#9783 = AXIS2_PLACEMENT_3D('',#9784,#9785,#9786);
#9784 = CARTESIAN_POINT('',(198.23245495228,-60.872419,1.585));
#9785 = DIRECTION('',(0.,0.,-1.));
#9786 = DIRECTION('',(9.542361567579E-07,1.,0.));
#9787 = ORIENTED_EDGE('',*,*,#9788,.T.);
#9788 = EDGE_CURVE('',#9780,#9789,#9791,.T.);
#9789 = VERTEX_POINT('',#9790);
#9790 = CARTESIAN_POINT('',(198.053783,-60.922419,1.585));
#9791 = LINE('',#9792,#9793);
#9792 = CARTESIAN_POINT('',(198.232455,-60.922419,1.585));
#9793 = VECTOR('',#9794,1.);
#9794 = DIRECTION('',(-1.,0.,0.));
#9795 = ORIENTED_EDGE('',*,*,#9796,.T.);
#9796 = EDGE_CURVE('',#9789,#9797,#9799,.T.);
#9797 = VERTEX_POINT('',#9798);
#9798 = CARTESIAN_POINT('',(197.976359,-60.96113,1.585));
#9799 = LINE('',#9800,#9801);
#9800 = CARTESIAN_POINT('',(198.053783,-60.922419,1.585));
#9801 = VECTOR('',#9802,1.);
#9802 = DIRECTION('',(-0.894431811906,-0.447204353569,0.));
#9803 = ORIENTED_EDGE('',*,*,#9804,.T.);
#9804 = EDGE_CURVE('',#9797,#9805,#9807,.T.);
#9805 = VERTEX_POINT('',#9806);
#9806 = CARTESIAN_POINT('',(197.93798,-60.999508,1.585));
#9807 = LINE('',#9808,#9809);
#9808 = CARTESIAN_POINT('',(197.976359,-60.96113,1.585));
#9809 = VECTOR('',#9810,1.);
#9810 = DIRECTION('',(-0.707115993404,-0.707097568849,0.));
#9811 = ORIENTED_EDGE('',*,*,#9812,.T.);
#9812 = EDGE_CURVE('',#9805,#9813,#9815,.T.);
#9813 = VERTEX_POINT('',#9814);
#9814 = CARTESIAN_POINT('',(197.85029,-61.131044,1.585));
#9815 = LINE('',#9816,#9817);
#9816 = CARTESIAN_POINT('',(197.93798,-60.999508,1.585));
#9817 = VECTOR('',#9818,1.);
#9818 = DIRECTION('',(-0.554697276686,-0.83205224069,0.));
#9819 = ORIENTED_EDGE('',*,*,#9820,.T.);
#9820 = EDGE_CURVE('',#9813,#9821,#9823,.T.);
#9821 = VERTEX_POINT('',#9822);
#9822 = CARTESIAN_POINT('',(197.816741,-61.265237,1.585));
#9823 = LINE('',#9824,#9825);
#9824 = CARTESIAN_POINT('',(197.85029,-61.131044,1.585));
#9825 = VECTOR('',#9826,1.);
#9826 = DIRECTION('',(-0.242540728172,-0.970141224347,0.));
#9827 = ORIENTED_EDGE('',*,*,#9828,.T.);
#9828 = EDGE_CURVE('',#9821,#9829,#9831,.T.);
#9829 = VERTEX_POINT('',#9830);
#9830 = CARTESIAN_POINT('',(198.26781,-61.265635,1.585));
#9831 = CIRCLE('',#9832,0.375601924256);
#9832 = AXIS2_PLACEMENT_3D('',#9833,#9834,#9835);
#9833 = CARTESIAN_POINT('',(198.04201048554,-61.56578726931,1.585));
#9834 = DIRECTION('',(0.,0.,-1.));
#9835 = DIRECTION('',(-0.599755941057,0.800182986052,0.));
#9836 = ORIENTED_EDGE('',*,*,#9837,.T.);
#9837 = EDGE_CURVE('',#9829,#9838,#9840,.T.);
#9838 = VERTEX_POINT('',#9839);
#9839 = CARTESIAN_POINT('',(198.324795,-61.326248,1.585));
#9840 = LINE('',#9841,#9842);
#9841 = CARTESIAN_POINT('',(198.26781,-61.265635,1.585));
#9842 = VECTOR('',#9843,1.);
#9843 = DIRECTION('',(0.68496603593,-0.728574999312,0.));
#9844 = ORIENTED_EDGE('',*,*,#9845,.T.);
#9845 = EDGE_CURVE('',#9838,#9846,#9848,.T.);
#9846 = VERTEX_POINT('',#9847);
#9847 = CARTESIAN_POINT('',(198.31543,-61.812535,1.585));
#9848 = CIRCLE('',#9849,0.42989777466);
#9849 = AXIS2_PLACEMENT_3D('',#9850,#9851,#9852);
#9850 = CARTESIAN_POINT('',(197.96567658496,-61.56256571122,1.585));
#9851 = DIRECTION('',(0.,0.,-1.));
#9852 = DIRECTION('',(0.835357697115,0.549706756253,0.));
#9853 = ORIENTED_EDGE('',*,*,#9854,.T.);
#9854 = EDGE_CURVE('',#9846,#9855,#9857,.T.);
#9855 = VERTEX_POINT('',#9856);
#9856 = CARTESIAN_POINT('',(198.254815,-61.869522,1.585));
#9857 = LINE('',#9858,#9859);
#9858 = CARTESIAN_POINT('',(198.31543,-61.812535,1.585));
#9859 = VECTOR('',#9860,1.);
#9860 = DIRECTION('',(-0.728574281239,-0.684966799719,0.));
#9861 = ORIENTED_EDGE('',*,*,#9862,.T.);
#9862 = EDGE_CURVE('',#9855,#9863,#9865,.T.);
#9863 = VERTEX_POINT('',#9864);
#9864 = CARTESIAN_POINT('',(197.816147,-61.860155,1.585));
#9865 = CIRCLE('',#9866,0.375856722056);
#9866 = AXIS2_PLACEMENT_3D('',#9867,#9868,#9869);
#9867 = CARTESIAN_POINT('',(198.04199625195,-61.5597213286,1.585));
#9868 = DIRECTION('',(-0.,0.,-1.));
#9869 = DIRECTION('',(0.566223072668,-0.824252043963,-0.));
#9870 = ORIENTED_EDGE('',*,*,#9871,.T.);
#9871 = EDGE_CURVE('',#9863,#9872,#9874,.T.);
#9872 = VERTEX_POINT('',#9873);
#9873 = CARTESIAN_POINT('',(197.759162,-61.79954,1.585));
#9874 = LINE('',#9875,#9876);
#9875 = CARTESIAN_POINT('',(197.816147,-61.860155,1.585));
#9876 = VECTOR('',#9877,1.);
#9877 = DIRECTION('',(-0.684954038795,0.728586278171,0.));
#9878 = ORIENTED_EDGE('',*,*,#9879,.T.);
#9879 = EDGE_CURVE('',#9872,#9880,#9882,.T.);
#9880 = VERTEX_POINT('',#9881);
#9881 = CARTESIAN_POINT('',(197.708507,-61.693214,1.585));
#9882 = LINE('',#9883,#9884);
#9883 = CARTESIAN_POINT('',(197.759162,-61.79954,1.585));
#9884 = VECTOR('',#9885,1.);
#9885 = DIRECTION('',(-0.430096717347,0.902782816478,0.));
#9886 = ORIENTED_EDGE('',*,*,#9887,.T.);
#9887 = EDGE_CURVE('',#9880,#9753,#9888,.T.);
#9888 = LINE('',#9889,#9890);
#9889 = CARTESIAN_POINT('',(197.708507,-61.693214,1.585));
#9890 = VECTOR('',#9891,1.);
#9891 = DIRECTION('',(-1.852347873511E-03,0.999998284402,0.));
#9892 = FACE_BOUND('',#9893,.F.);
#9893 = EDGE_LOOP('',(#9894,#9905,#9913,#9922,#9930,#9939,#9947,#9956));
#9894 = ORIENTED_EDGE('',*,*,#9895,.T.);
#9895 = EDGE_CURVE('',#9896,#9898,#9900,.T.);
#9896 = VERTEX_POINT('',#9897);
#9897 = CARTESIAN_POINT('',(198.202837,-61.342082,1.585));
#9898 = VERTEX_POINT('',#9899);
#9899 = CARTESIAN_POINT('',(197.881121,-61.342082,1.585));
#9900 = CIRCLE('',#9901,0.27654034829);
#9901 = AXIS2_PLACEMENT_3D('',#9902,#9903,#9904);
#9902 = CARTESIAN_POINT('',(198.041979,-61.56702481066,1.585));
#9903 = DIRECTION('',(0.,0.,1.));
#9904 = DIRECTION('',(0.581680036909,0.813417687699,-0.));
#9905 = ORIENTED_EDGE('',*,*,#9906,.T.);
#9906 = EDGE_CURVE('',#9898,#9907,#9909,.T.);
#9907 = VERTEX_POINT('',#9908);
#9908 = CARTESIAN_POINT('',(197.844976,-61.378226,1.585));
#9909 = LINE('',#9910,#9911);
#9910 = CARTESIAN_POINT('',(197.881121,-61.342082,1.585));
#9911 = VECTOR('',#9912,1.);
#9912 = DIRECTION('',(-0.707116562784,-0.707096999454,0.));
#9913 = ORIENTED_EDGE('',*,*,#9914,.T.);
#9914 = EDGE_CURVE('',#9907,#9915,#9917,.T.);
#9915 = VERTEX_POINT('',#9916);
#9916 = CARTESIAN_POINT('',(197.844976,-61.747561,1.585));
#9917 = CIRCLE('',#9918,0.329230461461);
#9918 = AXIS2_PLACEMENT_3D('',#9919,#9920,#9921);
#9919 = CARTESIAN_POINT('',(198.11753904077,-61.5628935,1.585));
#9920 = DIRECTION('',(0.,0.,1.));
#9921 = DIRECTION('',(-0.827879168796,0.560906482288,0.));
#9922 = ORIENTED_EDGE('',*,*,#9923,.T.);
#9923 = EDGE_CURVE('',#9915,#9924,#9926,.T.);
#9924 = VERTEX_POINT('',#9925);
#9925 = CARTESIAN_POINT('',(197.881122,-61.783708,1.585));
#9926 = LINE('',#9927,#9928);
#9927 = CARTESIAN_POINT('',(197.844976,-61.747561,1.585));
#9928 = VECTOR('',#9929,1.);
#9929 = DIRECTION('',(0.707096999995,-0.707116562243,0.));
#9930 = ORIENTED_EDGE('',*,*,#9931,.T.);
#9931 = EDGE_CURVE('',#9924,#9932,#9934,.T.);
#9932 = VERTEX_POINT('',#9933);
#9933 = CARTESIAN_POINT('',(198.202835,-61.783708,1.585));
#9934 = CIRCLE('',#9935,0.276535282317);
#9935 = AXIS2_PLACEMENT_3D('',#9936,#9937,#9938);
#9936 = CARTESIAN_POINT('',(198.0419785,-61.55877034469,1.585));
#9937 = DIRECTION('',(0.,0.,1.));
#9938 = DIRECTION('',(-0.581685268701,-0.813413946387,0.));
#9939 = ORIENTED_EDGE('',*,*,#9940,.T.);
#9940 = EDGE_CURVE('',#9932,#9941,#9943,.T.);
#9941 = VERTEX_POINT('',#9942);
#9942 = CARTESIAN_POINT('',(198.238981,-61.747561,1.585));
#9943 = LINE('',#9944,#9945);
#9944 = CARTESIAN_POINT('',(198.202835,-61.783708,1.585));
#9945 = VECTOR('',#9946,1.);
#9946 = DIRECTION('',(0.707096999995,0.707116562243,0.));
#9947 = ORIENTED_EDGE('',*,*,#9948,.T.);
#9948 = EDGE_CURVE('',#9941,#9949,#9951,.T.);
#9949 = VERTEX_POINT('',#9950);
#9950 = CARTESIAN_POINT('',(198.238981,-61.378227,1.585));
#9951 = CIRCLE('',#9952,0.329220402929);
#9952 = AXIS2_PLACEMENT_3D('',#9953,#9954,#9955);
#9953 = CARTESIAN_POINT('',(197.96642977029,-61.562894,1.585));
#9954 = DIRECTION('',(0.,-0.,1.));
#9955 = DIRECTION('',(0.82786858677,-0.560922100687,-0.));
#9956 = ORIENTED_EDGE('',*,*,#9957,.T.);
#9957 = EDGE_CURVE('',#9949,#9896,#9958,.T.);
#9958 = LINE('',#9959,#9960);
#9959 = CARTESIAN_POINT('',(198.238981,-61.378227,1.585));
#9960 = VECTOR('',#9961,1.);
#9961 = DIRECTION('',(-0.707096999454,0.707116562784,0.));
#9962 = PLANE('',#9963);
#9963 = AXIS2_PLACEMENT_3D('',#9964,#9965,#9966);
#9964 = CARTESIAN_POINT('',(0.,0.,1.585));
#9965 = DIRECTION('',(0.,0.,1.));
#9966 = DIRECTION('',(1.,0.,-0.));
#9967 = SHELL_BASED_SURFACE_MODEL('',(#9968));
#9968 = OPEN_SHELL('',(#9969));
#9969 = ADVANCED_FACE('',(#9970),#9981,.T.);
#9970 = FACE_BOUND('',#9971,.T.);
#9971 = EDGE_LOOP('',(#9972));
#9972 = ORIENTED_EDGE('',*,*,#9973,.T.);
#9973 = EDGE_CURVE('',#9974,#9974,#9976,.T.);
#9974 = VERTEX_POINT('',#9975);
#9975 = CARTESIAN_POINT('',(145.299999,-56.5,1.585));
#9976 = CIRCLE('',#9977,0.149999);
#9977 = AXIS2_PLACEMENT_3D('',#9978,#9979,#9980);
#9978 = CARTESIAN_POINT('',(145.15,-56.5,1.585));
#9979 = DIRECTION('',(0.,0.,1.));
#9980 = DIRECTION('',(1.,0.,-0.));
#9981 = PLANE('',#9982);
#9982 = AXIS2_PLACEMENT_3D('',#9983,#9984,#9985);
#9983 = CARTESIAN_POINT('',(0.,0.,1.585));
#9984 = DIRECTION('',(0.,0.,1.));
#9985 = DIRECTION('',(1.,0.,-0.));
#9986 = SHELL_BASED_SURFACE_MODEL('',(#9987));
#9987 = OPEN_SHELL('',(#9988));
#9988 = ADVANCED_FACE('',(#9989),#10000,.T.);
#9989 = FACE_BOUND('',#9990,.T.);
#9990 = EDGE_LOOP('',(#9991));
#9991 = ORIENTED_EDGE('',*,*,#9992,.T.);
#9992 = EDGE_CURVE('',#9993,#9993,#9995,.T.);
#9993 = VERTEX_POINT('',#9994);
#9994 = CARTESIAN_POINT('',(171.299999,-56.5,1.585));
#9995 = CIRCLE('',#9996,0.149999);
#9996 = AXIS2_PLACEMENT_3D('',#9997,#9998,#9999);
#9997 = CARTESIAN_POINT('',(171.15,-56.5,1.585));
#9998 = DIRECTION('',(0.,0.,1.));
#9999 = DIRECTION('',(1.,0.,-0.));
#10000 = PLANE('',#10001);
#10001 = AXIS2_PLACEMENT_3D('',#10002,#10003,#10004);
#10002 = CARTESIAN_POINT('',(0.,0.,1.585));
#10003 = DIRECTION('',(0.,0.,1.));
#10004 = DIRECTION('',(1.,0.,-0.));
#10005 = SHELL_BASED_SURFACE_MODEL('',(#10006));
#10006 = OPEN_SHELL('',(#10007));
#10007 = ADVANCED_FACE('',(#10008,#10078),#10112,.T.);
#10008 = FACE_BOUND('',#10009,.F.);
#10009 = EDGE_LOOP('',(#10010,#10021,#10029,#10038,#10046,#10055,#10063,
    #10072));
#10010 = ORIENTED_EDGE('',*,*,#10011,.T.);
#10011 = EDGE_CURVE('',#10012,#10014,#10016,.T.);
#10012 = VERTEX_POINT('',#10013);
#10013 = CARTESIAN_POINT('',(139.52,-48.5,1.585));
#10014 = VERTEX_POINT('',#10015);
#10015 = CARTESIAN_POINT('',(139.57,-48.45,1.585));
#10016 = CIRCLE('',#10017,5.000014378932E-02);
#10017 = AXIS2_PLACEMENT_3D('',#10018,#10019,#10020);
#10018 = CARTESIAN_POINT('',(139.57000014378,-48.50000014378,1.585));
#10019 = DIRECTION('',(0.,0.,-1.));
#10020 = DIRECTION('',(-0.999999999996,2.875774186501E-06,0.));
#10021 = ORIENTED_EDGE('',*,*,#10022,.T.);
#10022 = EDGE_CURVE('',#10014,#10023,#10025,.T.);
#10023 = VERTEX_POINT('',#10024);
#10024 = CARTESIAN_POINT('',(160.43,-48.45,1.585));
#10025 = LINE('',#10026,#10027);
#10026 = CARTESIAN_POINT('',(139.57,-48.45,1.585));
#10027 = VECTOR('',#10028,1.);
#10028 = DIRECTION('',(1.,0.,0.));
#10029 = ORIENTED_EDGE('',*,*,#10030,.T.);
#10030 = EDGE_CURVE('',#10023,#10031,#10033,.T.);
#10031 = VERTEX_POINT('',#10032);
#10032 = CARTESIAN_POINT('',(160.48,-48.5,1.585));
#10033 = CIRCLE('',#10034,5.000014378934E-02);
#10034 = AXIS2_PLACEMENT_3D('',#10035,#10036,#10037);
#10035 = CARTESIAN_POINT('',(160.42999985621,-48.50000014378,1.585));
#10036 = DIRECTION('',(0.,0.,-1.));
#10037 = DIRECTION('',(2.875774754932E-06,0.999999999996,0.));
#10038 = ORIENTED_EDGE('',*,*,#10039,.T.);
#10039 = EDGE_CURVE('',#10031,#10040,#10042,.T.);
#10040 = VERTEX_POINT('',#10041);
#10041 = CARTESIAN_POINT('',(160.48,-55.5,1.585));
#10042 = LINE('',#10043,#10044);
#10043 = CARTESIAN_POINT('',(160.48,-48.5,1.585));
#10044 = VECTOR('',#10045,1.);
#10045 = DIRECTION('',(0.,-1.,0.));
#10046 = ORIENTED_EDGE('',*,*,#10047,.T.);
#10047 = EDGE_CURVE('',#10040,#10048,#10050,.T.);
#10048 = VERTEX_POINT('',#10049);
#10049 = CARTESIAN_POINT('',(160.43,-55.55,1.585));
#10050 = CIRCLE('',#10051,5.000014378932E-02);
#10051 = AXIS2_PLACEMENT_3D('',#10052,#10053,#10054);
#10052 = CARTESIAN_POINT('',(160.42999985621,-55.49999985621,1.585));
#10053 = DIRECTION('',(0.,0.,-1.));
#10054 = DIRECTION('',(0.999999999996,-2.875774186501E-06,0.));
#10055 = ORIENTED_EDGE('',*,*,#10056,.T.);
#10056 = EDGE_CURVE('',#10048,#10057,#10059,.T.);
#10057 = VERTEX_POINT('',#10058);
#10058 = CARTESIAN_POINT('',(139.57,-55.55,1.585));
#10059 = LINE('',#10060,#10061);
#10060 = CARTESIAN_POINT('',(160.43,-55.55,1.585));
#10061 = VECTOR('',#10062,1.);
#10062 = DIRECTION('',(-1.,0.,0.));
#10063 = ORIENTED_EDGE('',*,*,#10064,.T.);
#10064 = EDGE_CURVE('',#10057,#10065,#10067,.T.);
#10065 = VERTEX_POINT('',#10066);
#10066 = CARTESIAN_POINT('',(139.52,-55.5,1.585));
#10067 = CIRCLE('',#10068,5.000014378934E-02);
#10068 = AXIS2_PLACEMENT_3D('',#10069,#10070,#10071);
#10069 = CARTESIAN_POINT('',(139.57000014378,-55.49999985621,1.585));
#10070 = DIRECTION('',(0.,0.,-1.));
#10071 = DIRECTION('',(-2.875774754932E-06,-0.999999999996,-0.));
#10072 = ORIENTED_EDGE('',*,*,#10073,.T.);
#10073 = EDGE_CURVE('',#10065,#10012,#10074,.T.);
#10074 = LINE('',#10075,#10076);
#10075 = CARTESIAN_POINT('',(139.52,-55.5,1.585));
#10076 = VECTOR('',#10077,1.);
#10077 = DIRECTION('',(0.,1.,0.));
#10078 = FACE_BOUND('',#10079,.F.);
#10079 = EDGE_LOOP('',(#10080,#10090,#10098,#10106));
#10080 = ORIENTED_EDGE('',*,*,#10081,.T.);
#10081 = EDGE_CURVE('',#10082,#10084,#10086,.T.);
#10082 = VERTEX_POINT('',#10083);
#10083 = CARTESIAN_POINT('',(160.38,-55.45,1.585));
#10084 = VERTEX_POINT('',#10085);
#10085 = CARTESIAN_POINT('',(160.38,-48.55,1.585));
#10086 = LINE('',#10087,#10088);
#10087 = CARTESIAN_POINT('',(160.38,-55.45,1.585));
#10088 = VECTOR('',#10089,1.);
#10089 = DIRECTION('',(0.,1.,0.));
#10090 = ORIENTED_EDGE('',*,*,#10091,.T.);
#10091 = EDGE_CURVE('',#10084,#10092,#10094,.T.);
#10092 = VERTEX_POINT('',#10093);
#10093 = CARTESIAN_POINT('',(139.62,-48.55,1.585));
#10094 = LINE('',#10095,#10096);
#10095 = CARTESIAN_POINT('',(160.38,-48.55,1.585));
#10096 = VECTOR('',#10097,1.);
#10097 = DIRECTION('',(-1.,0.,0.));
#10098 = ORIENTED_EDGE('',*,*,#10099,.T.);
#10099 = EDGE_CURVE('',#10092,#10100,#10102,.T.);
#10100 = VERTEX_POINT('',#10101);
#10101 = CARTESIAN_POINT('',(139.62,-55.45,1.585));
#10102 = LINE('',#10103,#10104);
#10103 = CARTESIAN_POINT('',(139.62,-48.55,1.585));
#10104 = VECTOR('',#10105,1.);
#10105 = DIRECTION('',(0.,-1.,0.));
#10106 = ORIENTED_EDGE('',*,*,#10107,.T.);
#10107 = EDGE_CURVE('',#10100,#10082,#10108,.T.);
#10108 = LINE('',#10109,#10110);
#10109 = CARTESIAN_POINT('',(139.62,-55.45,1.585));
#10110 = VECTOR('',#10111,1.);
#10111 = DIRECTION('',(1.,0.,0.));
#10112 = PLANE('',#10113);
#10113 = AXIS2_PLACEMENT_3D('',#10114,#10115,#10116);
#10114 = CARTESIAN_POINT('',(0.,0.,1.585));
#10115 = DIRECTION('',(0.,0.,1.));
#10116 = DIRECTION('',(1.,0.,-0.));
#10117 = SHELL_BASED_SURFACE_MODEL('',(#10118));
#10118 = OPEN_SHELL('',(#10119));
#10119 = ADVANCED_FACE('',(#10120,#10190),#10224,.T.);
#10120 = FACE_BOUND('',#10121,.F.);
#10121 = EDGE_LOOP('',(#10122,#10133,#10141,#10150,#10158,#10167,#10175,
    #10184));
#10122 = ORIENTED_EDGE('',*,*,#10123,.T.);
#10123 = EDGE_CURVE('',#10124,#10126,#10128,.T.);
#10124 = VERTEX_POINT('',#10125);
#10125 = CARTESIAN_POINT('',(165.52,-48.5,1.585));
#10126 = VERTEX_POINT('',#10127);
#10127 = CARTESIAN_POINT('',(165.57,-48.45,1.585));
#10128 = CIRCLE('',#10129,5.000014378932E-02);
#10129 = AXIS2_PLACEMENT_3D('',#10130,#10131,#10132);
#10130 = CARTESIAN_POINT('',(165.57000014378,-48.50000014378,1.585));
#10131 = DIRECTION('',(0.,0.,-1.));
#10132 = DIRECTION('',(-0.999999999996,2.875774186501E-06,0.));
#10133 = ORIENTED_EDGE('',*,*,#10134,.T.);
#10134 = EDGE_CURVE('',#10126,#10135,#10137,.T.);
#10135 = VERTEX_POINT('',#10136);
#10136 = CARTESIAN_POINT('',(186.43,-48.45,1.585));
#10137 = LINE('',#10138,#10139);
#10138 = CARTESIAN_POINT('',(165.57,-48.45,1.585));
#10139 = VECTOR('',#10140,1.);
#10140 = DIRECTION('',(1.,0.,0.));
#10141 = ORIENTED_EDGE('',*,*,#10142,.T.);
#10142 = EDGE_CURVE('',#10135,#10143,#10145,.T.);
#10143 = VERTEX_POINT('',#10144);
#10144 = CARTESIAN_POINT('',(186.48,-48.5,1.585));
#10145 = CIRCLE('',#10146,5.000014378934E-02);
#10146 = AXIS2_PLACEMENT_3D('',#10147,#10148,#10149);
#10147 = CARTESIAN_POINT('',(186.42999985621,-48.50000014378,1.585));
#10148 = DIRECTION('',(0.,0.,-1.));
#10149 = DIRECTION('',(2.875774754932E-06,0.999999999996,0.));
#10150 = ORIENTED_EDGE('',*,*,#10151,.T.);
#10151 = EDGE_CURVE('',#10143,#10152,#10154,.T.);
#10152 = VERTEX_POINT('',#10153);
#10153 = CARTESIAN_POINT('',(186.48,-55.5,1.585));
#10154 = LINE('',#10155,#10156);
#10155 = CARTESIAN_POINT('',(186.48,-48.5,1.585));
#10156 = VECTOR('',#10157,1.);
#10157 = DIRECTION('',(0.,-1.,0.));
#10158 = ORIENTED_EDGE('',*,*,#10159,.T.);
#10159 = EDGE_CURVE('',#10152,#10160,#10162,.T.);
#10160 = VERTEX_POINT('',#10161);
#10161 = CARTESIAN_POINT('',(186.43,-55.55,1.585));
#10162 = CIRCLE('',#10163,5.000014378932E-02);
#10163 = AXIS2_PLACEMENT_3D('',#10164,#10165,#10166);
#10164 = CARTESIAN_POINT('',(186.42999985621,-55.49999985621,1.585));
#10165 = DIRECTION('',(0.,0.,-1.));
#10166 = DIRECTION('',(0.999999999996,-2.875774186501E-06,0.));
#10167 = ORIENTED_EDGE('',*,*,#10168,.T.);
#10168 = EDGE_CURVE('',#10160,#10169,#10171,.T.);
#10169 = VERTEX_POINT('',#10170);
#10170 = CARTESIAN_POINT('',(165.57,-55.55,1.585));
#10171 = LINE('',#10172,#10173);
#10172 = CARTESIAN_POINT('',(186.43,-55.55,1.585));
#10173 = VECTOR('',#10174,1.);
#10174 = DIRECTION('',(-1.,0.,0.));
#10175 = ORIENTED_EDGE('',*,*,#10176,.T.);
#10176 = EDGE_CURVE('',#10169,#10177,#10179,.T.);
#10177 = VERTEX_POINT('',#10178);
#10178 = CARTESIAN_POINT('',(165.52,-55.5,1.585));
#10179 = CIRCLE('',#10180,5.000014378934E-02);
#10180 = AXIS2_PLACEMENT_3D('',#10181,#10182,#10183);
#10181 = CARTESIAN_POINT('',(165.57000014378,-55.49999985621,1.585));
#10182 = DIRECTION('',(0.,0.,-1.));
#10183 = DIRECTION('',(-2.875774754932E-06,-0.999999999996,-0.));
#10184 = ORIENTED_EDGE('',*,*,#10185,.T.);
#10185 = EDGE_CURVE('',#10177,#10124,#10186,.T.);
#10186 = LINE('',#10187,#10188);
#10187 = CARTESIAN_POINT('',(165.52,-55.5,1.585));
#10188 = VECTOR('',#10189,1.);
#10189 = DIRECTION('',(0.,1.,0.));
#10190 = FACE_BOUND('',#10191,.F.);
#10191 = EDGE_LOOP('',(#10192,#10202,#10210,#10218));
#10192 = ORIENTED_EDGE('',*,*,#10193,.T.);
#10193 = EDGE_CURVE('',#10194,#10196,#10198,.T.);
#10194 = VERTEX_POINT('',#10195);
#10195 = CARTESIAN_POINT('',(186.38,-55.45,1.585));
#10196 = VERTEX_POINT('',#10197);
#10197 = CARTESIAN_POINT('',(186.38,-48.55,1.585));
#10198 = LINE('',#10199,#10200);
#10199 = CARTESIAN_POINT('',(186.38,-55.45,1.585));
#10200 = VECTOR('',#10201,1.);
#10201 = DIRECTION('',(0.,1.,0.));
#10202 = ORIENTED_EDGE('',*,*,#10203,.T.);
#10203 = EDGE_CURVE('',#10196,#10204,#10206,.T.);
#10204 = VERTEX_POINT('',#10205);
#10205 = CARTESIAN_POINT('',(165.62,-48.55,1.585));
#10206 = LINE('',#10207,#10208);
#10207 = CARTESIAN_POINT('',(186.38,-48.55,1.585));
#10208 = VECTOR('',#10209,1.);
#10209 = DIRECTION('',(-1.,0.,0.));
#10210 = ORIENTED_EDGE('',*,*,#10211,.T.);
#10211 = EDGE_CURVE('',#10204,#10212,#10214,.T.);
#10212 = VERTEX_POINT('',#10213);
#10213 = CARTESIAN_POINT('',(165.62,-55.45,1.585));
#10214 = LINE('',#10215,#10216);
#10215 = CARTESIAN_POINT('',(165.62,-48.55,1.585));
#10216 = VECTOR('',#10217,1.);
#10217 = DIRECTION('',(0.,-1.,0.));
#10218 = ORIENTED_EDGE('',*,*,#10219,.T.);
#10219 = EDGE_CURVE('',#10212,#10194,#10220,.T.);
#10220 = LINE('',#10221,#10222);
#10221 = CARTESIAN_POINT('',(165.62,-55.45,1.585));
#10222 = VECTOR('',#10223,1.);
#10223 = DIRECTION('',(1.,0.,0.));
#10224 = PLANE('',#10225);
#10225 = AXIS2_PLACEMENT_3D('',#10226,#10227,#10228);
#10226 = CARTESIAN_POINT('',(0.,0.,1.585));
#10227 = DIRECTION('',(0.,0.,1.));
#10228 = DIRECTION('',(1.,0.,-0.));
#10229 = SHELL_BASED_SURFACE_MODEL('',(#10230));
#10230 = OPEN_SHELL('',(#10231));
#10231 = ADVANCED_FACE('',(#10232),#10414,.T.);
#10232 = FACE_BOUND('',#10233,.F.);
#10233 = EDGE_LOOP('',(#10234,#10244,#10252,#10260,#10268,#10276,#10284,
    #10292,#10300,#10308,#10316,#10325,#10333,#10342,#10350,#10358,
    #10366,#10375,#10383,#10391,#10399,#10408));
#10234 = ORIENTED_EDGE('',*,*,#10235,.T.);
#10235 = EDGE_CURVE('',#10236,#10238,#10240,.T.);
#10236 = VERTEX_POINT('',#10237);
#10237 = CARTESIAN_POINT('',(149.768528,-45.884683,1.585));
#10238 = VERTEX_POINT('',#10239);
#10239 = CARTESIAN_POINT('',(149.887849,-45.824661,1.585));
#10240 = LINE('',#10241,#10242);
#10241 = CARTESIAN_POINT('',(149.768528,-45.884683,1.585));
#10242 = VECTOR('',#10243,1.);
#10243 = DIRECTION('',(0.893341967462,0.449377490727,0.));
#10244 = ORIENTED_EDGE('',*,*,#10245,.T.);
#10245 = EDGE_CURVE('',#10238,#10246,#10248,.T.);
#10246 = VERTEX_POINT('',#10247);
#10247 = CARTESIAN_POINT('',(150.139673,-45.822907,1.585));
#10248 = LINE('',#10249,#10250);
#10249 = CARTESIAN_POINT('',(149.887849,-45.824661,1.585));
#10250 = VECTOR('',#10251,1.);
#10251 = DIRECTION('',(0.999975744002,6.965013084448E-03,0.));
#10252 = ORIENTED_EDGE('',*,*,#10253,.T.);
#10253 = EDGE_CURVE('',#10246,#10254,#10256,.T.);
#10254 = VERTEX_POINT('',#10255);
#10255 = CARTESIAN_POINT('',(150.159578,-45.827698,1.585));
#10256 = LINE('',#10257,#10258);
#10257 = CARTESIAN_POINT('',(150.139673,-45.822907,1.585));
#10258 = VECTOR('',#10259,1.);
#10259 = DIRECTION('',(0.972234133225,-0.234010235231,0.));
#10260 = ORIENTED_EDGE('',*,*,#10261,.T.);
#10261 = EDGE_CURVE('',#10254,#10262,#10264,.T.);
#10262 = VERTEX_POINT('',#10263);
#10263 = CARTESIAN_POINT('',(150.26781,-45.884683,1.585));
#10264 = LINE('',#10265,#10266);
#10265 = CARTESIAN_POINT('',(150.159578,-45.827698,1.585));
#10266 = VECTOR('',#10267,1.);
#10267 = DIRECTION('',(0.884848162195,-0.465879522902,0.));
#10268 = ORIENTED_EDGE('',*,*,#10269,.T.);
#10269 = EDGE_CURVE('',#10262,#10270,#10272,.T.);
#10270 = VERTEX_POINT('',#10271);
#10271 = CARTESIAN_POINT('',(150.324795,-45.945296,1.585));
#10272 = LINE('',#10273,#10274);
#10273 = CARTESIAN_POINT('',(150.26781,-45.884683,1.585));
#10274 = VECTOR('',#10275,1.);
#10275 = DIRECTION('',(0.68496603593,-0.728574999312,0.));
#10276 = ORIENTED_EDGE('',*,*,#10277,.T.);
#10277 = EDGE_CURVE('',#10270,#10278,#10280,.T.);
#10278 = VERTEX_POINT('',#10279);
#10279 = CARTESIAN_POINT('',(150.37545,-46.051622,1.585));
#10280 = LINE('',#10281,#10282);
#10281 = CARTESIAN_POINT('',(150.324795,-45.945296,1.585));
#10282 = VECTOR('',#10283,1.);
#10283 = DIRECTION('',(0.430096717347,-0.902782816478,0.));
#10284 = ORIENTED_EDGE('',*,*,#10285,.T.);
#10285 = EDGE_CURVE('',#10278,#10286,#10288,.T.);
#10286 = VERTEX_POINT('',#10287);
#10287 = CARTESIAN_POINT('',(150.375127,-46.173945,1.585));
#10288 = LINE('',#10289,#10290);
#10289 = CARTESIAN_POINT('',(150.37545,-46.051622,1.585));
#10290 = VECTOR('',#10291,1.);
#10291 = DIRECTION('',(-2.640540813708E-03,-0.999996513766,0.));
#10292 = ORIENTED_EDGE('',*,*,#10293,.T.);
#10293 = EDGE_CURVE('',#10286,#10294,#10296,.T.);
#10294 = VERTEX_POINT('',#10295);
#10295 = CARTESIAN_POINT('',(150.321817,-46.326784,1.585));
#10296 = LINE('',#10297,#10298);
#10297 = CARTESIAN_POINT('',(150.375127,-46.173945,1.585));
#10298 = VECTOR('',#10299,1.);
#10299 = DIRECTION('',(-0.329339494705,-0.944211574398,0.));
#10300 = ORIENTED_EDGE('',*,*,#10301,.T.);
#10301 = EDGE_CURVE('',#10294,#10302,#10304,.T.);
#10302 = VERTEX_POINT('',#10303);
#10303 = CARTESIAN_POINT('',(149.829356,-46.822419,1.585));
#10304 = LINE('',#10305,#10306);
#10305 = CARTESIAN_POINT('',(150.321817,-46.326784,1.585));
#10306 = VECTOR('',#10307,1.);
#10307 = DIRECTION('',(-0.704831749184,-0.709374516981,0.));
#10308 = ORIENTED_EDGE('',*,*,#10309,.T.);
#10309 = EDGE_CURVE('',#10302,#10310,#10312,.T.);
#10310 = VERTEX_POINT('',#10311);
#10311 = CARTESIAN_POINT('',(150.327693,-46.822419,1.585));
#10312 = LINE('',#10313,#10314);
#10313 = CARTESIAN_POINT('',(149.829356,-46.822419,1.585));
#10314 = VECTOR('',#10315,1.);
#10315 = DIRECTION('',(1.,0.,0.));
#10316 = ORIENTED_EDGE('',*,*,#10317,.T.);
#10317 = EDGE_CURVE('',#10310,#10318,#10320,.T.);
#10318 = VERTEX_POINT('',#10319);
#10319 = CARTESIAN_POINT('',(150.327693,-46.922419,1.585));
#10320 = CIRCLE('',#10321,5.000000000002E-02);
#10321 = AXIS2_PLACEMENT_3D('',#10322,#10323,#10324);
#10322 = CARTESIAN_POINT('',(150.32769295228,-46.872419,1.585));
#10323 = DIRECTION('',(0.,0.,-1.));
#10324 = DIRECTION('',(9.542367251921E-07,1.,0.));
#10325 = ORIENTED_EDGE('',*,*,#10326,.T.);
#10326 = EDGE_CURVE('',#10318,#10327,#10329,.T.);
#10327 = VERTEX_POINT('',#10328);
#10328 = CARTESIAN_POINT('',(149.708646,-46.922419,1.585));
#10329 = LINE('',#10330,#10331);
#10330 = CARTESIAN_POINT('',(150.327693,-46.922419,1.585));
#10331 = VECTOR('',#10332,1.);
#10332 = DIRECTION('',(-1.,0.,0.));
#10333 = ORIENTED_EDGE('',*,*,#10334,.T.);
#10334 = EDGE_CURVE('',#10327,#10335,#10337,.T.);
#10335 = VERTEX_POINT('',#10336);
#10336 = CARTESIAN_POINT('',(149.673291,-46.837064,1.585));
#10337 = CIRCLE('',#10338,4.999963895009E-02);
#10338 = AXIS2_PLACEMENT_3D('',#10339,#10340,#10341);
#10339 = CARTESIAN_POINT('',(149.70864580646,-46.87241936105,1.585));
#10340 = DIRECTION('',(0.,0.,-1.));
#10341 = DIRECTION('',(3.870737356916E-06,-0.999999999993,0.));
#10342 = ORIENTED_EDGE('',*,*,#10343,.T.);
#10343 = EDGE_CURVE('',#10335,#10344,#10346,.T.);
#10344 = VERTEX_POINT('',#10345);
#10345 = CARTESIAN_POINT('',(150.236372,-46.273981,1.585));
#10346 = LINE('',#10347,#10348);
#10347 = CARTESIAN_POINT('',(149.673291,-46.837064,1.585));
#10348 = VECTOR('',#10349,1.);
#10349 = DIRECTION('',(0.707105525406,0.707108036965,0.));
#10350 = ORIENTED_EDGE('',*,*,#10351,.T.);
#10351 = EDGE_CURVE('',#10344,#10352,#10354,.T.);
#10352 = VERTEX_POINT('',#10353);
#10353 = CARTESIAN_POINT('',(150.277693,-46.15002,1.585));
#10354 = LINE('',#10355,#10356);
#10355 = CARTESIAN_POINT('',(150.236372,-46.273981,1.585));
#10356 = VECTOR('',#10357,1.);
#10357 = DIRECTION('',(0.316232357853,0.948681767426,0.));
#10358 = ORIENTED_EDGE('',*,*,#10359,.T.);
#10359 = EDGE_CURVE('',#10352,#10360,#10362,.T.);
#10360 = VERTEX_POINT('',#10361);
#10361 = CARTESIAN_POINT('',(150.277693,-46.074698,1.585));
#10362 = LINE('',#10363,#10364);
#10363 = CARTESIAN_POINT('',(150.277693,-46.15002,1.585));
#10364 = VECTOR('',#10365,1.);
#10365 = DIRECTION('',(0.,1.,0.));
#10366 = ORIENTED_EDGE('',*,*,#10367,.T.);
#10367 = EDGE_CURVE('',#10360,#10368,#10370,.T.);
#10368 = VERTEX_POINT('',#10369);
#10369 = CARTESIAN_POINT('',(150.125414,-45.922419,1.585));
#10370 = CIRCLE('',#10371,0.215066604438);
#10371 = AXIS2_PLACEMENT_3D('',#10372,#10373,#10374);
#10372 = CARTESIAN_POINT('',(150.06991156628,-46.13020043371,1.585));
#10373 = DIRECTION('',(0.,0.,1.));
#10374 = DIRECTION('',(0.966125978774,0.258070907192,-0.));
#10375 = ORIENTED_EDGE('',*,*,#10376,.T.);
#10376 = EDGE_CURVE('',#10368,#10377,#10379,.T.);
#10377 = VERTEX_POINT('',#10378);
#10378 = CARTESIAN_POINT('',(149.910926,-45.922419,1.585));
#10379 = LINE('',#10380,#10381);
#10380 = CARTESIAN_POINT('',(150.125414,-45.922419,1.585));
#10381 = VECTOR('',#10382,1.);
#10382 = DIRECTION('',(-1.,0.,0.));
#10383 = ORIENTED_EDGE('',*,*,#10384,.T.);
#10384 = EDGE_CURVE('',#10377,#10385,#10387,.T.);
#10385 = VERTEX_POINT('',#10386);
#10386 = CARTESIAN_POINT('',(149.833502,-45.96113,1.585));
#10387 = LINE('',#10388,#10389);
#10388 = CARTESIAN_POINT('',(149.910926,-45.922419,1.585));
#10389 = VECTOR('',#10390,1.);
#10390 = DIRECTION('',(-0.894431811906,-0.447204353569,0.));
#10391 = ORIENTED_EDGE('',*,*,#10392,.T.);
#10392 = EDGE_CURVE('',#10385,#10393,#10395,.T.);
#10393 = VERTEX_POINT('',#10394);
#10394 = CARTESIAN_POINT('',(149.775399,-46.013851,1.585));
#10395 = LINE('',#10396,#10397);
#10396 = CARTESIAN_POINT('',(149.833502,-45.96113,1.585));
#10397 = VECTOR('',#10398,1.);
#10398 = DIRECTION('',(-0.74057357825,-0.67197527871,0.));
#10399 = ORIENTED_EDGE('',*,*,#10400,.T.);
#10400 = EDGE_CURVE('',#10393,#10401,#10403,.T.);
#10401 = VERTEX_POINT('',#10402);
#10402 = CARTESIAN_POINT('',(149.710071,-45.948523,1.585));
#10403 = CIRCLE('',#10404,4.999995591997E-02);
#10404 = AXIS2_PLACEMENT_3D('',#10405,#10406,#10407);
#10405 = CARTESIAN_POINT('',(149.756265,-45.967657,1.585));
#10406 = DIRECTION('',(0.,0.,-1.));
#10407 = DIRECTION('',(0.382680337371,-0.923880814494,0.));
#10408 = ORIENTED_EDGE('',*,*,#10409,.T.);
#10409 = EDGE_CURVE('',#10401,#10236,#10410,.T.);
#10410 = LINE('',#10411,#10412);
#10411 = CARTESIAN_POINT('',(149.710071,-45.948523,1.585));
#10412 = VECTOR('',#10413,1.);
#10413 = DIRECTION('',(0.675329040753,0.737516567078,0.));
#10414 = PLANE('',#10415);
#10415 = AXIS2_PLACEMENT_3D('',#10416,#10417,#10418);
#10416 = CARTESIAN_POINT('',(0.,0.,1.585));
#10417 = DIRECTION('',(0.,0.,1.));
#10418 = DIRECTION('',(1.,0.,-0.));
#10419 = SHELL_BASED_SURFACE_MODEL('',(#10420));
#10420 = OPEN_SHELL('',(#10421));
#10421 = ADVANCED_FACE('',(#10422),#10631,.T.);
#10422 = FACE_BOUND('',#10423,.F.);
#10423 = EDGE_LOOP('',(#10424,#10434,#10442,#10451,#10459,#10467,#10475,
    #10483,#10491,#10499,#10508,#10516,#10525,#10533,#10542,#10550,
    #10559,#10567,#10576,#10584,#10593,#10601,#10609,#10617,#10625));
#10424 = ORIENTED_EDGE('',*,*,#10425,.T.);
#10425 = EDGE_CURVE('',#10426,#10428,#10430,.T.);
#10426 = VERTEX_POINT('',#10427);
#10427 = CARTESIAN_POINT('',(175.25769,-45.853285,1.585));
#10428 = VERTEX_POINT('',#10429);
#10429 = CARTESIAN_POINT('',(175.289441,-45.82455,1.585));
#10430 = LINE('',#10431,#10432);
#10431 = CARTESIAN_POINT('',(175.25769,-45.853285,1.585));
#10432 = VECTOR('',#10433,1.);
#10433 = DIRECTION('',(0.741443937177,0.671014819526,0.));
#10434 = ORIENTED_EDGE('',*,*,#10435,.T.);
#10435 = EDGE_CURVE('',#10428,#10436,#10438,.T.);
#10436 = VERTEX_POINT('',#10437);
#10437 = CARTESIAN_POINT('',(175.780074,-45.822419,1.585));
#10438 = LINE('',#10439,#10440);
#10439 = CARTESIAN_POINT('',(175.289441,-45.82455,1.585));
#10440 = VECTOR('',#10441,1.);
#10441 = DIRECTION('',(0.999990567708,4.343327700727E-03,0.));
#10442 = ORIENTED_EDGE('',*,*,#10443,.T.);
#10443 = EDGE_CURVE('',#10436,#10444,#10446,.T.);
#10444 = VERTEX_POINT('',#10445);
#10445 = CARTESIAN_POINT('',(175.780074,-45.922419,1.585));
#10446 = CIRCLE('',#10447,5.000000000002E-02);
#10447 = AXIS2_PLACEMENT_3D('',#10448,#10449,#10450);
#10448 = CARTESIAN_POINT('',(175.78007395228,-45.872419,1.585));
#10449 = DIRECTION('',(0.,0.,-1.));
#10450 = DIRECTION('',(9.542367251921E-07,1.,0.));
#10451 = ORIENTED_EDGE('',*,*,#10452,.T.);
#10452 = EDGE_CURVE('',#10444,#10453,#10455,.T.);
#10453 = VERTEX_POINT('',#10454);
#10454 = CARTESIAN_POINT('',(175.349133,-45.922419,1.585));
#10455 = LINE('',#10456,#10457);
#10456 = CARTESIAN_POINT('',(175.780074,-45.922419,1.585));
#10457 = VECTOR('',#10458,1.);
#10458 = DIRECTION('',(-1.,0.,0.));
#10459 = ORIENTED_EDGE('',*,*,#10460,.T.);
#10460 = EDGE_CURVE('',#10453,#10461,#10463,.T.);
#10461 = VERTEX_POINT('',#10462);
#10462 = CARTESIAN_POINT('',(175.317549,-46.238255,1.585));
#10463 = LINE('',#10464,#10465);
#10464 = CARTESIAN_POINT('',(175.349133,-45.922419,1.585));
#10465 = VECTOR('',#10466,1.);
#10466 = DIRECTION('',(-9.95049667383E-02,-0.995037065437,0.));
#10467 = ORIENTED_EDGE('',*,*,#10468,.T.);
#10468 = EDGE_CURVE('',#10461,#10469,#10471,.T.);
#10469 = VERTEX_POINT('',#10470);
#10470 = CARTESIAN_POINT('',(175.395577,-46.203497,1.585));
#10471 = LINE('',#10472,#10473);
#10472 = CARTESIAN_POINT('',(175.317549,-46.238255,1.585));
#10473 = VECTOR('',#10474,1.);
#10474 = DIRECTION('',(0.913468463541,0.406909530627,0.));
#10475 = ORIENTED_EDGE('',*,*,#10476,.T.);
#10476 = EDGE_CURVE('',#10469,#10477,#10479,.T.);
#10477 = VERTEX_POINT('',#10478);
#10478 = CARTESIAN_POINT('',(175.648489,-46.205613,1.585));
#10479 = LINE('',#10480,#10481);
#10480 = CARTESIAN_POINT('',(175.395577,-46.203497,1.585));
#10481 = VECTOR('',#10482,1.);
#10482 = DIRECTION('',(0.999965002287,-8.36625365677E-03,0.));
#10483 = ORIENTED_EDGE('',*,*,#10484,.T.);
#10484 = EDGE_CURVE('',#10477,#10485,#10487,.T.);
#10485 = VERTEX_POINT('',#10486);
#10486 = CARTESIAN_POINT('',(175.76781,-46.265635,1.585));
#10487 = LINE('',#10488,#10489);
#10488 = CARTESIAN_POINT('',(175.648489,-46.205613,1.585));
#10489 = VECTOR('',#10490,1.);
#10490 = DIRECTION('',(0.893341967462,-0.449377490727,0.));
#10491 = ORIENTED_EDGE('',*,*,#10492,.T.);
#10492 = EDGE_CURVE('',#10485,#10493,#10495,.T.);
#10493 = VERTEX_POINT('',#10494);
#10494 = CARTESIAN_POINT('',(175.824795,-46.326248,1.585));
#10495 = LINE('',#10496,#10497);
#10496 = CARTESIAN_POINT('',(175.76781,-46.265635,1.585));
#10497 = VECTOR('',#10498,1.);
#10498 = DIRECTION('',(0.68496603593,-0.728574999312,0.));
#10499 = ORIENTED_EDGE('',*,*,#10500,.T.);
#10500 = EDGE_CURVE('',#10493,#10501,#10503,.T.);
#10501 = VERTEX_POINT('',#10502);
#10502 = CARTESIAN_POINT('',(175.81543,-46.812535,1.585));
#10503 = CIRCLE('',#10504,0.42989777466);
#10504 = AXIS2_PLACEMENT_3D('',#10505,#10506,#10507);
#10505 = CARTESIAN_POINT('',(175.46567658496,-46.56256571122,1.585));
#10506 = DIRECTION('',(0.,0.,-1.));
#10507 = DIRECTION('',(0.835357697115,0.549706756253,0.));
#10508 = ORIENTED_EDGE('',*,*,#10509,.T.);
#10509 = EDGE_CURVE('',#10501,#10510,#10512,.T.);
#10510 = VERTEX_POINT('',#10511);
#10511 = CARTESIAN_POINT('',(175.754815,-46.869522,1.585));
#10512 = LINE('',#10513,#10514);
#10513 = CARTESIAN_POINT('',(175.81543,-46.812535,1.585));
#10514 = VECTOR('',#10515,1.);
#10515 = DIRECTION('',(-0.728574281239,-0.684966799719,0.));
#10516 = ORIENTED_EDGE('',*,*,#10517,.T.);
#10517 = EDGE_CURVE('',#10510,#10518,#10520,.T.);
#10518 = VERTEX_POINT('',#10519);
#10519 = CARTESIAN_POINT('',(175.268528,-46.860155,1.585));
#10520 = CIRCLE('',#10521,0.429901003201);
#10521 = AXIS2_PLACEMENT_3D('',#10522,#10523,#10524);
#10522 = CARTESIAN_POINT('',(175.5184988211,-46.51039871177,1.585));
#10523 = DIRECTION('',(-0.,0.,-1.));
#10524 = DIRECTION('',(0.549699063597,-0.835362759213,-0.));
#10525 = ORIENTED_EDGE('',*,*,#10526,.T.);
#10526 = EDGE_CURVE('',#10518,#10527,#10529,.T.);
#10527 = VERTEX_POINT('',#10528);
#10528 = CARTESIAN_POINT('',(175.210071,-46.796314,1.585));
#10529 = LINE('',#10530,#10531);
#10530 = CARTESIAN_POINT('',(175.268528,-46.860155,1.585));
#10531 = VECTOR('',#10532,1.);
#10532 = DIRECTION('',(-0.675323286832,0.737521835787,0.));
#10533 = ORIENTED_EDGE('',*,*,#10534,.T.);
#10534 = EDGE_CURVE('',#10527,#10535,#10537,.T.);
#10535 = VERTEX_POINT('',#10536);
#10536 = CARTESIAN_POINT('',(175.2754,-46.730986,1.585));
#10537 = CIRCLE('',#10538,4.999995592928E-02);
#10538 = AXIS2_PLACEMENT_3D('',#10539,#10540,#10541);
#10539 = CARTESIAN_POINT('',(175.2562647929,-46.7771795,1.585));
#10540 = DIRECTION('',(0.,0.,-1.));
#10541 = DIRECTION('',(-0.92387667236,-0.382690337309,-0.));
#10542 = ORIENTED_EDGE('',*,*,#10543,.T.);
#10543 = EDGE_CURVE('',#10535,#10544,#10546,.T.);
#10544 = VERTEX_POINT('',#10545);
#10545 = CARTESIAN_POINT('',(175.333503,-46.783708,1.585));
#10546 = LINE('',#10547,#10548);
#10547 = CARTESIAN_POINT('',(175.2754,-46.730986,1.585));
#10548 = VECTOR('',#10549,1.);
#10549 = DIRECTION('',(0.740567235323,-0.671982269086,0.));
#10550 = ORIENTED_EDGE('',*,*,#10551,.T.);
#10551 = EDGE_CURVE('',#10544,#10552,#10554,.T.);
#10552 = VERTEX_POINT('',#10553);
#10553 = CARTESIAN_POINT('',(175.702835,-46.783708,1.585));
#10554 = CIRCLE('',#10555,0.329224842901);
#10555 = AXIS2_PLACEMENT_3D('',#10556,#10557,#10558);
#10556 = CARTESIAN_POINT('',(175.518169,-46.51115072963,1.585));
#10557 = DIRECTION('',(0.,0.,1.));
#10558 = DIRECTION('',(-0.560911498575,-0.827875770129,0.));
#10559 = ORIENTED_EDGE('',*,*,#10560,.T.);
#10560 = EDGE_CURVE('',#10552,#10561,#10563,.T.);
#10561 = VERTEX_POINT('',#10562);
#10562 = CARTESIAN_POINT('',(175.738981,-46.747561,1.585));
#10563 = LINE('',#10564,#10565);
#10564 = CARTESIAN_POINT('',(175.702835,-46.783708,1.585));
#10565 = VECTOR('',#10566,1.);
#10566 = DIRECTION('',(0.707096999995,0.707116562243,0.));
#10567 = ORIENTED_EDGE('',*,*,#10568,.T.);
#10568 = EDGE_CURVE('',#10561,#10569,#10571,.T.);
#10569 = VERTEX_POINT('',#10570);
#10570 = CARTESIAN_POINT('',(175.738981,-46.378227,1.585));
#10571 = CIRCLE('',#10572,0.329220402929);
#10572 = AXIS2_PLACEMENT_3D('',#10573,#10574,#10575);
#10573 = CARTESIAN_POINT('',(175.46642977029,-46.562894,1.585));
#10574 = DIRECTION('',(0.,-0.,1.));
#10575 = DIRECTION('',(0.82786858677,-0.560922100687,-0.));
#10576 = ORIENTED_EDGE('',*,*,#10577,.T.);
#10577 = EDGE_CURVE('',#10569,#10578,#10580,.T.);
#10578 = VERTEX_POINT('',#10579);
#10579 = CARTESIAN_POINT('',(175.702837,-46.342082,1.585));
#10580 = LINE('',#10581,#10582);
#10581 = CARTESIAN_POINT('',(175.738981,-46.378227,1.585));
#10582 = VECTOR('',#10583,1.);
#10583 = DIRECTION('',(-0.707096999454,0.707116562784,0.));
#10584 = ORIENTED_EDGE('',*,*,#10585,.T.);
#10585 = EDGE_CURVE('',#10578,#10586,#10588,.T.);
#10586 = VERTEX_POINT('',#10587);
#10587 = CARTESIAN_POINT('',(175.333502,-46.342082,1.585));
#10588 = CIRCLE('',#10589,0.329228167928);
#10589 = AXIS2_PLACEMENT_3D('',#10590,#10591,#10592);
#10590 = CARTESIAN_POINT('',(175.5181695,-46.6146422704,1.585));
#10591 = DIRECTION('',(0.,0.,1.));
#10592 = DIRECTION('',(0.560910389782,0.827876521369,-0.));
#10593 = ORIENTED_EDGE('',*,*,#10594,.T.);
#10594 = EDGE_CURVE('',#10586,#10595,#10597,.T.);
#10595 = VERTEX_POINT('',#10596);
#10596 = CARTESIAN_POINT('',(175.275399,-46.394803,1.585));
#10597 = LINE('',#10598,#10599);
#10598 = CARTESIAN_POINT('',(175.333502,-46.342082,1.585));
#10599 = VECTOR('',#10600,1.);
#10600 = DIRECTION('',(-0.74057357825,-0.67197527871,0.));
#10601 = ORIENTED_EDGE('',*,*,#10602,.T.);
#10602 = EDGE_CURVE('',#10595,#10603,#10605,.T.);
#10603 = VERTEX_POINT('',#10604);
#10604 = CARTESIAN_POINT('',(175.232629,-46.39267,1.585));
#10605 = LINE('',#10606,#10607);
#10606 = CARTESIAN_POINT('',(175.275399,-46.394803,1.585));
#10607 = VECTOR('',#10608,1.);
#10608 = DIRECTION('',(-0.998758736406,4.980950163093E-02,0.));
#10609 = ORIENTED_EDGE('',*,*,#10610,.T.);
#10610 = EDGE_CURVE('',#10603,#10611,#10613,.T.);
#10611 = VERTEX_POINT('',#10612);
#10612 = CARTESIAN_POINT('',(175.208396,-46.363052,1.585));
#10613 = LINE('',#10614,#10615);
#10614 = CARTESIAN_POINT('',(175.232629,-46.39267,1.585));
#10615 = VECTOR('',#10616,1.);
#10616 = DIRECTION('',(-0.633239213247,0.773956134937,0.));
#10617 = ORIENTED_EDGE('',*,*,#10618,.T.);
#10618 = EDGE_CURVE('',#10611,#10619,#10621,.T.);
#10619 = VERTEX_POINT('',#10620);
#10620 = CARTESIAN_POINT('',(175.206513,-46.343634,1.585));
#10621 = LINE('',#10622,#10623);
#10622 = CARTESIAN_POINT('',(175.208396,-46.363052,1.585));
#10623 = VECTOR('',#10624,1.);
#10624 = DIRECTION('',(-9.651913258577E-02,0.995331129346,0.));
#10625 = ORIENTED_EDGE('',*,*,#10626,.T.);
#10626 = EDGE_CURVE('',#10619,#10426,#10627,.T.);
#10627 = LINE('',#10628,#10629);
#10628 = CARTESIAN_POINT('',(175.206513,-46.343634,1.585));
#10629 = VECTOR('',#10630,1.);
#10630 = DIRECTION('',(0.103804691199,0.994597700623,0.));
#10631 = PLANE('',#10632);
#10632 = AXIS2_PLACEMENT_3D('',#10633,#10634,#10635);
#10633 = CARTESIAN_POINT('',(0.,0.,1.585));
#10634 = DIRECTION('',(0.,0.,1.));
#10635 = DIRECTION('',(1.,0.,-0.));
#10636 = SHELL_BASED_SURFACE_MODEL('',(#10637));
#10637 = OPEN_SHELL('',(#10638));
#10638 = ADVANCED_FACE('',(#10639,#10840),#10982,.T.);
#10639 = FACE_BOUND('',#10640,.T.);
#10640 = EDGE_LOOP('',(#10641,#10651,#10659,#10668,#10676,#10684,#10692,
    #10701,#10709,#10718,#10726,#10735,#10743,#10752,#10760,#10768,
    #10776,#10785,#10793,#10802,#10810,#10818,#10826,#10834));
#10641 = ORIENTED_EDGE('',*,*,#10642,.T.);
#10642 = EDGE_CURVE('',#10643,#10645,#10647,.T.);
#10643 = VERTEX_POINT('',#10644);
#10644 = CARTESIAN_POINT('',(132.631476,-81.234567,-7.5E-02));
#10645 = VERTEX_POINT('',#10646);
#10646 = CARTESIAN_POINT('',(132.654437,-81.23,-7.5E-02));
#10647 = LINE('',#10648,#10649);
#10648 = CARTESIAN_POINT('',(132.631476,-81.234567,-7.5E-02));
#10649 = VECTOR('',#10650,1.);
#10650 = DIRECTION('',(0.980787134598,0.195081000118,0.));
#10651 = ORIENTED_EDGE('',*,*,#10652,.T.);
#10652 = EDGE_CURVE('',#10645,#10653,#10655,.T.);
#10653 = VERTEX_POINT('',#10654);
#10654 = CARTESIAN_POINT('',(133.51,-81.23,-7.5E-02));
#10655 = LINE('',#10656,#10657);
#10656 = CARTESIAN_POINT('',(132.654437,-81.23,-7.5E-02));
#10657 = VECTOR('',#10658,1.);
#10658 = DIRECTION('',(1.,0.,0.));
#10659 = ORIENTED_EDGE('',*,*,#10660,.T.);
#10660 = EDGE_CURVE('',#10653,#10661,#10663,.T.);
#10661 = VERTEX_POINT('',#10662);
#10662 = CARTESIAN_POINT('',(133.57,-81.29,-7.5E-02));
#10663 = CIRCLE('',#10664,5.999932016256E-02);
#10664 = AXIS2_PLACEMENT_3D('',#10665,#10666,#10667);
#10665 = CARTESIAN_POINT('',(133.51000067984,-81.28999932015,-7.5E-02));
#10666 = DIRECTION('',(0.,0.,-1.));
#10667 = DIRECTION('',(-1.133081659513E-05,0.999999999936,0.));
#10668 = ORIENTED_EDGE('',*,*,#10669,.T.);
#10669 = EDGE_CURVE('',#10661,#10670,#10672,.T.);
#10670 = VERTEX_POINT('',#10671);
#10671 = CARTESIAN_POINT('',(133.57,-81.93,-7.5E-02));
#10672 = LINE('',#10673,#10674);
#10673 = CARTESIAN_POINT('',(133.57,-81.29,-7.5E-02));
#10674 = VECTOR('',#10675,1.);
#10675 = DIRECTION('',(0.,-1.,0.));
#10676 = ORIENTED_EDGE('',*,*,#10677,.T.);
#10677 = EDGE_CURVE('',#10670,#10678,#10680,.T.);
#10678 = VERTEX_POINT('',#10679);
#10679 = CARTESIAN_POINT('',(193.03,-81.93,-7.5E-02));
#10680 = LINE('',#10681,#10682);
#10681 = CARTESIAN_POINT('',(133.57,-81.93,-7.5E-02));
#10682 = VECTOR('',#10683,1.);
#10683 = DIRECTION('',(1.,0.,0.));
#10684 = ORIENTED_EDGE('',*,*,#10685,.T.);
#10685 = EDGE_CURVE('',#10678,#10686,#10688,.T.);
#10686 = VERTEX_POINT('',#10687);
#10687 = CARTESIAN_POINT('',(193.03,-81.29,-7.5E-02));
#10688 = LINE('',#10689,#10690);
#10689 = CARTESIAN_POINT('',(193.03,-81.93,-7.5E-02));
#10690 = VECTOR('',#10691,1.);
#10691 = DIRECTION('',(0.,1.,0.));
#10692 = ORIENTED_EDGE('',*,*,#10693,.T.);
#10693 = EDGE_CURVE('',#10686,#10694,#10696,.T.);
#10694 = VERTEX_POINT('',#10695);
#10695 = CARTESIAN_POINT('',(193.09,-81.23,-7.5E-02));
#10696 = CIRCLE('',#10697,5.999932016262E-02);
#10697 = AXIS2_PLACEMENT_3D('',#10698,#10699,#10700);
#10698 = CARTESIAN_POINT('',(193.08999932015,-81.28999932015,-7.5E-02));
#10699 = DIRECTION('',(0.,0.,-1.));
#10700 = DIRECTION('',(-0.999999999936,-1.133081564772E-05,-0.));
#10701 = ORIENTED_EDGE('',*,*,#10702,.T.);
#10702 = EDGE_CURVE('',#10694,#10703,#10705,.T.);
#10703 = VERTEX_POINT('',#10704);
#10704 = CARTESIAN_POINT('',(195.31,-81.23,-7.5E-02));
#10705 = LINE('',#10706,#10707);
#10706 = CARTESIAN_POINT('',(193.09,-81.23,-7.5E-02));
#10707 = VECTOR('',#10708,1.);
#10708 = DIRECTION('',(1.,0.,0.));
#10709 = ORIENTED_EDGE('',*,*,#10710,.T.);
#10710 = EDGE_CURVE('',#10703,#10711,#10713,.T.);
#10711 = VERTEX_POINT('',#10712);
#10712 = CARTESIAN_POINT('',(195.37,-81.29,-7.5E-02));
#10713 = CIRCLE('',#10714,5.999932016256E-02);
#10714 = AXIS2_PLACEMENT_3D('',#10715,#10716,#10717);
#10715 = CARTESIAN_POINT('',(195.31000067984,-81.28999932015,-7.5E-02));
#10716 = DIRECTION('',(0.,0.,-1.));
#10717 = DIRECTION('',(-1.133081659513E-05,0.999999999936,0.));
#10718 = ORIENTED_EDGE('',*,*,#10719,.T.);
#10719 = EDGE_CURVE('',#10711,#10720,#10722,.T.);
#10720 = VERTEX_POINT('',#10721);
#10721 = CARTESIAN_POINT('',(195.37,-88.51,-7.5E-02));
#10722 = LINE('',#10723,#10724);
#10723 = CARTESIAN_POINT('',(195.37,-81.29,-7.5E-02));
#10724 = VECTOR('',#10725,1.);
#10725 = DIRECTION('',(0.,-1.,0.));
#10726 = ORIENTED_EDGE('',*,*,#10727,.T.);
#10727 = EDGE_CURVE('',#10720,#10728,#10730,.T.);
#10728 = VERTEX_POINT('',#10729);
#10729 = CARTESIAN_POINT('',(195.31,-88.57,-7.5E-02));
#10730 = CIRCLE('',#10731,5.999932016262E-02);
#10731 = AXIS2_PLACEMENT_3D('',#10732,#10733,#10734);
#10732 = CARTESIAN_POINT('',(195.31000067984,-88.51000067984,-7.5E-02));
#10733 = DIRECTION('',(0.,0.,-1.));
#10734 = DIRECTION('',(0.999999999936,1.133081541087E-05,0.));
#10735 = ORIENTED_EDGE('',*,*,#10736,.T.);
#10736 = EDGE_CURVE('',#10728,#10737,#10739,.T.);
#10737 = VERTEX_POINT('',#10738);
#10738 = CARTESIAN_POINT('',(193.09,-88.57,-7.5E-02));
#10739 = LINE('',#10740,#10741);
#10740 = CARTESIAN_POINT('',(195.31,-88.57,-7.5E-02));
#10741 = VECTOR('',#10742,1.);
#10742 = DIRECTION('',(-1.,0.,0.));
#10743 = ORIENTED_EDGE('',*,*,#10744,.T.);
#10744 = EDGE_CURVE('',#10737,#10745,#10747,.T.);
#10745 = VERTEX_POINT('',#10746);
#10746 = CARTESIAN_POINT('',(193.03,-88.51,-7.5E-02));
#10747 = CIRCLE('',#10748,5.999932016257E-02);
#10748 = AXIS2_PLACEMENT_3D('',#10749,#10750,#10751);
#10749 = CARTESIAN_POINT('',(193.08999932015,-88.51000067984,-7.5E-02));
#10750 = DIRECTION('',(0.,0.,-1.));
#10751 = DIRECTION('',(1.133081659513E-05,-0.999999999936,0.));
#10752 = ORIENTED_EDGE('',*,*,#10753,.T.);
#10753 = EDGE_CURVE('',#10745,#10754,#10756,.T.);
#10754 = VERTEX_POINT('',#10755);
#10755 = CARTESIAN_POINT('',(193.03,-87.87,-7.5E-02));
#10756 = LINE('',#10757,#10758);
#10757 = CARTESIAN_POINT('',(193.03,-88.51,-7.5E-02));
#10758 = VECTOR('',#10759,1.);
#10759 = DIRECTION('',(0.,1.,0.));
#10760 = ORIENTED_EDGE('',*,*,#10761,.T.);
#10761 = EDGE_CURVE('',#10754,#10762,#10764,.T.);
#10762 = VERTEX_POINT('',#10763);
#10763 = CARTESIAN_POINT('',(133.57,-87.87,-7.5E-02));
#10764 = LINE('',#10765,#10766);
#10765 = CARTESIAN_POINT('',(193.03,-87.87,-7.5E-02));
#10766 = VECTOR('',#10767,1.);
#10767 = DIRECTION('',(-1.,0.,0.));
#10768 = ORIENTED_EDGE('',*,*,#10769,.T.);
#10769 = EDGE_CURVE('',#10762,#10770,#10772,.T.);
#10770 = VERTEX_POINT('',#10771);
#10771 = CARTESIAN_POINT('',(133.57,-88.51,-7.5E-02));
#10772 = LINE('',#10773,#10774);
#10773 = CARTESIAN_POINT('',(133.57,-87.87,-7.5E-02));
#10774 = VECTOR('',#10775,1.);
#10775 = DIRECTION('',(0.,-1.,0.));
#10776 = ORIENTED_EDGE('',*,*,#10777,.T.);
#10777 = EDGE_CURVE('',#10770,#10778,#10780,.T.);
#10778 = VERTEX_POINT('',#10779);
#10779 = CARTESIAN_POINT('',(133.51,-88.57,-7.5E-02));
#10780 = CIRCLE('',#10781,5.999932016256E-02);
#10781 = AXIS2_PLACEMENT_3D('',#10782,#10783,#10784);
#10782 = CARTESIAN_POINT('',(133.51000067984,-88.51000067984,-7.5E-02));
#10783 = DIRECTION('',(0.,0.,-1.));
#10784 = DIRECTION('',(0.999999999936,1.133081659513E-05,0.));
#10785 = ORIENTED_EDGE('',*,*,#10786,.T.);
#10786 = EDGE_CURVE('',#10778,#10787,#10789,.T.);
#10787 = VERTEX_POINT('',#10788);
#10788 = CARTESIAN_POINT('',(131.29,-88.57,-7.5E-02));
#10789 = LINE('',#10790,#10791);
#10790 = CARTESIAN_POINT('',(133.51,-88.57,-7.5E-02));
#10791 = VECTOR('',#10792,1.);
#10792 = DIRECTION('',(-1.,0.,0.));
#10793 = ORIENTED_EDGE('',*,*,#10794,.T.);
#10794 = EDGE_CURVE('',#10787,#10795,#10797,.T.);
#10795 = VERTEX_POINT('',#10796);
#10796 = CARTESIAN_POINT('',(131.23,-88.51,-7.5E-02));
#10797 = CIRCLE('',#10798,5.999932016263E-02);
#10798 = AXIS2_PLACEMENT_3D('',#10799,#10800,#10801);
#10799 = CARTESIAN_POINT('',(131.28999932015,-88.51000067984,-7.5E-02));
#10800 = DIRECTION('',(0.,0.,-1.));
#10801 = DIRECTION('',(1.133081564772E-05,-0.999999999936,0.));
#10802 = ORIENTED_EDGE('',*,*,#10803,.T.);
#10803 = EDGE_CURVE('',#10795,#10804,#10806,.T.);
#10804 = VERTEX_POINT('',#10805);
#10805 = CARTESIAN_POINT('',(131.23,-82.654437,-7.5E-02));
#10806 = LINE('',#10807,#10808);
#10807 = CARTESIAN_POINT('',(131.23,-88.51,-7.5E-02));
#10808 = VECTOR('',#10809,1.);
#10809 = DIRECTION('',(0.,1.,0.));
#10810 = ORIENTED_EDGE('',*,*,#10811,.T.);
#10811 = EDGE_CURVE('',#10804,#10812,#10814,.T.);
#10812 = VERTEX_POINT('',#10813);
#10813 = CARTESIAN_POINT('',(131.234567,-82.631476,-7.5E-02));
#10814 = LINE('',#10815,#10816);
#10815 = CARTESIAN_POINT('',(131.23,-82.654437,-7.5E-02));
#10816 = VECTOR('',#10817,1.);
#10817 = DIRECTION('',(0.195081000118,0.980787134598,0.));
#10818 = ORIENTED_EDGE('',*,*,#10819,.T.);
#10819 = EDGE_CURVE('',#10812,#10820,#10822,.T.);
#10820 = VERTEX_POINT('',#10821);
#10821 = CARTESIAN_POINT('',(131.247574,-82.612011,-7.5E-02));
#10822 = LINE('',#10823,#10824);
#10823 = CARTESIAN_POINT('',(131.234567,-82.631476,-7.5E-02));
#10824 = VECTOR('',#10825,1.);
#10825 = DIRECTION('',(0.555596893534,0.831451797698,0.));
#10826 = ORIENTED_EDGE('',*,*,#10827,.T.);
#10827 = EDGE_CURVE('',#10820,#10828,#10830,.T.);
#10828 = VERTEX_POINT('',#10829);
#10829 = CARTESIAN_POINT('',(132.61201,-81.247574,-7.5E-02));
#10830 = LINE('',#10831,#10832);
#10831 = CARTESIAN_POINT('',(131.247574,-82.612011,-7.5E-02));
#10832 = VECTOR('',#10833,1.);
#10833 = DIRECTION('',(0.707106522066,0.707107040307,0.));
#10834 = ORIENTED_EDGE('',*,*,#10835,.T.);
#10835 = EDGE_CURVE('',#10828,#10643,#10836,.T.);
#10836 = LINE('',#10837,#10838);
#10837 = CARTESIAN_POINT('',(132.61201,-81.247574,-7.5E-02));
#10838 = VECTOR('',#10839,1.);
#10839 = DIRECTION('',(0.831464982668,0.555577161695,0.));
#10840 = FACE_BOUND('',#10841,.T.);
#10841 = EDGE_LOOP('',(#10842,#10853,#10861,#10869,#10877,#10885,#10893,
    #10901,#10910,#10918,#10927,#10935,#10943,#10951,#10959,#10967,
    #10976));
#10842 = ORIENTED_EDGE('',*,*,#10843,.T.);
#10843 = EDGE_CURVE('',#10844,#10846,#10848,.T.);
#10844 = VERTEX_POINT('',#10845);
#10845 = CARTESIAN_POINT('',(133.51,-82.05,-7.5E-02));
#10846 = VERTEX_POINT('',#10847);
#10847 = CARTESIAN_POINT('',(133.45,-81.99,-7.5E-02));
#10848 = CIRCLE('',#10849,5.999932016258E-02);
#10849 = AXIS2_PLACEMENT_3D('',#10850,#10851,#10852);
#10850 = CARTESIAN_POINT('',(133.50999932015,-81.99000067984,-7.5E-02));
#10851 = DIRECTION('',(0.,0.,-1.));
#10852 = DIRECTION('',(1.133081612143E-05,-0.999999999936,0.));
#10853 = ORIENTED_EDGE('',*,*,#10854,.T.);
#10854 = EDGE_CURVE('',#10846,#10855,#10857,.T.);
#10855 = VERTEX_POINT('',#10856);
#10856 = CARTESIAN_POINT('',(133.45,-81.35,-7.5E-02));
#10857 = LINE('',#10858,#10859);
#10858 = CARTESIAN_POINT('',(133.45,-81.99,-7.5E-02));
#10859 = VECTOR('',#10860,1.);
#10860 = DIRECTION('',(0.,1.,0.));
#10861 = ORIENTED_EDGE('',*,*,#10862,.T.);
#10862 = EDGE_CURVE('',#10855,#10863,#10865,.T.);
#10863 = VERTEX_POINT('',#10864);
#10864 = CARTESIAN_POINT('',(132.67929,-81.35,-7.5E-02));
#10865 = LINE('',#10866,#10867);
#10866 = CARTESIAN_POINT('',(133.45,-81.35,-7.5E-02));
#10867 = VECTOR('',#10868,1.);
#10868 = DIRECTION('',(-1.,0.,0.));
#10869 = ORIENTED_EDGE('',*,*,#10870,.T.);
#10870 = EDGE_CURVE('',#10863,#10871,#10873,.T.);
#10871 = VERTEX_POINT('',#10872);
#10872 = CARTESIAN_POINT('',(131.35,-82.679289,-7.5E-02));
#10873 = LINE('',#10874,#10875);
#10874 = CARTESIAN_POINT('',(132.67929,-81.35,-7.5E-02));
#10875 = VECTOR('',#10876,1.);
#10876 = DIRECTION('',(-0.707107047158,-0.707106515215,0.));
#10877 = ORIENTED_EDGE('',*,*,#10878,.T.);
#10878 = EDGE_CURVE('',#10871,#10879,#10881,.T.);
#10879 = VERTEX_POINT('',#10880);
#10880 = CARTESIAN_POINT('',(131.35,-88.45,-7.5E-02));
#10881 = LINE('',#10882,#10883);
#10882 = CARTESIAN_POINT('',(131.35,-82.679289,-7.5E-02));
#10883 = VECTOR('',#10884,1.);
#10884 = DIRECTION('',(0.,-1.,0.));
#10885 = ORIENTED_EDGE('',*,*,#10886,.T.);
#10886 = EDGE_CURVE('',#10879,#10887,#10889,.T.);
#10887 = VERTEX_POINT('',#10888);
#10888 = CARTESIAN_POINT('',(133.45,-88.45,-7.5E-02));
#10889 = LINE('',#10890,#10891);
#10890 = CARTESIAN_POINT('',(131.35,-88.45,-7.5E-02));
#10891 = VECTOR('',#10892,1.);
#10892 = DIRECTION('',(1.,0.,0.));
#10893 = ORIENTED_EDGE('',*,*,#10894,.T.);
#10894 = EDGE_CURVE('',#10887,#10895,#10897,.T.);
#10895 = VERTEX_POINT('',#10896);
#10896 = CARTESIAN_POINT('',(133.45,-87.81,-7.5E-02));
#10897 = LINE('',#10898,#10899);
#10898 = CARTESIAN_POINT('',(133.45,-88.45,-7.5E-02));
#10899 = VECTOR('',#10900,1.);
#10900 = DIRECTION('',(0.,1.,0.));
#10901 = ORIENTED_EDGE('',*,*,#10902,.T.);
#10902 = EDGE_CURVE('',#10895,#10903,#10905,.T.);
#10903 = VERTEX_POINT('',#10904);
#10904 = CARTESIAN_POINT('',(133.51,-87.75,-7.5E-02));
#10905 = CIRCLE('',#10906,5.999932016262E-02);
#10906 = AXIS2_PLACEMENT_3D('',#10907,#10908,#10909);
#10907 = CARTESIAN_POINT('',(133.50999932015,-87.80999932015,-7.5E-02));
#10908 = DIRECTION('',(0.,0.,-1.));
#10909 = DIRECTION('',(-0.999999999936,-1.133081564772E-05,-0.));
#10910 = ORIENTED_EDGE('',*,*,#10911,.T.);
#10911 = EDGE_CURVE('',#10903,#10912,#10914,.T.);
#10912 = VERTEX_POINT('',#10913);
#10913 = CARTESIAN_POINT('',(193.09,-87.75,-7.5E-02));
#10914 = LINE('',#10915,#10916);
#10915 = CARTESIAN_POINT('',(133.51,-87.75,-7.5E-02));
#10916 = VECTOR('',#10917,1.);
#10917 = DIRECTION('',(1.,0.,0.));
#10918 = ORIENTED_EDGE('',*,*,#10919,.T.);
#10919 = EDGE_CURVE('',#10912,#10920,#10922,.T.);
#10920 = VERTEX_POINT('',#10921);
#10921 = CARTESIAN_POINT('',(193.15,-87.81,-7.5E-02));
#10922 = CIRCLE('',#10923,5.999932016257E-02);
#10923 = AXIS2_PLACEMENT_3D('',#10924,#10925,#10926);
#10924 = CARTESIAN_POINT('',(193.09000067984,-87.80999932015,-7.5E-02));
#10925 = DIRECTION('',(0.,0.,-1.));
#10926 = DIRECTION('',(-1.133081659513E-05,0.999999999936,0.));
#10927 = ORIENTED_EDGE('',*,*,#10928,.T.);
#10928 = EDGE_CURVE('',#10920,#10929,#10931,.T.);
#10929 = VERTEX_POINT('',#10930);
#10930 = CARTESIAN_POINT('',(193.15,-88.45,-7.5E-02));
#10931 = LINE('',#10932,#10933);
#10932 = CARTESIAN_POINT('',(193.15,-87.81,-7.5E-02));
#10933 = VECTOR('',#10934,1.);
#10934 = DIRECTION('',(0.,-1.,0.));
#10935 = ORIENTED_EDGE('',*,*,#10936,.T.);
#10936 = EDGE_CURVE('',#10929,#10937,#10939,.T.);
#10937 = VERTEX_POINT('',#10938);
#10938 = CARTESIAN_POINT('',(195.25,-88.45,-7.5E-02));
#10939 = LINE('',#10940,#10941);
#10940 = CARTESIAN_POINT('',(193.15,-88.45,-7.5E-02));
#10941 = VECTOR('',#10942,1.);
#10942 = DIRECTION('',(1.,0.,0.));
#10943 = ORIENTED_EDGE('',*,*,#10944,.T.);
#10944 = EDGE_CURVE('',#10937,#10945,#10947,.T.);
#10945 = VERTEX_POINT('',#10946);
#10946 = CARTESIAN_POINT('',(195.25,-81.35,-7.5E-02));
#10947 = LINE('',#10948,#10949);
#10948 = CARTESIAN_POINT('',(195.25,-88.45,-7.5E-02));
#10949 = VECTOR('',#10950,1.);
#10950 = DIRECTION('',(0.,1.,0.));
#10951 = ORIENTED_EDGE('',*,*,#10952,.T.);
#10952 = EDGE_CURVE('',#10945,#10953,#10955,.T.);
#10953 = VERTEX_POINT('',#10954);
#10954 = CARTESIAN_POINT('',(193.15,-81.35,-7.5E-02));
#10955 = LINE('',#10956,#10957);
#10956 = CARTESIAN_POINT('',(195.25,-81.35,-7.5E-02));
#10957 = VECTOR('',#10958,1.);
#10958 = DIRECTION('',(-1.,0.,0.));
#10959 = ORIENTED_EDGE('',*,*,#10960,.T.);
#10960 = EDGE_CURVE('',#10953,#10961,#10963,.T.);
#10961 = VERTEX_POINT('',#10962);
#10962 = CARTESIAN_POINT('',(193.15,-81.99,-7.5E-02));
#10963 = LINE('',#10964,#10965);
#10964 = CARTESIAN_POINT('',(193.15,-81.35,-7.5E-02));
#10965 = VECTOR('',#10966,1.);
#10966 = DIRECTION('',(0.,-1.,0.));
#10967 = ORIENTED_EDGE('',*,*,#10968,.T.);
#10968 = EDGE_CURVE('',#10961,#10969,#10971,.T.);
#10969 = VERTEX_POINT('',#10970);
#10970 = CARTESIAN_POINT('',(193.09,-82.05,-7.5E-02));
#10971 = CIRCLE('',#10972,5.999932016262E-02);
#10972 = AXIS2_PLACEMENT_3D('',#10973,#10974,#10975);
#10973 = CARTESIAN_POINT('',(193.09000067984,-81.99000067984,-7.5E-02));
#10974 = DIRECTION('',(0.,0.,-1.));
#10975 = DIRECTION('',(0.999999999936,1.133081564772E-05,0.));
#10976 = ORIENTED_EDGE('',*,*,#10977,.T.);
#10977 = EDGE_CURVE('',#10969,#10844,#10978,.T.);
#10978 = LINE('',#10979,#10980);
#10979 = CARTESIAN_POINT('',(193.09,-82.05,-7.5E-02));
#10980 = VECTOR('',#10981,1.);
#10981 = DIRECTION('',(-1.,0.,0.));
#10982 = PLANE('',#10983);
#10983 = AXIS2_PLACEMENT_3D('',#10984,#10985,#10986);
#10984 = CARTESIAN_POINT('',(0.,0.,-7.5E-02));
#10985 = DIRECTION('',(-0.,-0.,-1.));
#10986 = DIRECTION('',(-1.,0.,0.));
#10987 = SHELL_BASED_SURFACE_MODEL('',(#10988));
#10988 = OPEN_SHELL('',(#10989));
#10989 = ADVANCED_FACE('',(#10990,#11001),#11012,.T.);
#10990 = FACE_BOUND('',#10991,.F.);
#10991 = EDGE_LOOP('',(#10992));
#10992 = ORIENTED_EDGE('',*,*,#10993,.T.);
#10993 = EDGE_CURVE('',#10994,#10994,#10996,.T.);
#10994 = VERTEX_POINT('',#10995);
#10995 = CARTESIAN_POINT('',(134.41,-81.5,-7.5E-02));
#10996 = CIRCLE('',#10997,0.31);
#10997 = AXIS2_PLACEMENT_3D('',#10998,#10999,#11000);
#10998 = CARTESIAN_POINT('',(134.1,-81.5,-7.5E-02));
#10999 = DIRECTION('',(0.,0.,1.));
#11000 = DIRECTION('',(1.,0.,-0.));
#11001 = FACE_BOUND('',#11002,.T.);
#11002 = EDGE_LOOP('',(#11003));
#11003 = ORIENTED_EDGE('',*,*,#11004,.T.);
#11004 = EDGE_CURVE('',#11005,#11005,#11007,.T.);
#11005 = VERTEX_POINT('',#11006);
#11006 = CARTESIAN_POINT('',(134.283029,-81.482417,-7.5E-02));
#11007 = CIRCLE('',#11008,0.193181);
#11008 = AXIS2_PLACEMENT_3D('',#11009,#11010,#11011);
#11009 = CARTESIAN_POINT('',(134.089848,-81.482417,-7.5E-02));
#11010 = DIRECTION('',(0.,0.,1.));
#11011 = DIRECTION('',(1.,0.,-0.));
#11012 = PLANE('',#11013);
#11013 = AXIS2_PLACEMENT_3D('',#11014,#11015,#11016);
#11014 = CARTESIAN_POINT('',(0.,0.,-7.5E-02));
#11015 = DIRECTION('',(-0.,-0.,-1.));
#11016 = DIRECTION('',(-1.,0.,0.));
#11017 = ( GEOMETRIC_REPRESENTATION_CONTEXT(3) 
GLOBAL_UNCERTAINTY_ASSIGNED_CONTEXT((#11021)) 
GLOBAL_UNIT_ASSIGNED_CONTEXT((#11018,#11019,#11020)) 
REPRESENTATION_CONTEXT('Context #1',
  '3D Context with UNIT and UNCERTAINTY') );
#11018 = ( LENGTH_UNIT() NAMED_UNIT(*) SI_UNIT(.MILLI.,.METRE.) );
#11019 = ( NAMED_UNIT(*) PLANE_ANGLE_UNIT() SI_UNIT($,.RADIAN.) );
#11020 = ( NAMED_UNIT(*) SI_UNIT($,.STERADIAN.) SOLID_ANGLE_UNIT() );
#11021 = UNCERTAINTY_MEASURE_WITH_UNIT(LENGTH_MEASURE(1.E-07),#11018,
  'distance_accuracy_value','confusion accuracy');
#11022 = CONTEXT_DEPENDENT_SHAPE_REPRESENTATION(#11023,#11025);
#11023 = ( REPRESENTATION_RELATIONSHIP('','',#36,#10) 
REPRESENTATION_RELATIONSHIP_WITH_TRANSFORMATION(#11024) 
SHAPE_REPRESENTATION_RELATIONSHIP() );
#11024 = ITEM_DEFINED_TRANSFORMATION('','',#11,#15);
#11025 = PRODUCT_DEFINITION_SHAPE('Placement','Placement of an item',
  #11026);
#11026 = NEXT_ASSEMBLY_USAGE_OCCURRENCE('1','=>[0:1:1:2]','',#5,#31,$);
#11027 = PRODUCT_RELATED_PRODUCT_CATEGORY('part',$,(#33));
#11028 = SHAPE_DEFINITION_REPRESENTATION(#11029,#11035);
#11029 = PRODUCT_DEFINITION_SHAPE('','',#11030);
#11030 = PRODUCT_DEFINITION('design','',#11031,#11034);
#11031 = PRODUCT_DEFINITION_FORMATION('','',#11032);
#11032 = PRODUCT('8_Ch_Connector_CAEN_Adapter_PCB',
  '8_Ch_Connector_CAEN_Adapter_PCB','',(#11033));
#11033 = PRODUCT_CONTEXT('',#2,'mechanical');
#11034 = PRODUCT_DEFINITION_CONTEXT('part definition',#2,'design');
#11035 = ADVANCED_BREP_SHAPE_REPRESENTATION('',(#11,#11036),#13025);
#11036 = MANIFOLD_SOLID_BREP('',#11037);
#11037 = CLOSED_SHELL('',(#11038,#11078,#11109,#11140,#11660,#12180,
    #12197,#12214,#12231,#12248,#12265,#12282,#12299,#12316,#12333,
    #12350,#12367,#12384,#12396,#12413,#12430,#12447,#12464,#12481,
    #12498,#12515,#12532,#12549,#12566,#12583,#12600,#12617,#12634,
    #12651,#12668,#12685,#12702,#12719,#12736,#12753,#12770,#12787,
    #12804,#12821,#12838,#12855,#12872,#12889,#12906,#12923,#12940,
    #12957,#12974,#12991,#13008));
#11038 = ADVANCED_FACE('',(#11039),#11073,.T.);
#11039 = FACE_BOUND('',#11040,.T.);
#11040 = EDGE_LOOP('',(#11041,#11051,#11059,#11067));
#11041 = ORIENTED_EDGE('',*,*,#11042,.T.);
#11042 = EDGE_CURVE('',#11043,#11045,#11047,.T.);
#11043 = VERTEX_POINT('',#11044);
#11044 = CARTESIAN_POINT('',(190.,-55.,0.));
#11045 = VERTEX_POINT('',#11046);
#11046 = CARTESIAN_POINT('',(190.,-55.,1.51));
#11047 = LINE('',#11048,#11049);
#11048 = CARTESIAN_POINT('',(190.,-55.,0.));
#11049 = VECTOR('',#11050,1.);
#11050 = DIRECTION('',(0.,0.,1.));
#11051 = ORIENTED_EDGE('',*,*,#11052,.T.);
#11052 = EDGE_CURVE('',#11045,#11053,#11055,.T.);
#11053 = VERTEX_POINT('',#11054);
#11054 = CARTESIAN_POINT('',(200.,-55.,1.51));
#11055 = LINE('',#11056,#11057);
#11056 = CARTESIAN_POINT('',(190.,-55.,1.51));
#11057 = VECTOR('',#11058,1.);
#11058 = DIRECTION('',(1.,0.,0.));
#11059 = ORIENTED_EDGE('',*,*,#11060,.F.);
#11060 = EDGE_CURVE('',#11061,#11053,#11063,.T.);
#11061 = VERTEX_POINT('',#11062);
#11062 = CARTESIAN_POINT('',(200.,-55.,0.));
#11063 = LINE('',#11064,#11065);
#11064 = CARTESIAN_POINT('',(200.,-55.,0.));
#11065 = VECTOR('',#11066,1.);
#11066 = DIRECTION('',(0.,0.,1.));
#11067 = ORIENTED_EDGE('',*,*,#11068,.F.);
#11068 = EDGE_CURVE('',#11043,#11061,#11069,.T.);
#11069 = LINE('',#11070,#11071);
#11070 = CARTESIAN_POINT('',(190.,-55.,0.));
#11071 = VECTOR('',#11072,1.);
#11072 = DIRECTION('',(1.,0.,0.));
#11073 = PLANE('',#11074);
#11074 = AXIS2_PLACEMENT_3D('',#11075,#11076,#11077);
#11075 = CARTESIAN_POINT('',(190.,-55.,0.));
#11076 = DIRECTION('',(0.,1.,0.));
#11077 = DIRECTION('',(1.,0.,0.));
#11078 = ADVANCED_FACE('',(#11079),#11104,.T.);
#11079 = FACE_BOUND('',#11080,.T.);
#11080 = EDGE_LOOP('',(#11081,#11091,#11097,#11098));
#11081 = ORIENTED_EDGE('',*,*,#11082,.T.);
#11082 = EDGE_CURVE('',#11083,#11085,#11087,.T.);
#11083 = VERTEX_POINT('',#11084);
#11084 = CARTESIAN_POINT('',(190.,-45.,0.));
#11085 = VERTEX_POINT('',#11086);
#11086 = CARTESIAN_POINT('',(190.,-45.,1.51));
#11087 = LINE('',#11088,#11089);
#11088 = CARTESIAN_POINT('',(190.,-45.,0.));
#11089 = VECTOR('',#11090,1.);
#11090 = DIRECTION('',(0.,0.,1.));
#11091 = ORIENTED_EDGE('',*,*,#11092,.T.);
#11092 = EDGE_CURVE('',#11085,#11045,#11093,.T.);
#11093 = LINE('',#11094,#11095);
#11094 = CARTESIAN_POINT('',(190.,-45.,1.51));
#11095 = VECTOR('',#11096,1.);
#11096 = DIRECTION('',(0.,-1.,0.));
#11097 = ORIENTED_EDGE('',*,*,#11042,.F.);
#11098 = ORIENTED_EDGE('',*,*,#11099,.F.);
#11099 = EDGE_CURVE('',#11083,#11043,#11100,.T.);
#11100 = LINE('',#11101,#11102);
#11101 = CARTESIAN_POINT('',(190.,-45.,0.));
#11102 = VECTOR('',#11103,1.);
#11103 = DIRECTION('',(0.,-1.,0.));
#11104 = PLANE('',#11105);
#11105 = AXIS2_PLACEMENT_3D('',#11106,#11107,#11108);
#11106 = CARTESIAN_POINT('',(190.,-45.,0.));
#11107 = DIRECTION('',(1.,0.,-0.));
#11108 = DIRECTION('',(0.,-1.,0.));
#11109 = ADVANCED_FACE('',(#11110),#11135,.T.);
#11110 = FACE_BOUND('',#11111,.T.);
#11111 = EDGE_LOOP('',(#11112,#11113,#11121,#11129));
#11112 = ORIENTED_EDGE('',*,*,#11060,.T.);
#11113 = ORIENTED_EDGE('',*,*,#11114,.T.);
#11114 = EDGE_CURVE('',#11053,#11115,#11117,.T.);
#11115 = VERTEX_POINT('',#11116);
#11116 = CARTESIAN_POINT('',(200.,-75.,1.51));
#11117 = LINE('',#11118,#11119);
#11118 = CARTESIAN_POINT('',(200.,-55.,1.51));
#11119 = VECTOR('',#11120,1.);
#11120 = DIRECTION('',(0.,-1.,0.));
#11121 = ORIENTED_EDGE('',*,*,#11122,.F.);
#11122 = EDGE_CURVE('',#11123,#11115,#11125,.T.);
#11123 = VERTEX_POINT('',#11124);
#11124 = CARTESIAN_POINT('',(200.,-75.,0.));
#11125 = LINE('',#11126,#11127);
#11126 = CARTESIAN_POINT('',(200.,-75.,0.));
#11127 = VECTOR('',#11128,1.);
#11128 = DIRECTION('',(0.,0.,1.));
#11129 = ORIENTED_EDGE('',*,*,#11130,.F.);
#11130 = EDGE_CURVE('',#11061,#11123,#11131,.T.);
#11131 = LINE('',#11132,#11133);
#11132 = CARTESIAN_POINT('',(200.,-55.,0.));
#11133 = VECTOR('',#11134,1.);
#11134 = DIRECTION('',(0.,-1.,0.));
#11135 = PLANE('',#11136);
#11136 = AXIS2_PLACEMENT_3D('',#11137,#11138,#11139);
#11137 = CARTESIAN_POINT('',(200.,-55.,0.));
#11138 = DIRECTION('',(1.,0.,-0.));
#11139 = DIRECTION('',(0.,-1.,0.));
#11140 = ADVANCED_FACE('',(#11141,#11248,#11259,#11270,#11281,#11292,
    #11303,#11314,#11325,#11336,#11347,#11358,#11369,#11380,#11391,
    #11402,#11413,#11424,#11435,#11446,#11457,#11468,#11479,#11490,
    #11501,#11512,#11523,#11534,#11545,#11556,#11567,#11578,#11589,
    #11600,#11611,#11622,#11633,#11644),#11655,.F.);
#11141 = FACE_BOUND('',#11142,.F.);
#11142 = EDGE_LOOP('',(#11143,#11144,#11145,#11153,#11161,#11169,#11177,
    #11185,#11193,#11201,#11209,#11217,#11225,#11233,#11241,#11247));
#11143 = ORIENTED_EDGE('',*,*,#11068,.F.);
#11144 = ORIENTED_EDGE('',*,*,#11099,.F.);
#11145 = ORIENTED_EDGE('',*,*,#11146,.F.);
#11146 = EDGE_CURVE('',#11147,#11083,#11149,.T.);
#11147 = VERTEX_POINT('',#11148);
#11148 = CARTESIAN_POINT('',(135.,-45.,0.));
#11149 = LINE('',#11150,#11151);
#11150 = CARTESIAN_POINT('',(135.,-45.,0.));
#11151 = VECTOR('',#11152,1.);
#11152 = DIRECTION('',(1.,0.,0.));
#11153 = ORIENTED_EDGE('',*,*,#11154,.F.);
#11154 = EDGE_CURVE('',#11155,#11147,#11157,.T.);
#11155 = VERTEX_POINT('',#11156);
#11156 = CARTESIAN_POINT('',(135.,-55.,0.));
#11157 = LINE('',#11158,#11159);
#11158 = CARTESIAN_POINT('',(135.,-55.,0.));
#11159 = VECTOR('',#11160,1.);
#11160 = DIRECTION('',(0.,1.,0.));
#11161 = ORIENTED_EDGE('',*,*,#11162,.F.);
#11162 = EDGE_CURVE('',#11163,#11155,#11165,.T.);
#11163 = VERTEX_POINT('',#11164);
#11164 = CARTESIAN_POINT('',(125.,-55.,0.));
#11165 = LINE('',#11166,#11167);
#11166 = CARTESIAN_POINT('',(125.,-55.,0.));
#11167 = VECTOR('',#11168,1.);
#11168 = DIRECTION('',(1.,0.,0.));
#11169 = ORIENTED_EDGE('',*,*,#11170,.F.);
#11170 = EDGE_CURVE('',#11171,#11163,#11173,.T.);
#11171 = VERTEX_POINT('',#11172);
#11172 = CARTESIAN_POINT('',(125.,-115.,0.));
#11173 = LINE('',#11174,#11175);
#11174 = CARTESIAN_POINT('',(125.,-115.,0.));
#11175 = VECTOR('',#11176,1.);
#11176 = DIRECTION('',(0.,1.,0.));
#11177 = ORIENTED_EDGE('',*,*,#11178,.F.);
#11178 = EDGE_CURVE('',#11179,#11171,#11181,.T.);
#11179 = VERTEX_POINT('',#11180);
#11180 = CARTESIAN_POINT('',(135.,-115.,0.));
#11181 = LINE('',#11182,#11183);
#11182 = CARTESIAN_POINT('',(135.,-115.,0.));
#11183 = VECTOR('',#11184,1.);
#11184 = DIRECTION('',(-1.,0.,0.));
#11185 = ORIENTED_EDGE('',*,*,#11186,.F.);
#11186 = EDGE_CURVE('',#11187,#11179,#11189,.T.);
#11187 = VERTEX_POINT('',#11188);
#11188 = CARTESIAN_POINT('',(135.,-125.,0.));
#11189 = LINE('',#11190,#11191);
#11190 = CARTESIAN_POINT('',(135.,-125.,0.));
#11191 = VECTOR('',#11192,1.);
#11192 = DIRECTION('',(0.,1.,0.));
#11193 = ORIENTED_EDGE('',*,*,#11194,.F.);
#11194 = EDGE_CURVE('',#11195,#11187,#11197,.T.);
#11195 = VERTEX_POINT('',#11196);
#11196 = CARTESIAN_POINT('',(190.,-125.,0.));
#11197 = LINE('',#11198,#11199);
#11198 = CARTESIAN_POINT('',(190.,-125.,0.));
#11199 = VECTOR('',#11200,1.);
#11200 = DIRECTION('',(-1.,0.,0.));
#11201 = ORIENTED_EDGE('',*,*,#11202,.F.);
#11202 = EDGE_CURVE('',#11203,#11195,#11205,.T.);
#11203 = VERTEX_POINT('',#11204);
#11204 = CARTESIAN_POINT('',(190.,-115.,0.));
#11205 = LINE('',#11206,#11207);
#11206 = CARTESIAN_POINT('',(190.,-115.,0.));
#11207 = VECTOR('',#11208,1.);
#11208 = DIRECTION('',(0.,-1.,0.));
#11209 = ORIENTED_EDGE('',*,*,#11210,.F.);
#11210 = EDGE_CURVE('',#11211,#11203,#11213,.T.);
#11211 = VERTEX_POINT('',#11212);
#11212 = CARTESIAN_POINT('',(200.,-115.,0.));
#11213 = LINE('',#11214,#11215);
#11214 = CARTESIAN_POINT('',(200.,-115.,0.));
#11215 = VECTOR('',#11216,1.);
#11216 = DIRECTION('',(-1.,0.,0.));
#11217 = ORIENTED_EDGE('',*,*,#11218,.F.);
#11218 = EDGE_CURVE('',#11219,#11211,#11221,.T.);
#11219 = VERTEX_POINT('',#11220);
#11220 = CARTESIAN_POINT('',(200.,-95.,0.));
#11221 = LINE('',#11222,#11223);
#11222 = CARTESIAN_POINT('',(200.,-95.,0.));
#11223 = VECTOR('',#11224,1.);
#11224 = DIRECTION('',(0.,-1.,0.));
#11225 = ORIENTED_EDGE('',*,*,#11226,.F.);
#11226 = EDGE_CURVE('',#11227,#11219,#11229,.T.);
#11227 = VERTEX_POINT('',#11228);
#11228 = CARTESIAN_POINT('',(208.5,-95.,0.));
#11229 = LINE('',#11230,#11231);
#11230 = CARTESIAN_POINT('',(208.5,-95.,0.));
#11231 = VECTOR('',#11232,1.);
#11232 = DIRECTION('',(-1.,0.,0.));
#11233 = ORIENTED_EDGE('',*,*,#11234,.F.);
#11234 = EDGE_CURVE('',#11235,#11227,#11237,.T.);
#11235 = VERTEX_POINT('',#11236);
#11236 = CARTESIAN_POINT('',(208.5,-75.,0.));
#11237 = LINE('',#11238,#11239);
#11238 = CARTESIAN_POINT('',(208.5,-75.,0.));
#11239 = VECTOR('',#11240,1.);
#11240 = DIRECTION('',(0.,-1.,0.));
#11241 = ORIENTED_EDGE('',*,*,#11242,.F.);
#11242 = EDGE_CURVE('',#11123,#11235,#11243,.T.);
#11243 = LINE('',#11244,#11245);
#11244 = CARTESIAN_POINT('',(200.,-75.,0.));
#11245 = VECTOR('',#11246,1.);
#11246 = DIRECTION('',(1.,0.,0.));
#11247 = ORIENTED_EDGE('',*,*,#11130,.F.);
#11248 = FACE_BOUND('',#11249,.F.);
#11249 = EDGE_LOOP('',(#11250));
#11250 = ORIENTED_EDGE('',*,*,#11251,.T.);
#11251 = EDGE_CURVE('',#11252,#11252,#11254,.T.);
#11252 = VERTEX_POINT('',#11253);
#11253 = CARTESIAN_POINT('',(140.355,-118.675,0.));
#11254 = CIRCLE('',#11255,0.675);
#11255 = AXIS2_PLACEMENT_3D('',#11256,#11257,#11258);
#11256 = CARTESIAN_POINT('',(140.355,-118.,0.));
#11257 = DIRECTION('',(-0.,0.,-1.));
#11258 = DIRECTION('',(-4.210623619319E-14,-1.,0.));
#11259 = FACE_BOUND('',#11260,.F.);
#11260 = EDGE_LOOP('',(#11261));
#11261 = ORIENTED_EDGE('',*,*,#11262,.T.);
#11262 = EDGE_CURVE('',#11263,#11263,#11265,.T.);
#11263 = VERTEX_POINT('',#11264);
#11264 = CARTESIAN_POINT('',(141.605,-116.96,0.));
#11265 = CIRCLE('',#11266,0.46);
#11266 = AXIS2_PLACEMENT_3D('',#11267,#11268,#11269);
#11267 = CARTESIAN_POINT('',(141.605,-116.5,0.));
#11268 = DIRECTION('',(-0.,0.,-1.));
#11269 = DIRECTION('',(-6.178632484871E-14,-1.,0.));
#11270 = FACE_BOUND('',#11271,.F.);
#11271 = EDGE_LOOP('',(#11272));
#11272 = ORIENTED_EDGE('',*,*,#11273,.T.);
#11273 = EDGE_CURVE('',#11274,#11274,#11276,.T.);
#11274 = VERTEX_POINT('',#11275);
#11275 = CARTESIAN_POINT('',(131.8,-110.22,0.));
#11276 = CIRCLE('',#11277,0.675);
#11277 = AXIS2_PLACEMENT_3D('',#11278,#11279,#11280);
#11278 = CARTESIAN_POINT('',(131.8,-109.545,0.));
#11279 = DIRECTION('',(-0.,0.,-1.));
#11280 = DIRECTION('',(-0.,-1.,0.));
#11281 = FACE_BOUND('',#11282,.F.);
#11282 = EDGE_LOOP('',(#11283));
#11283 = ORIENTED_EDGE('',*,*,#11284,.T.);
#11284 = EDGE_CURVE('',#11285,#11285,#11287,.T.);
#11285 = VERTEX_POINT('',#11286);
#11286 = CARTESIAN_POINT('',(133.3,-108.755,0.));
#11287 = CIRCLE('',#11288,0.46);
#11288 = AXIS2_PLACEMENT_3D('',#11289,#11290,#11291);
#11289 = CARTESIAN_POINT('',(133.3,-108.295,0.));
#11290 = DIRECTION('',(-0.,0.,-1.));
#11291 = DIRECTION('',(-0.,-1.,0.));
#11292 = FACE_BOUND('',#11293,.F.);
#11293 = EDGE_LOOP('',(#11294));
#11294 = ORIENTED_EDGE('',*,*,#11295,.T.);
#11295 = EDGE_CURVE('',#11296,#11296,#11298,.T.);
#11296 = VERTEX_POINT('',#11297);
#11297 = CARTESIAN_POINT('',(158.645,-118.675,0.));
#11298 = CIRCLE('',#11299,0.675);
#11299 = AXIS2_PLACEMENT_3D('',#11300,#11301,#11302);
#11300 = CARTESIAN_POINT('',(158.645,-118.,0.));
#11301 = DIRECTION('',(-0.,0.,-1.));
#11302 = DIRECTION('',(4.210623619319E-14,-1.,-0.));
#11303 = FACE_BOUND('',#11304,.F.);
#11304 = EDGE_LOOP('',(#11305));
#11305 = ORIENTED_EDGE('',*,*,#11306,.T.);
#11306 = EDGE_CURVE('',#11307,#11307,#11309,.T.);
#11307 = VERTEX_POINT('',#11308);
#11308 = CARTESIAN_POINT('',(157.395,-116.96,0.));
#11309 = CIRCLE('',#11310,0.46);
#11310 = AXIS2_PLACEMENT_3D('',#11311,#11312,#11313);
#11311 = CARTESIAN_POINT('',(157.395,-116.5,0.));
#11312 = DIRECTION('',(-0.,0.,-1.));
#11313 = DIRECTION('',(6.17863248487E-14,-1.,-0.));
#11314 = FACE_BOUND('',#11315,.F.);
#11315 = EDGE_LOOP('',(#11316));
#11316 = ORIENTED_EDGE('',*,*,#11317,.T.);
#11317 = EDGE_CURVE('',#11318,#11318,#11320,.T.);
#11318 = VERTEX_POINT('',#11319);
#11319 = CARTESIAN_POINT('',(166.755,-118.475,0.));
#11320 = CIRCLE('',#11321,0.675);
#11321 = AXIS2_PLACEMENT_3D('',#11322,#11323,#11324);
#11322 = CARTESIAN_POINT('',(166.755,-117.8,0.));
#11323 = DIRECTION('',(-0.,0.,-1.));
#11324 = DIRECTION('',(-0.,-1.,0.));
#11325 = FACE_BOUND('',#11326,.F.);
#11326 = EDGE_LOOP('',(#11327));
#11327 = ORIENTED_EDGE('',*,*,#11328,.T.);
#11328 = EDGE_CURVE('',#11329,#11329,#11331,.T.);
#11329 = VERTEX_POINT('',#11330);
#11330 = CARTESIAN_POINT('',(168.005,-116.76,0.));
#11331 = CIRCLE('',#11332,0.46);
#11332 = AXIS2_PLACEMENT_3D('',#11333,#11334,#11335);
#11333 = CARTESIAN_POINT('',(168.005,-116.3,0.));
#11334 = DIRECTION('',(-0.,0.,-1.));
#11335 = DIRECTION('',(-0.,-1.,0.));
#11336 = FACE_BOUND('',#11337,.F.);
#11337 = EDGE_LOOP('',(#11338));
#11338 = ORIENTED_EDGE('',*,*,#11339,.T.);
#11339 = EDGE_CURVE('',#11340,#11340,#11342,.T.);
#11340 = VERTEX_POINT('',#11341);
#11341 = CARTESIAN_POINT('',(133.3,-92.965,0.));
#11342 = CIRCLE('',#11343,0.46);
#11343 = AXIS2_PLACEMENT_3D('',#11344,#11345,#11346);
#11344 = CARTESIAN_POINT('',(133.3,-92.505,0.));
#11345 = DIRECTION('',(-0.,0.,-1.));
#11346 = DIRECTION('',(-0.,-1.,0.));
#11347 = FACE_BOUND('',#11348,.F.);
#11348 = EDGE_LOOP('',(#11349));
#11349 = ORIENTED_EDGE('',*,*,#11350,.T.);
#11350 = EDGE_CURVE('',#11351,#11351,#11353,.T.);
#11351 = VERTEX_POINT('',#11352);
#11352 = CARTESIAN_POINT('',(131.8,-91.93,0.));
#11353 = CIRCLE('',#11354,0.675);
#11354 = AXIS2_PLACEMENT_3D('',#11355,#11356,#11357);
#11355 = CARTESIAN_POINT('',(131.8,-91.255,0.));
#11356 = DIRECTION('',(-0.,0.,-1.));
#11357 = DIRECTION('',(-0.,-1.,0.));
#11358 = FACE_BOUND('',#11359,.F.);
#11359 = EDGE_LOOP('',(#11360));
#11360 = ORIENTED_EDGE('',*,*,#11361,.T.);
#11361 = EDGE_CURVE('',#11362,#11362,#11364,.T.);
#11362 = VERTEX_POINT('',#11363);
#11363 = CARTESIAN_POINT('',(185.045,-118.475,0.));
#11364 = CIRCLE('',#11365,0.675);
#11365 = AXIS2_PLACEMENT_3D('',#11366,#11367,#11368);
#11366 = CARTESIAN_POINT('',(185.045,-117.8,0.));
#11367 = DIRECTION('',(-0.,0.,-1.));
#11368 = DIRECTION('',(-4.210623619319E-14,-1.,0.));
#11369 = FACE_BOUND('',#11370,.F.);
#11370 = EDGE_LOOP('',(#11371));
#11371 = ORIENTED_EDGE('',*,*,#11372,.T.);
#11372 = EDGE_CURVE('',#11373,#11373,#11375,.T.);
#11373 = VERTEX_POINT('',#11374);
#11374 = CARTESIAN_POINT('',(183.795,-116.76,0.));
#11375 = CIRCLE('',#11376,0.46);
#11376 = AXIS2_PLACEMENT_3D('',#11377,#11378,#11379);
#11377 = CARTESIAN_POINT('',(183.795,-116.3,0.));
#11378 = DIRECTION('',(-0.,0.,-1.));
#11379 = DIRECTION('',(-6.178632484871E-14,-1.,0.));
#11380 = FACE_BOUND('',#11381,.F.);
#11381 = EDGE_LOOP('',(#11382));
#11382 = ORIENTED_EDGE('',*,*,#11383,.T.);
#11383 = EDGE_CURVE('',#11384,#11384,#11386,.T.);
#11384 = VERTEX_POINT('',#11385);
#11385 = CARTESIAN_POINT('',(192.,-108.855,0.));
#11386 = CIRCLE('',#11387,0.46);
#11387 = AXIS2_PLACEMENT_3D('',#11388,#11389,#11390);
#11388 = CARTESIAN_POINT('',(192.,-108.395,0.));
#11389 = DIRECTION('',(-0.,0.,-1.));
#11390 = DIRECTION('',(-0.,-1.,0.));
#11391 = FACE_BOUND('',#11392,.F.);
#11392 = EDGE_LOOP('',(#11393));
#11393 = ORIENTED_EDGE('',*,*,#11394,.T.);
#11394 = EDGE_CURVE('',#11395,#11395,#11397,.T.);
#11395 = VERTEX_POINT('',#11396);
#11396 = CARTESIAN_POINT('',(193.5,-110.32,0.));
#11397 = CIRCLE('',#11398,0.675);
#11398 = AXIS2_PLACEMENT_3D('',#11399,#11400,#11401);
#11399 = CARTESIAN_POINT('',(193.5,-109.645,0.));
#11400 = DIRECTION('',(-0.,0.,-1.));
#11401 = DIRECTION('',(-0.,-1.,0.));
#11402 = FACE_BOUND('',#11403,.F.);
#11403 = EDGE_LOOP('',(#11404));
#11404 = ORIENTED_EDGE('',*,*,#11405,.T.);
#11405 = EDGE_CURVE('',#11406,#11406,#11408,.T.);
#11406 = VERTEX_POINT('',#11407);
#11407 = CARTESIAN_POINT('',(192.,-93.065,0.));
#11408 = CIRCLE('',#11409,0.46);
#11409 = AXIS2_PLACEMENT_3D('',#11410,#11411,#11412);
#11410 = CARTESIAN_POINT('',(192.,-92.605,0.));
#11411 = DIRECTION('',(-0.,0.,-1.));
#11412 = DIRECTION('',(-0.,-1.,0.));
#11413 = FACE_BOUND('',#11414,.F.);
#11414 = EDGE_LOOP('',(#11415));
#11415 = ORIENTED_EDGE('',*,*,#11416,.T.);
#11416 = EDGE_CURVE('',#11417,#11417,#11419,.T.);
#11417 = VERTEX_POINT('',#11418);
#11418 = CARTESIAN_POINT('',(193.5,-92.03,0.));
#11419 = CIRCLE('',#11420,0.675);
#11420 = AXIS2_PLACEMENT_3D('',#11421,#11422,#11423);
#11421 = CARTESIAN_POINT('',(193.5,-91.355,0.));
#11422 = DIRECTION('',(-0.,0.,-1.));
#11423 = DIRECTION('',(-0.,-1.,0.));
#11424 = FACE_BOUND('',#11425,.F.);
#11425 = EDGE_LOOP('',(#11426));
#11426 = ORIENTED_EDGE('',*,*,#11427,.T.);
#11427 = EDGE_CURVE('',#11428,#11428,#11430,.T.);
#11428 = VERTEX_POINT('',#11429);
#11429 = CARTESIAN_POINT('',(204.5,-87.985,0.));
#11430 = CIRCLE('',#11431,0.445);
#11431 = AXIS2_PLACEMENT_3D('',#11432,#11433,#11434);
#11432 = CARTESIAN_POINT('',(204.5,-87.54,0.));
#11433 = DIRECTION('',(-0.,0.,-1.));
#11434 = DIRECTION('',(-0.,-1.,0.));
#11435 = FACE_BOUND('',#11436,.F.);
#11436 = EDGE_LOOP('',(#11437));
#11437 = ORIENTED_EDGE('',*,*,#11438,.T.);
#11438 = EDGE_CURVE('',#11439,#11439,#11441,.T.);
#11439 = VERTEX_POINT('',#11440);
#11440 = CARTESIAN_POINT('',(132.6,-84.035,0.));
#11441 = CIRCLE('',#11442,0.635);
#11442 = AXIS2_PLACEMENT_3D('',#11443,#11444,#11445);
#11443 = CARTESIAN_POINT('',(132.6,-83.4,0.));
#11444 = DIRECTION('',(-0.,0.,-1.));
#11445 = DIRECTION('',(-4.475859752819E-14,-1.,0.));
#11446 = FACE_BOUND('',#11447,.F.);
#11447 = EDGE_LOOP('',(#11448));
#11448 = ORIENTED_EDGE('',*,*,#11449,.T.);
#11449 = EDGE_CURVE('',#11450,#11450,#11452,.T.);
#11450 = VERTEX_POINT('',#11451);
#11451 = CARTESIAN_POINT('',(133.,-77.355,0.));
#11452 = CIRCLE('',#11453,0.46);
#11453 = AXIS2_PLACEMENT_3D('',#11454,#11455,#11456);
#11454 = CARTESIAN_POINT('',(133.,-76.895,0.));
#11455 = DIRECTION('',(-0.,0.,-1.));
#11456 = DIRECTION('',(-0.,-1.,0.));
#11457 = FACE_BOUND('',#11458,.F.);
#11458 = EDGE_LOOP('',(#11459));
#11459 = ORIENTED_EDGE('',*,*,#11460,.T.);
#11460 = EDGE_CURVE('',#11461,#11461,#11463,.T.);
#11461 = VERTEX_POINT('',#11462);
#11462 = CARTESIAN_POINT('',(134.5,-78.82,0.));
#11463 = CIRCLE('',#11464,0.675);
#11464 = AXIS2_PLACEMENT_3D('',#11465,#11466,#11467);
#11465 = CARTESIAN_POINT('',(134.5,-78.145,0.));
#11466 = DIRECTION('',(-0.,0.,-1.));
#11467 = DIRECTION('',(-0.,-1.,0.));
#11468 = FACE_BOUND('',#11469,.F.);
#11469 = EDGE_LOOP('',(#11470));
#11470 = ORIENTED_EDGE('',*,*,#11471,.T.);
#11471 = EDGE_CURVE('',#11472,#11472,#11474,.T.);
#11472 = VERTEX_POINT('',#11473);
#11473 = CARTESIAN_POINT('',(133.,-61.565,0.));
#11474 = CIRCLE('',#11475,0.46);
#11475 = AXIS2_PLACEMENT_3D('',#11476,#11477,#11478);
#11476 = CARTESIAN_POINT('',(133.,-61.105,0.));
#11477 = DIRECTION('',(-0.,0.,-1.));
#11478 = DIRECTION('',(-0.,-1.,0.));
#11479 = FACE_BOUND('',#11480,.F.);
#11480 = EDGE_LOOP('',(#11481));
#11481 = ORIENTED_EDGE('',*,*,#11482,.T.);
#11482 = EDGE_CURVE('',#11483,#11483,#11485,.T.);
#11483 = VERTEX_POINT('',#11484);
#11484 = CARTESIAN_POINT('',(134.5,-60.53,0.));
#11485 = CIRCLE('',#11486,0.675);
#11486 = AXIS2_PLACEMENT_3D('',#11487,#11488,#11489);
#11487 = CARTESIAN_POINT('',(134.5,-59.855,0.));
#11488 = DIRECTION('',(-0.,0.,-1.));
#11489 = DIRECTION('',(-0.,-1.,0.));
#11490 = FACE_BOUND('',#11491,.F.);
#11491 = EDGE_LOOP('',(#11492));
#11492 = ORIENTED_EDGE('',*,*,#11493,.T.);
#11493 = EDGE_CURVE('',#11494,#11494,#11496,.T.);
#11494 = VERTEX_POINT('',#11495);
#11495 = CARTESIAN_POINT('',(140.855,-54.175,0.));
#11496 = CIRCLE('',#11497,0.675);
#11497 = AXIS2_PLACEMENT_3D('',#11498,#11499,#11500);
#11498 = CARTESIAN_POINT('',(140.855,-53.5,0.));
#11499 = DIRECTION('',(-0.,0.,-1.));
#11500 = DIRECTION('',(-4.210623619319E-14,-1.,0.));
#11501 = FACE_BOUND('',#11502,.F.);
#11502 = EDGE_LOOP('',(#11503));
#11503 = ORIENTED_EDGE('',*,*,#11504,.T.);
#11504 = EDGE_CURVE('',#11505,#11505,#11507,.T.);
#11505 = VERTEX_POINT('',#11506);
#11506 = CARTESIAN_POINT('',(142.105,-52.46,0.));
#11507 = CIRCLE('',#11508,0.46);
#11508 = AXIS2_PLACEMENT_3D('',#11509,#11510,#11511);
#11509 = CARTESIAN_POINT('',(142.105,-52.,0.));
#11510 = DIRECTION('',(-0.,0.,-1.));
#11511 = DIRECTION('',(-6.178632484871E-14,-1.,0.));
#11512 = FACE_BOUND('',#11513,.F.);
#11513 = EDGE_LOOP('',(#11514));
#11514 = ORIENTED_EDGE('',*,*,#11515,.T.);
#11515 = EDGE_CURVE('',#11516,#11516,#11518,.T.);
#11516 = VERTEX_POINT('',#11517);
#11517 = CARTESIAN_POINT('',(157.895,-52.46,0.));
#11518 = CIRCLE('',#11519,0.46);
#11519 = AXIS2_PLACEMENT_3D('',#11520,#11521,#11522);
#11520 = CARTESIAN_POINT('',(157.895,-52.,0.));
#11521 = DIRECTION('',(-0.,0.,-1.));
#11522 = DIRECTION('',(6.17863248487E-14,-1.,-0.));
#11523 = FACE_BOUND('',#11524,.F.);
#11524 = EDGE_LOOP('',(#11525));
#11525 = ORIENTED_EDGE('',*,*,#11526,.T.);
#11526 = EDGE_CURVE('',#11527,#11527,#11529,.T.);
#11527 = VERTEX_POINT('',#11528);
#11528 = CARTESIAN_POINT('',(159.145,-54.175,0.));
#11529 = CIRCLE('',#11530,0.675);
#11530 = AXIS2_PLACEMENT_3D('',#11531,#11532,#11533);
#11531 = CARTESIAN_POINT('',(159.145,-53.5,0.));
#11532 = DIRECTION('',(-0.,0.,-1.));
#11533 = DIRECTION('',(4.210623619319E-14,-1.,-0.));
#11534 = FACE_BOUND('',#11535,.F.);
#11535 = EDGE_LOOP('',(#11536));
#11536 = ORIENTED_EDGE('',*,*,#11537,.T.);
#11537 = EDGE_CURVE('',#11538,#11538,#11540,.T.);
#11538 = VERTEX_POINT('',#11539);
#11539 = CARTESIAN_POINT('',(166.855,-54.175,0.));
#11540 = CIRCLE('',#11541,0.675);
#11541 = AXIS2_PLACEMENT_3D('',#11542,#11543,#11544);
#11542 = CARTESIAN_POINT('',(166.855,-53.5,0.));
#11543 = DIRECTION('',(-0.,0.,-1.));
#11544 = DIRECTION('',(-4.210623619319E-14,-1.,0.));
#11545 = FACE_BOUND('',#11546,.F.);
#11546 = EDGE_LOOP('',(#11547));
#11547 = ORIENTED_EDGE('',*,*,#11548,.T.);
#11548 = EDGE_CURVE('',#11549,#11549,#11551,.T.);
#11549 = VERTEX_POINT('',#11550);
#11550 = CARTESIAN_POINT('',(194.,-85.535,0.));
#11551 = CIRCLE('',#11552,0.635);
#11552 = AXIS2_PLACEMENT_3D('',#11553,#11554,#11555);
#11553 = CARTESIAN_POINT('',(194.,-84.9,0.));
#11554 = DIRECTION('',(-0.,0.,-1.));
#11555 = DIRECTION('',(-0.,-1.,0.));
#11556 = FACE_BOUND('',#11557,.F.);
#11557 = EDGE_LOOP('',(#11558));
#11558 = ORIENTED_EDGE('',*,*,#11559,.T.);
#11559 = EDGE_CURVE('',#11560,#11560,#11562,.T.);
#11560 = VERTEX_POINT('',#11561);
#11561 = CARTESIAN_POINT('',(191.5,-78.82,0.));
#11562 = CIRCLE('',#11563,0.675);
#11563 = AXIS2_PLACEMENT_3D('',#11564,#11565,#11566);
#11564 = CARTESIAN_POINT('',(191.5,-78.145,0.));
#11565 = DIRECTION('',(-0.,0.,-1.));
#11566 = DIRECTION('',(-0.,-1.,0.));
#11567 = FACE_BOUND('',#11568,.F.);
#11568 = EDGE_LOOP('',(#11569));
#11569 = ORIENTED_EDGE('',*,*,#11570,.T.);
#11570 = EDGE_CURVE('',#11571,#11571,#11573,.T.);
#11571 = VERTEX_POINT('',#11572);
#11572 = CARTESIAN_POINT('',(193.,-77.355,0.));
#11573 = CIRCLE('',#11574,0.46);
#11574 = AXIS2_PLACEMENT_3D('',#11575,#11576,#11577);
#11575 = CARTESIAN_POINT('',(193.,-76.895,0.));
#11576 = DIRECTION('',(-0.,0.,-1.));
#11577 = DIRECTION('',(-0.,-1.,0.));
#11578 = FACE_BOUND('',#11579,.F.);
#11579 = EDGE_LOOP('',(#11580));
#11580 = ORIENTED_EDGE('',*,*,#11581,.T.);
#11581 = EDGE_CURVE('',#11582,#11582,#11584,.T.);
#11582 = VERTEX_POINT('',#11583);
#11583 = CARTESIAN_POINT('',(204.5,-85.445,0.));
#11584 = CIRCLE('',#11585,0.445);
#11585 = AXIS2_PLACEMENT_3D('',#11586,#11587,#11588);
#11586 = CARTESIAN_POINT('',(204.5,-85.,0.));
#11587 = DIRECTION('',(-0.,0.,-1.));
#11588 = DIRECTION('',(-0.,-1.,0.));
#11589 = FACE_BOUND('',#11590,.F.);
#11590 = EDGE_LOOP('',(#11591));
#11591 = ORIENTED_EDGE('',*,*,#11592,.T.);
#11592 = EDGE_CURVE('',#11593,#11593,#11595,.T.);
#11593 = VERTEX_POINT('',#11594);
#11594 = CARTESIAN_POINT('',(204.5,-82.905,0.));
#11595 = CIRCLE('',#11596,0.445);
#11596 = AXIS2_PLACEMENT_3D('',#11597,#11598,#11599);
#11597 = CARTESIAN_POINT('',(204.5,-82.46,0.));
#11598 = DIRECTION('',(-0.,0.,-1.));
#11599 = DIRECTION('',(-0.,-1.,0.));
#11600 = FACE_BOUND('',#11601,.F.);
#11601 = EDGE_LOOP('',(#11602));
#11602 = ORIENTED_EDGE('',*,*,#11603,.T.);
#11603 = EDGE_CURVE('',#11604,#11604,#11606,.T.);
#11604 = VERTEX_POINT('',#11605);
#11605 = CARTESIAN_POINT('',(168.105,-52.46,0.));
#11606 = CIRCLE('',#11607,0.46);
#11607 = AXIS2_PLACEMENT_3D('',#11608,#11609,#11610);
#11608 = CARTESIAN_POINT('',(168.105,-52.,0.));
#11609 = DIRECTION('',(-0.,0.,-1.));
#11610 = DIRECTION('',(-6.178632484871E-14,-1.,0.));
#11611 = FACE_BOUND('',#11612,.F.);
#11612 = EDGE_LOOP('',(#11613));
#11613 = ORIENTED_EDGE('',*,*,#11614,.T.);
#11614 = EDGE_CURVE('',#11615,#11615,#11617,.T.);
#11615 = VERTEX_POINT('',#11616);
#11616 = CARTESIAN_POINT('',(183.895,-52.46,0.));
#11617 = CIRCLE('',#11618,0.46);
#11618 = AXIS2_PLACEMENT_3D('',#11619,#11620,#11621);
#11619 = CARTESIAN_POINT('',(183.895,-52.,0.));
#11620 = DIRECTION('',(-0.,0.,-1.));
#11621 = DIRECTION('',(6.17863248487E-14,-1.,-0.));
#11622 = FACE_BOUND('',#11623,.F.);
#11623 = EDGE_LOOP('',(#11624));
#11624 = ORIENTED_EDGE('',*,*,#11625,.T.);
#11625 = EDGE_CURVE('',#11626,#11626,#11628,.T.);
#11626 = VERTEX_POINT('',#11627);
#11627 = CARTESIAN_POINT('',(185.145,-54.175,0.));
#11628 = CIRCLE('',#11629,0.675);
#11629 = AXIS2_PLACEMENT_3D('',#11630,#11631,#11632);
#11630 = CARTESIAN_POINT('',(185.145,-53.5,0.));
#11631 = DIRECTION('',(-0.,0.,-1.));
#11632 = DIRECTION('',(4.210623619319E-14,-1.,-0.));
#11633 = FACE_BOUND('',#11634,.F.);
#11634 = EDGE_LOOP('',(#11635));
#11635 = ORIENTED_EDGE('',*,*,#11636,.T.);
#11636 = EDGE_CURVE('',#11637,#11637,#11639,.T.);
#11637 = VERTEX_POINT('',#11638);
#11638 = CARTESIAN_POINT('',(193.,-61.565,0.));
#11639 = CIRCLE('',#11640,0.46);
#11640 = AXIS2_PLACEMENT_3D('',#11641,#11642,#11643);
#11641 = CARTESIAN_POINT('',(193.,-61.105,0.));
#11642 = DIRECTION('',(-0.,0.,-1.));
#11643 = DIRECTION('',(-0.,-1.,0.));
#11644 = FACE_BOUND('',#11645,.F.);
#11645 = EDGE_LOOP('',(#11646));
#11646 = ORIENTED_EDGE('',*,*,#11647,.T.);
#11647 = EDGE_CURVE('',#11648,#11648,#11650,.T.);
#11648 = VERTEX_POINT('',#11649);
#11649 = CARTESIAN_POINT('',(191.5,-60.53,0.));
#11650 = CIRCLE('',#11651,0.675);
#11651 = AXIS2_PLACEMENT_3D('',#11652,#11653,#11654);
#11652 = CARTESIAN_POINT('',(191.5,-59.855,0.));
#11653 = DIRECTION('',(-0.,0.,-1.));
#11654 = DIRECTION('',(-0.,-1.,0.));
#11655 = PLANE('',#11656);
#11656 = AXIS2_PLACEMENT_3D('',#11657,#11658,#11659);
#11657 = CARTESIAN_POINT('',(0.,0.,0.));
#11658 = DIRECTION('',(0.,0.,1.));
#11659 = DIRECTION('',(1.,0.,-0.));
#11660 = ADVANCED_FACE('',(#11661,#11768,#11779,#11790,#11801,#11812,
    #11823,#11834,#11845,#11856,#11867,#11878,#11889,#11900,#11911,
    #11922,#11933,#11944,#11955,#11966,#11977,#11988,#11999,#12010,
    #12021,#12032,#12043,#12054,#12065,#12076,#12087,#12098,#12109,
    #12120,#12131,#12142,#12153,#12164),#12175,.T.);
#11661 = FACE_BOUND('',#11662,.T.);
#11662 = EDGE_LOOP('',(#11663,#11664,#11665,#11673,#11681,#11689,#11697,
    #11705,#11713,#11721,#11729,#11737,#11745,#11753,#11761,#11767));
#11663 = ORIENTED_EDGE('',*,*,#11052,.F.);
#11664 = ORIENTED_EDGE('',*,*,#11092,.F.);
#11665 = ORIENTED_EDGE('',*,*,#11666,.F.);
#11666 = EDGE_CURVE('',#11667,#11085,#11669,.T.);
#11667 = VERTEX_POINT('',#11668);
#11668 = CARTESIAN_POINT('',(135.,-45.,1.51));
#11669 = LINE('',#11670,#11671);
#11670 = CARTESIAN_POINT('',(135.,-45.,1.51));
#11671 = VECTOR('',#11672,1.);
#11672 = DIRECTION('',(1.,0.,0.));
#11673 = ORIENTED_EDGE('',*,*,#11674,.F.);
#11674 = EDGE_CURVE('',#11675,#11667,#11677,.T.);
#11675 = VERTEX_POINT('',#11676);
#11676 = CARTESIAN_POINT('',(135.,-55.,1.51));
#11677 = LINE('',#11678,#11679);
#11678 = CARTESIAN_POINT('',(135.,-55.,1.51));
#11679 = VECTOR('',#11680,1.);
#11680 = DIRECTION('',(0.,1.,0.));
#11681 = ORIENTED_EDGE('',*,*,#11682,.F.);
#11682 = EDGE_CURVE('',#11683,#11675,#11685,.T.);
#11683 = VERTEX_POINT('',#11684);
#11684 = CARTESIAN_POINT('',(125.,-55.,1.51));
#11685 = LINE('',#11686,#11687);
#11686 = CARTESIAN_POINT('',(125.,-55.,1.51));
#11687 = VECTOR('',#11688,1.);
#11688 = DIRECTION('',(1.,0.,0.));
#11689 = ORIENTED_EDGE('',*,*,#11690,.F.);
#11690 = EDGE_CURVE('',#11691,#11683,#11693,.T.);
#11691 = VERTEX_POINT('',#11692);
#11692 = CARTESIAN_POINT('',(125.,-115.,1.51));
#11693 = LINE('',#11694,#11695);
#11694 = CARTESIAN_POINT('',(125.,-115.,1.51));
#11695 = VECTOR('',#11696,1.);
#11696 = DIRECTION('',(0.,1.,0.));
#11697 = ORIENTED_EDGE('',*,*,#11698,.F.);
#11698 = EDGE_CURVE('',#11699,#11691,#11701,.T.);
#11699 = VERTEX_POINT('',#11700);
#11700 = CARTESIAN_POINT('',(135.,-115.,1.51));
#11701 = LINE('',#11702,#11703);
#11702 = CARTESIAN_POINT('',(135.,-115.,1.51));
#11703 = VECTOR('',#11704,1.);
#11704 = DIRECTION('',(-1.,0.,0.));
#11705 = ORIENTED_EDGE('',*,*,#11706,.F.);
#11706 = EDGE_CURVE('',#11707,#11699,#11709,.T.);
#11707 = VERTEX_POINT('',#11708);
#11708 = CARTESIAN_POINT('',(135.,-125.,1.51));
#11709 = LINE('',#11710,#11711);
#11710 = CARTESIAN_POINT('',(135.,-125.,1.51));
#11711 = VECTOR('',#11712,1.);
#11712 = DIRECTION('',(0.,1.,0.));
#11713 = ORIENTED_EDGE('',*,*,#11714,.F.);
#11714 = EDGE_CURVE('',#11715,#11707,#11717,.T.);
#11715 = VERTEX_POINT('',#11716);
#11716 = CARTESIAN_POINT('',(190.,-125.,1.51));
#11717 = LINE('',#11718,#11719);
#11718 = CARTESIAN_POINT('',(190.,-125.,1.51));
#11719 = VECTOR('',#11720,1.);
#11720 = DIRECTION('',(-1.,0.,0.));
#11721 = ORIENTED_EDGE('',*,*,#11722,.F.);
#11722 = EDGE_CURVE('',#11723,#11715,#11725,.T.);
#11723 = VERTEX_POINT('',#11724);
#11724 = CARTESIAN_POINT('',(190.,-115.,1.51));
#11725 = LINE('',#11726,#11727);
#11726 = CARTESIAN_POINT('',(190.,-115.,1.51));
#11727 = VECTOR('',#11728,1.);
#11728 = DIRECTION('',(0.,-1.,0.));
#11729 = ORIENTED_EDGE('',*,*,#11730,.F.);
#11730 = EDGE_CURVE('',#11731,#11723,#11733,.T.);
#11731 = VERTEX_POINT('',#11732);
#11732 = CARTESIAN_POINT('',(200.,-115.,1.51));
#11733 = LINE('',#11734,#11735);
#11734 = CARTESIAN_POINT('',(200.,-115.,1.51));
#11735 = VECTOR('',#11736,1.);
#11736 = DIRECTION('',(-1.,0.,0.));
#11737 = ORIENTED_EDGE('',*,*,#11738,.F.);
#11738 = EDGE_CURVE('',#11739,#11731,#11741,.T.);
#11739 = VERTEX_POINT('',#11740);
#11740 = CARTESIAN_POINT('',(200.,-95.,1.51));
#11741 = LINE('',#11742,#11743);
#11742 = CARTESIAN_POINT('',(200.,-95.,1.51));
#11743 = VECTOR('',#11744,1.);
#11744 = DIRECTION('',(0.,-1.,0.));
#11745 = ORIENTED_EDGE('',*,*,#11746,.F.);
#11746 = EDGE_CURVE('',#11747,#11739,#11749,.T.);
#11747 = VERTEX_POINT('',#11748);
#11748 = CARTESIAN_POINT('',(208.5,-95.,1.51));
#11749 = LINE('',#11750,#11751);
#11750 = CARTESIAN_POINT('',(208.5,-95.,1.51));
#11751 = VECTOR('',#11752,1.);
#11752 = DIRECTION('',(-1.,0.,0.));
#11753 = ORIENTED_EDGE('',*,*,#11754,.F.);
#11754 = EDGE_CURVE('',#11755,#11747,#11757,.T.);
#11755 = VERTEX_POINT('',#11756);
#11756 = CARTESIAN_POINT('',(208.5,-75.,1.51));
#11757 = LINE('',#11758,#11759);
#11758 = CARTESIAN_POINT('',(208.5,-75.,1.51));
#11759 = VECTOR('',#11760,1.);
#11760 = DIRECTION('',(0.,-1.,0.));
#11761 = ORIENTED_EDGE('',*,*,#11762,.F.);
#11762 = EDGE_CURVE('',#11115,#11755,#11763,.T.);
#11763 = LINE('',#11764,#11765);
#11764 = CARTESIAN_POINT('',(200.,-75.,1.51));
#11765 = VECTOR('',#11766,1.);
#11766 = DIRECTION('',(1.,0.,0.));
#11767 = ORIENTED_EDGE('',*,*,#11114,.F.);
#11768 = FACE_BOUND('',#11769,.T.);
#11769 = EDGE_LOOP('',(#11770));
#11770 = ORIENTED_EDGE('',*,*,#11771,.T.);
#11771 = EDGE_CURVE('',#11772,#11772,#11774,.T.);
#11772 = VERTEX_POINT('',#11773);
#11773 = CARTESIAN_POINT('',(140.355,-118.675,1.51));
#11774 = CIRCLE('',#11775,0.675);
#11775 = AXIS2_PLACEMENT_3D('',#11776,#11777,#11778);
#11776 = CARTESIAN_POINT('',(140.355,-118.,1.51));
#11777 = DIRECTION('',(-0.,0.,-1.));
#11778 = DIRECTION('',(-4.210623619319E-14,-1.,0.));
#11779 = FACE_BOUND('',#11780,.T.);
#11780 = EDGE_LOOP('',(#11781));
#11781 = ORIENTED_EDGE('',*,*,#11782,.T.);
#11782 = EDGE_CURVE('',#11783,#11783,#11785,.T.);
#11783 = VERTEX_POINT('',#11784);
#11784 = CARTESIAN_POINT('',(141.605,-116.96,1.51));
#11785 = CIRCLE('',#11786,0.46);
#11786 = AXIS2_PLACEMENT_3D('',#11787,#11788,#11789);
#11787 = CARTESIAN_POINT('',(141.605,-116.5,1.51));
#11788 = DIRECTION('',(-0.,0.,-1.));
#11789 = DIRECTION('',(-6.178632484871E-14,-1.,0.));
#11790 = FACE_BOUND('',#11791,.T.);
#11791 = EDGE_LOOP('',(#11792));
#11792 = ORIENTED_EDGE('',*,*,#11793,.T.);
#11793 = EDGE_CURVE('',#11794,#11794,#11796,.T.);
#11794 = VERTEX_POINT('',#11795);
#11795 = CARTESIAN_POINT('',(131.8,-110.22,1.51));
#11796 = CIRCLE('',#11797,0.675);
#11797 = AXIS2_PLACEMENT_3D('',#11798,#11799,#11800);
#11798 = CARTESIAN_POINT('',(131.8,-109.545,1.51));
#11799 = DIRECTION('',(-0.,0.,-1.));
#11800 = DIRECTION('',(-0.,-1.,0.));
#11801 = FACE_BOUND('',#11802,.T.);
#11802 = EDGE_LOOP('',(#11803));
#11803 = ORIENTED_EDGE('',*,*,#11804,.T.);
#11804 = EDGE_CURVE('',#11805,#11805,#11807,.T.);
#11805 = VERTEX_POINT('',#11806);
#11806 = CARTESIAN_POINT('',(133.3,-108.755,1.51));
#11807 = CIRCLE('',#11808,0.46);
#11808 = AXIS2_PLACEMENT_3D('',#11809,#11810,#11811);
#11809 = CARTESIAN_POINT('',(133.3,-108.295,1.51));
#11810 = DIRECTION('',(-0.,0.,-1.));
#11811 = DIRECTION('',(-0.,-1.,0.));
#11812 = FACE_BOUND('',#11813,.T.);
#11813 = EDGE_LOOP('',(#11814));
#11814 = ORIENTED_EDGE('',*,*,#11815,.T.);
#11815 = EDGE_CURVE('',#11816,#11816,#11818,.T.);
#11816 = VERTEX_POINT('',#11817);
#11817 = CARTESIAN_POINT('',(158.645,-118.675,1.51));
#11818 = CIRCLE('',#11819,0.675);
#11819 = AXIS2_PLACEMENT_3D('',#11820,#11821,#11822);
#11820 = CARTESIAN_POINT('',(158.645,-118.,1.51));
#11821 = DIRECTION('',(-0.,0.,-1.));
#11822 = DIRECTION('',(4.210623619319E-14,-1.,-0.));
#11823 = FACE_BOUND('',#11824,.T.);
#11824 = EDGE_LOOP('',(#11825));
#11825 = ORIENTED_EDGE('',*,*,#11826,.T.);
#11826 = EDGE_CURVE('',#11827,#11827,#11829,.T.);
#11827 = VERTEX_POINT('',#11828);
#11828 = CARTESIAN_POINT('',(157.395,-116.96,1.51));
#11829 = CIRCLE('',#11830,0.46);
#11830 = AXIS2_PLACEMENT_3D('',#11831,#11832,#11833);
#11831 = CARTESIAN_POINT('',(157.395,-116.5,1.51));
#11832 = DIRECTION('',(-0.,0.,-1.));
#11833 = DIRECTION('',(6.17863248487E-14,-1.,-0.));
#11834 = FACE_BOUND('',#11835,.T.);
#11835 = EDGE_LOOP('',(#11836));
#11836 = ORIENTED_EDGE('',*,*,#11837,.T.);
#11837 = EDGE_CURVE('',#11838,#11838,#11840,.T.);
#11838 = VERTEX_POINT('',#11839);
#11839 = CARTESIAN_POINT('',(166.755,-118.475,1.51));
#11840 = CIRCLE('',#11841,0.675);
#11841 = AXIS2_PLACEMENT_3D('',#11842,#11843,#11844);
#11842 = CARTESIAN_POINT('',(166.755,-117.8,1.51));
#11843 = DIRECTION('',(-0.,0.,-1.));
#11844 = DIRECTION('',(-0.,-1.,0.));
#11845 = FACE_BOUND('',#11846,.T.);
#11846 = EDGE_LOOP('',(#11847));
#11847 = ORIENTED_EDGE('',*,*,#11848,.T.);
#11848 = EDGE_CURVE('',#11849,#11849,#11851,.T.);
#11849 = VERTEX_POINT('',#11850);
#11850 = CARTESIAN_POINT('',(168.005,-116.76,1.51));
#11851 = CIRCLE('',#11852,0.46);
#11852 = AXIS2_PLACEMENT_3D('',#11853,#11854,#11855);
#11853 = CARTESIAN_POINT('',(168.005,-116.3,1.51));
#11854 = DIRECTION('',(-0.,0.,-1.));
#11855 = DIRECTION('',(-0.,-1.,0.));
#11856 = FACE_BOUND('',#11857,.T.);
#11857 = EDGE_LOOP('',(#11858));
#11858 = ORIENTED_EDGE('',*,*,#11859,.T.);
#11859 = EDGE_CURVE('',#11860,#11860,#11862,.T.);
#11860 = VERTEX_POINT('',#11861);
#11861 = CARTESIAN_POINT('',(133.3,-92.965,1.51));
#11862 = CIRCLE('',#11863,0.46);
#11863 = AXIS2_PLACEMENT_3D('',#11864,#11865,#11866);
#11864 = CARTESIAN_POINT('',(133.3,-92.505,1.51));
#11865 = DIRECTION('',(-0.,0.,-1.));
#11866 = DIRECTION('',(-0.,-1.,0.));
#11867 = FACE_BOUND('',#11868,.T.);
#11868 = EDGE_LOOP('',(#11869));
#11869 = ORIENTED_EDGE('',*,*,#11870,.T.);
#11870 = EDGE_CURVE('',#11871,#11871,#11873,.T.);
#11871 = VERTEX_POINT('',#11872);
#11872 = CARTESIAN_POINT('',(131.8,-91.93,1.51));
#11873 = CIRCLE('',#11874,0.675);
#11874 = AXIS2_PLACEMENT_3D('',#11875,#11876,#11877);
#11875 = CARTESIAN_POINT('',(131.8,-91.255,1.51));
#11876 = DIRECTION('',(-0.,0.,-1.));
#11877 = DIRECTION('',(-0.,-1.,0.));
#11878 = FACE_BOUND('',#11879,.T.);
#11879 = EDGE_LOOP('',(#11880));
#11880 = ORIENTED_EDGE('',*,*,#11881,.T.);
#11881 = EDGE_CURVE('',#11882,#11882,#11884,.T.);
#11882 = VERTEX_POINT('',#11883);
#11883 = CARTESIAN_POINT('',(185.045,-118.475,1.51));
#11884 = CIRCLE('',#11885,0.675);
#11885 = AXIS2_PLACEMENT_3D('',#11886,#11887,#11888);
#11886 = CARTESIAN_POINT('',(185.045,-117.8,1.51));
#11887 = DIRECTION('',(-0.,0.,-1.));
#11888 = DIRECTION('',(-4.210623619319E-14,-1.,0.));
#11889 = FACE_BOUND('',#11890,.T.);
#11890 = EDGE_LOOP('',(#11891));
#11891 = ORIENTED_EDGE('',*,*,#11892,.T.);
#11892 = EDGE_CURVE('',#11893,#11893,#11895,.T.);
#11893 = VERTEX_POINT('',#11894);
#11894 = CARTESIAN_POINT('',(183.795,-116.76,1.51));
#11895 = CIRCLE('',#11896,0.46);
#11896 = AXIS2_PLACEMENT_3D('',#11897,#11898,#11899);
#11897 = CARTESIAN_POINT('',(183.795,-116.3,1.51));
#11898 = DIRECTION('',(-0.,0.,-1.));
#11899 = DIRECTION('',(-6.178632484871E-14,-1.,0.));
#11900 = FACE_BOUND('',#11901,.T.);
#11901 = EDGE_LOOP('',(#11902));
#11902 = ORIENTED_EDGE('',*,*,#11903,.T.);
#11903 = EDGE_CURVE('',#11904,#11904,#11906,.T.);
#11904 = VERTEX_POINT('',#11905);
#11905 = CARTESIAN_POINT('',(192.,-108.855,1.51));
#11906 = CIRCLE('',#11907,0.46);
#11907 = AXIS2_PLACEMENT_3D('',#11908,#11909,#11910);
#11908 = CARTESIAN_POINT('',(192.,-108.395,1.51));
#11909 = DIRECTION('',(-0.,0.,-1.));
#11910 = DIRECTION('',(-0.,-1.,0.));
#11911 = FACE_BOUND('',#11912,.T.);
#11912 = EDGE_LOOP('',(#11913));
#11913 = ORIENTED_EDGE('',*,*,#11914,.T.);
#11914 = EDGE_CURVE('',#11915,#11915,#11917,.T.);
#11915 = VERTEX_POINT('',#11916);
#11916 = CARTESIAN_POINT('',(193.5,-110.32,1.51));
#11917 = CIRCLE('',#11918,0.675);
#11918 = AXIS2_PLACEMENT_3D('',#11919,#11920,#11921);
#11919 = CARTESIAN_POINT('',(193.5,-109.645,1.51));
#11920 = DIRECTION('',(-0.,0.,-1.));
#11921 = DIRECTION('',(-0.,-1.,0.));
#11922 = FACE_BOUND('',#11923,.T.);
#11923 = EDGE_LOOP('',(#11924));
#11924 = ORIENTED_EDGE('',*,*,#11925,.T.);
#11925 = EDGE_CURVE('',#11926,#11926,#11928,.T.);
#11926 = VERTEX_POINT('',#11927);
#11927 = CARTESIAN_POINT('',(192.,-93.065,1.51));
#11928 = CIRCLE('',#11929,0.46);
#11929 = AXIS2_PLACEMENT_3D('',#11930,#11931,#11932);
#11930 = CARTESIAN_POINT('',(192.,-92.605,1.51));
#11931 = DIRECTION('',(-0.,0.,-1.));
#11932 = DIRECTION('',(-0.,-1.,0.));
#11933 = FACE_BOUND('',#11934,.T.);
#11934 = EDGE_LOOP('',(#11935));
#11935 = ORIENTED_EDGE('',*,*,#11936,.T.);
#11936 = EDGE_CURVE('',#11937,#11937,#11939,.T.);
#11937 = VERTEX_POINT('',#11938);
#11938 = CARTESIAN_POINT('',(193.5,-92.03,1.51));
#11939 = CIRCLE('',#11940,0.675);
#11940 = AXIS2_PLACEMENT_3D('',#11941,#11942,#11943);
#11941 = CARTESIAN_POINT('',(193.5,-91.355,1.51));
#11942 = DIRECTION('',(-0.,0.,-1.));
#11943 = DIRECTION('',(-0.,-1.,0.));
#11944 = FACE_BOUND('',#11945,.T.);
#11945 = EDGE_LOOP('',(#11946));
#11946 = ORIENTED_EDGE('',*,*,#11947,.T.);
#11947 = EDGE_CURVE('',#11948,#11948,#11950,.T.);
#11948 = VERTEX_POINT('',#11949);
#11949 = CARTESIAN_POINT('',(204.5,-87.985,1.51));
#11950 = CIRCLE('',#11951,0.445);
#11951 = AXIS2_PLACEMENT_3D('',#11952,#11953,#11954);
#11952 = CARTESIAN_POINT('',(204.5,-87.54,1.51));
#11953 = DIRECTION('',(-0.,0.,-1.));
#11954 = DIRECTION('',(-0.,-1.,0.));
#11955 = FACE_BOUND('',#11956,.T.);
#11956 = EDGE_LOOP('',(#11957));
#11957 = ORIENTED_EDGE('',*,*,#11958,.T.);
#11958 = EDGE_CURVE('',#11959,#11959,#11961,.T.);
#11959 = VERTEX_POINT('',#11960);
#11960 = CARTESIAN_POINT('',(132.6,-84.035,1.51));
#11961 = CIRCLE('',#11962,0.635);
#11962 = AXIS2_PLACEMENT_3D('',#11963,#11964,#11965);
#11963 = CARTESIAN_POINT('',(132.6,-83.4,1.51));
#11964 = DIRECTION('',(-0.,0.,-1.));
#11965 = DIRECTION('',(-4.475859752819E-14,-1.,0.));
#11966 = FACE_BOUND('',#11967,.T.);
#11967 = EDGE_LOOP('',(#11968));
#11968 = ORIENTED_EDGE('',*,*,#11969,.T.);
#11969 = EDGE_CURVE('',#11970,#11970,#11972,.T.);
#11970 = VERTEX_POINT('',#11971);
#11971 = CARTESIAN_POINT('',(133.,-77.355,1.51));
#11972 = CIRCLE('',#11973,0.46);
#11973 = AXIS2_PLACEMENT_3D('',#11974,#11975,#11976);
#11974 = CARTESIAN_POINT('',(133.,-76.895,1.51));
#11975 = DIRECTION('',(-0.,0.,-1.));
#11976 = DIRECTION('',(-0.,-1.,0.));
#11977 = FACE_BOUND('',#11978,.T.);
#11978 = EDGE_LOOP('',(#11979));
#11979 = ORIENTED_EDGE('',*,*,#11980,.T.);
#11980 = EDGE_CURVE('',#11981,#11981,#11983,.T.);
#11981 = VERTEX_POINT('',#11982);
#11982 = CARTESIAN_POINT('',(134.5,-78.82,1.51));
#11983 = CIRCLE('',#11984,0.675);
#11984 = AXIS2_PLACEMENT_3D('',#11985,#11986,#11987);
#11985 = CARTESIAN_POINT('',(134.5,-78.145,1.51));
#11986 = DIRECTION('',(-0.,0.,-1.));
#11987 = DIRECTION('',(-0.,-1.,0.));
#11988 = FACE_BOUND('',#11989,.T.);
#11989 = EDGE_LOOP('',(#11990));
#11990 = ORIENTED_EDGE('',*,*,#11991,.T.);
#11991 = EDGE_CURVE('',#11992,#11992,#11994,.T.);
#11992 = VERTEX_POINT('',#11993);
#11993 = CARTESIAN_POINT('',(133.,-61.565,1.51));
#11994 = CIRCLE('',#11995,0.46);
#11995 = AXIS2_PLACEMENT_3D('',#11996,#11997,#11998);
#11996 = CARTESIAN_POINT('',(133.,-61.105,1.51));
#11997 = DIRECTION('',(-0.,0.,-1.));
#11998 = DIRECTION('',(-0.,-1.,0.));
#11999 = FACE_BOUND('',#12000,.T.);
#12000 = EDGE_LOOP('',(#12001));
#12001 = ORIENTED_EDGE('',*,*,#12002,.T.);
#12002 = EDGE_CURVE('',#12003,#12003,#12005,.T.);
#12003 = VERTEX_POINT('',#12004);
#12004 = CARTESIAN_POINT('',(134.5,-60.53,1.51));
#12005 = CIRCLE('',#12006,0.675);
#12006 = AXIS2_PLACEMENT_3D('',#12007,#12008,#12009);
#12007 = CARTESIAN_POINT('',(134.5,-59.855,1.51));
#12008 = DIRECTION('',(-0.,0.,-1.));
#12009 = DIRECTION('',(-0.,-1.,0.));
#12010 = FACE_BOUND('',#12011,.T.);
#12011 = EDGE_LOOP('',(#12012));
#12012 = ORIENTED_EDGE('',*,*,#12013,.T.);
#12013 = EDGE_CURVE('',#12014,#12014,#12016,.T.);
#12014 = VERTEX_POINT('',#12015);
#12015 = CARTESIAN_POINT('',(140.855,-54.175,1.51));
#12016 = CIRCLE('',#12017,0.675);
#12017 = AXIS2_PLACEMENT_3D('',#12018,#12019,#12020);
#12018 = CARTESIAN_POINT('',(140.855,-53.5,1.51));
#12019 = DIRECTION('',(-0.,0.,-1.));
#12020 = DIRECTION('',(-4.210623619319E-14,-1.,0.));
#12021 = FACE_BOUND('',#12022,.T.);
#12022 = EDGE_LOOP('',(#12023));
#12023 = ORIENTED_EDGE('',*,*,#12024,.T.);
#12024 = EDGE_CURVE('',#12025,#12025,#12027,.T.);
#12025 = VERTEX_POINT('',#12026);
#12026 = CARTESIAN_POINT('',(142.105,-52.46,1.51));
#12027 = CIRCLE('',#12028,0.46);
#12028 = AXIS2_PLACEMENT_3D('',#12029,#12030,#12031);
#12029 = CARTESIAN_POINT('',(142.105,-52.,1.51));
#12030 = DIRECTION('',(-0.,0.,-1.));
#12031 = DIRECTION('',(-6.178632484871E-14,-1.,0.));
#12032 = FACE_BOUND('',#12033,.T.);
#12033 = EDGE_LOOP('',(#12034));
#12034 = ORIENTED_EDGE('',*,*,#12035,.T.);
#12035 = EDGE_CURVE('',#12036,#12036,#12038,.T.);
#12036 = VERTEX_POINT('',#12037);
#12037 = CARTESIAN_POINT('',(157.895,-52.46,1.51));
#12038 = CIRCLE('',#12039,0.46);
#12039 = AXIS2_PLACEMENT_3D('',#12040,#12041,#12042);
#12040 = CARTESIAN_POINT('',(157.895,-52.,1.51));
#12041 = DIRECTION('',(-0.,0.,-1.));
#12042 = DIRECTION('',(6.17863248487E-14,-1.,-0.));
#12043 = FACE_BOUND('',#12044,.T.);
#12044 = EDGE_LOOP('',(#12045));
#12045 = ORIENTED_EDGE('',*,*,#12046,.T.);
#12046 = EDGE_CURVE('',#12047,#12047,#12049,.T.);
#12047 = VERTEX_POINT('',#12048);
#12048 = CARTESIAN_POINT('',(159.145,-54.175,1.51));
#12049 = CIRCLE('',#12050,0.675);
#12050 = AXIS2_PLACEMENT_3D('',#12051,#12052,#12053);
#12051 = CARTESIAN_POINT('',(159.145,-53.5,1.51));
#12052 = DIRECTION('',(-0.,0.,-1.));
#12053 = DIRECTION('',(4.210623619319E-14,-1.,-0.));
#12054 = FACE_BOUND('',#12055,.T.);
#12055 = EDGE_LOOP('',(#12056));
#12056 = ORIENTED_EDGE('',*,*,#12057,.T.);
#12057 = EDGE_CURVE('',#12058,#12058,#12060,.T.);
#12058 = VERTEX_POINT('',#12059);
#12059 = CARTESIAN_POINT('',(166.855,-54.175,1.51));
#12060 = CIRCLE('',#12061,0.675);
#12061 = AXIS2_PLACEMENT_3D('',#12062,#12063,#12064);
#12062 = CARTESIAN_POINT('',(166.855,-53.5,1.51));
#12063 = DIRECTION('',(-0.,0.,-1.));
#12064 = DIRECTION('',(-4.210623619319E-14,-1.,0.));
#12065 = FACE_BOUND('',#12066,.T.);
#12066 = EDGE_LOOP('',(#12067));
#12067 = ORIENTED_EDGE('',*,*,#12068,.T.);
#12068 = EDGE_CURVE('',#12069,#12069,#12071,.T.);
#12069 = VERTEX_POINT('',#12070);
#12070 = CARTESIAN_POINT('',(194.,-85.535,1.51));
#12071 = CIRCLE('',#12072,0.635);
#12072 = AXIS2_PLACEMENT_3D('',#12073,#12074,#12075);
#12073 = CARTESIAN_POINT('',(194.,-84.9,1.51));
#12074 = DIRECTION('',(-0.,0.,-1.));
#12075 = DIRECTION('',(-0.,-1.,0.));
#12076 = FACE_BOUND('',#12077,.T.);
#12077 = EDGE_LOOP('',(#12078));
#12078 = ORIENTED_EDGE('',*,*,#12079,.T.);
#12079 = EDGE_CURVE('',#12080,#12080,#12082,.T.);
#12080 = VERTEX_POINT('',#12081);
#12081 = CARTESIAN_POINT('',(191.5,-78.82,1.51));
#12082 = CIRCLE('',#12083,0.675);
#12083 = AXIS2_PLACEMENT_3D('',#12084,#12085,#12086);
#12084 = CARTESIAN_POINT('',(191.5,-78.145,1.51));
#12085 = DIRECTION('',(-0.,0.,-1.));
#12086 = DIRECTION('',(-0.,-1.,0.));
#12087 = FACE_BOUND('',#12088,.T.);
#12088 = EDGE_LOOP('',(#12089));
#12089 = ORIENTED_EDGE('',*,*,#12090,.T.);
#12090 = EDGE_CURVE('',#12091,#12091,#12093,.T.);
#12091 = VERTEX_POINT('',#12092);
#12092 = CARTESIAN_POINT('',(193.,-77.355,1.51));
#12093 = CIRCLE('',#12094,0.46);
#12094 = AXIS2_PLACEMENT_3D('',#12095,#12096,#12097);
#12095 = CARTESIAN_POINT('',(193.,-76.895,1.51));
#12096 = DIRECTION('',(-0.,0.,-1.));
#12097 = DIRECTION('',(-0.,-1.,0.));
#12098 = FACE_BOUND('',#12099,.T.);
#12099 = EDGE_LOOP('',(#12100));
#12100 = ORIENTED_EDGE('',*,*,#12101,.T.);
#12101 = EDGE_CURVE('',#12102,#12102,#12104,.T.);
#12102 = VERTEX_POINT('',#12103);
#12103 = CARTESIAN_POINT('',(204.5,-85.445,1.51));
#12104 = CIRCLE('',#12105,0.445);
#12105 = AXIS2_PLACEMENT_3D('',#12106,#12107,#12108);
#12106 = CARTESIAN_POINT('',(204.5,-85.,1.51));
#12107 = DIRECTION('',(-0.,0.,-1.));
#12108 = DIRECTION('',(-0.,-1.,0.));
#12109 = FACE_BOUND('',#12110,.T.);
#12110 = EDGE_LOOP('',(#12111));
#12111 = ORIENTED_EDGE('',*,*,#12112,.T.);
#12112 = EDGE_CURVE('',#12113,#12113,#12115,.T.);
#12113 = VERTEX_POINT('',#12114);
#12114 = CARTESIAN_POINT('',(204.5,-82.905,1.51));
#12115 = CIRCLE('',#12116,0.445);
#12116 = AXIS2_PLACEMENT_3D('',#12117,#12118,#12119);
#12117 = CARTESIAN_POINT('',(204.5,-82.46,1.51));
#12118 = DIRECTION('',(-0.,0.,-1.));
#12119 = DIRECTION('',(-0.,-1.,0.));
#12120 = FACE_BOUND('',#12121,.T.);
#12121 = EDGE_LOOP('',(#12122));
#12122 = ORIENTED_EDGE('',*,*,#12123,.T.);
#12123 = EDGE_CURVE('',#12124,#12124,#12126,.T.);
#12124 = VERTEX_POINT('',#12125);
#12125 = CARTESIAN_POINT('',(168.105,-52.46,1.51));
#12126 = CIRCLE('',#12127,0.46);
#12127 = AXIS2_PLACEMENT_3D('',#12128,#12129,#12130);
#12128 = CARTESIAN_POINT('',(168.105,-52.,1.51));
#12129 = DIRECTION('',(-0.,0.,-1.));
#12130 = DIRECTION('',(-6.178632484871E-14,-1.,0.));
#12131 = FACE_BOUND('',#12132,.T.);
#12132 = EDGE_LOOP('',(#12133));
#12133 = ORIENTED_EDGE('',*,*,#12134,.T.);
#12134 = EDGE_CURVE('',#12135,#12135,#12137,.T.);
#12135 = VERTEX_POINT('',#12136);
#12136 = CARTESIAN_POINT('',(183.895,-52.46,1.51));
#12137 = CIRCLE('',#12138,0.46);
#12138 = AXIS2_PLACEMENT_3D('',#12139,#12140,#12141);
#12139 = CARTESIAN_POINT('',(183.895,-52.,1.51));
#12140 = DIRECTION('',(-0.,0.,-1.));
#12141 = DIRECTION('',(6.17863248487E-14,-1.,-0.));
#12142 = FACE_BOUND('',#12143,.T.);
#12143 = EDGE_LOOP('',(#12144));
#12144 = ORIENTED_EDGE('',*,*,#12145,.T.);
#12145 = EDGE_CURVE('',#12146,#12146,#12148,.T.);
#12146 = VERTEX_POINT('',#12147);
#12147 = CARTESIAN_POINT('',(185.145,-54.175,1.51));
#12148 = CIRCLE('',#12149,0.675);
#12149 = AXIS2_PLACEMENT_3D('',#12150,#12151,#12152);
#12150 = CARTESIAN_POINT('',(185.145,-53.5,1.51));
#12151 = DIRECTION('',(-0.,0.,-1.));
#12152 = DIRECTION('',(4.210623619319E-14,-1.,-0.));
#12153 = FACE_BOUND('',#12154,.T.);
#12154 = EDGE_LOOP('',(#12155));
#12155 = ORIENTED_EDGE('',*,*,#12156,.T.);
#12156 = EDGE_CURVE('',#12157,#12157,#12159,.T.);
#12157 = VERTEX_POINT('',#12158);
#12158 = CARTESIAN_POINT('',(193.,-61.565,1.51));
#12159 = CIRCLE('',#12160,0.46);
#12160 = AXIS2_PLACEMENT_3D('',#12161,#12162,#12163);
#12161 = CARTESIAN_POINT('',(193.,-61.105,1.51));
#12162 = DIRECTION('',(-0.,0.,-1.));
#12163 = DIRECTION('',(-0.,-1.,0.));
#12164 = FACE_BOUND('',#12165,.T.);
#12165 = EDGE_LOOP('',(#12166));
#12166 = ORIENTED_EDGE('',*,*,#12167,.T.);
#12167 = EDGE_CURVE('',#12168,#12168,#12170,.T.);
#12168 = VERTEX_POINT('',#12169);
#12169 = CARTESIAN_POINT('',(191.5,-60.53,1.51));
#12170 = CIRCLE('',#12171,0.675);
#12171 = AXIS2_PLACEMENT_3D('',#12172,#12173,#12174);
#12172 = CARTESIAN_POINT('',(191.5,-59.855,1.51));
#12173 = DIRECTION('',(-0.,0.,-1.));
#12174 = DIRECTION('',(-0.,-1.,0.));
#12175 = PLANE('',#12176);
#12176 = AXIS2_PLACEMENT_3D('',#12177,#12178,#12179);
#12177 = CARTESIAN_POINT('',(0.,0.,1.51));
#12178 = DIRECTION('',(0.,0.,1.));
#12179 = DIRECTION('',(1.,0.,-0.));
#12180 = ADVANCED_FACE('',(#12181),#12192,.T.);
#12181 = FACE_BOUND('',#12182,.T.);
#12182 = EDGE_LOOP('',(#12183,#12189,#12190,#12191));
#12183 = ORIENTED_EDGE('',*,*,#12184,.T.);
#12184 = EDGE_CURVE('',#11147,#11667,#12185,.T.);
#12185 = LINE('',#12186,#12187);
#12186 = CARTESIAN_POINT('',(135.,-45.,0.));
#12187 = VECTOR('',#12188,1.);
#12188 = DIRECTION('',(0.,0.,1.));
#12189 = ORIENTED_EDGE('',*,*,#11666,.T.);
#12190 = ORIENTED_EDGE('',*,*,#11082,.F.);
#12191 = ORIENTED_EDGE('',*,*,#11146,.F.);
#12192 = PLANE('',#12193);
#12193 = AXIS2_PLACEMENT_3D('',#12194,#12195,#12196);
#12194 = CARTESIAN_POINT('',(135.,-45.,0.));
#12195 = DIRECTION('',(0.,1.,0.));
#12196 = DIRECTION('',(1.,0.,0.));
#12197 = ADVANCED_FACE('',(#12198),#12209,.T.);
#12198 = FACE_BOUND('',#12199,.T.);
#12199 = EDGE_LOOP('',(#12200,#12201,#12202,#12208));
#12200 = ORIENTED_EDGE('',*,*,#11122,.T.);
#12201 = ORIENTED_EDGE('',*,*,#11762,.T.);
#12202 = ORIENTED_EDGE('',*,*,#12203,.F.);
#12203 = EDGE_CURVE('',#11235,#11755,#12204,.T.);
#12204 = LINE('',#12205,#12206);
#12205 = CARTESIAN_POINT('',(208.5,-75.,0.));
#12206 = VECTOR('',#12207,1.);
#12207 = DIRECTION('',(0.,0.,1.));
#12208 = ORIENTED_EDGE('',*,*,#11242,.F.);
#12209 = PLANE('',#12210);
#12210 = AXIS2_PLACEMENT_3D('',#12211,#12212,#12213);
#12211 = CARTESIAN_POINT('',(200.,-75.,0.));
#12212 = DIRECTION('',(0.,1.,0.));
#12213 = DIRECTION('',(1.,0.,0.));
#12214 = ADVANCED_FACE('',(#12215),#12226,.T.);
#12215 = FACE_BOUND('',#12216,.T.);
#12216 = EDGE_LOOP('',(#12217,#12223,#12224,#12225));
#12217 = ORIENTED_EDGE('',*,*,#12218,.T.);
#12218 = EDGE_CURVE('',#11155,#11675,#12219,.T.);
#12219 = LINE('',#12220,#12221);
#12220 = CARTESIAN_POINT('',(135.,-55.,0.));
#12221 = VECTOR('',#12222,1.);
#12222 = DIRECTION('',(0.,0.,1.));
#12223 = ORIENTED_EDGE('',*,*,#11674,.T.);
#12224 = ORIENTED_EDGE('',*,*,#12184,.F.);
#12225 = ORIENTED_EDGE('',*,*,#11154,.F.);
#12226 = PLANE('',#12227);
#12227 = AXIS2_PLACEMENT_3D('',#12228,#12229,#12230);
#12228 = CARTESIAN_POINT('',(135.,-55.,0.));
#12229 = DIRECTION('',(-1.,0.,0.));
#12230 = DIRECTION('',(0.,1.,0.));
#12231 = ADVANCED_FACE('',(#12232),#12243,.T.);
#12232 = FACE_BOUND('',#12233,.T.);
#12233 = EDGE_LOOP('',(#12234,#12235,#12236,#12242));
#12234 = ORIENTED_EDGE('',*,*,#12203,.T.);
#12235 = ORIENTED_EDGE('',*,*,#11754,.T.);
#12236 = ORIENTED_EDGE('',*,*,#12237,.F.);
#12237 = EDGE_CURVE('',#11227,#11747,#12238,.T.);
#12238 = LINE('',#12239,#12240);
#12239 = CARTESIAN_POINT('',(208.5,-95.,0.));
#12240 = VECTOR('',#12241,1.);
#12241 = DIRECTION('',(0.,0.,1.));
#12242 = ORIENTED_EDGE('',*,*,#11234,.F.);
#12243 = PLANE('',#12244);
#12244 = AXIS2_PLACEMENT_3D('',#12245,#12246,#12247);
#12245 = CARTESIAN_POINT('',(208.5,-75.,0.));
#12246 = DIRECTION('',(1.,0.,-0.));
#12247 = DIRECTION('',(0.,-1.,0.));
#12248 = ADVANCED_FACE('',(#12249),#12260,.T.);
#12249 = FACE_BOUND('',#12250,.T.);
#12250 = EDGE_LOOP('',(#12251,#12257,#12258,#12259));
#12251 = ORIENTED_EDGE('',*,*,#12252,.T.);
#12252 = EDGE_CURVE('',#11163,#11683,#12253,.T.);
#12253 = LINE('',#12254,#12255);
#12254 = CARTESIAN_POINT('',(125.,-55.,0.));
#12255 = VECTOR('',#12256,1.);
#12256 = DIRECTION('',(0.,0.,1.));
#12257 = ORIENTED_EDGE('',*,*,#11682,.T.);
#12258 = ORIENTED_EDGE('',*,*,#12218,.F.);
#12259 = ORIENTED_EDGE('',*,*,#11162,.F.);
#12260 = PLANE('',#12261);
#12261 = AXIS2_PLACEMENT_3D('',#12262,#12263,#12264);
#12262 = CARTESIAN_POINT('',(125.,-55.,0.));
#12263 = DIRECTION('',(0.,1.,0.));
#12264 = DIRECTION('',(1.,0.,0.));
#12265 = ADVANCED_FACE('',(#12266),#12277,.T.);
#12266 = FACE_BOUND('',#12267,.T.);
#12267 = EDGE_LOOP('',(#12268,#12269,#12270,#12276));
#12268 = ORIENTED_EDGE('',*,*,#12237,.T.);
#12269 = ORIENTED_EDGE('',*,*,#11746,.T.);
#12270 = ORIENTED_EDGE('',*,*,#12271,.F.);
#12271 = EDGE_CURVE('',#11219,#11739,#12272,.T.);
#12272 = LINE('',#12273,#12274);
#12273 = CARTESIAN_POINT('',(200.,-95.,0.));
#12274 = VECTOR('',#12275,1.);
#12275 = DIRECTION('',(0.,0.,1.));
#12276 = ORIENTED_EDGE('',*,*,#11226,.F.);
#12277 = PLANE('',#12278);
#12278 = AXIS2_PLACEMENT_3D('',#12279,#12280,#12281);
#12279 = CARTESIAN_POINT('',(208.5,-95.,0.));
#12280 = DIRECTION('',(0.,-1.,0.));
#12281 = DIRECTION('',(-1.,0.,0.));
#12282 = ADVANCED_FACE('',(#12283),#12294,.T.);
#12283 = FACE_BOUND('',#12284,.T.);
#12284 = EDGE_LOOP('',(#12285,#12291,#12292,#12293));
#12285 = ORIENTED_EDGE('',*,*,#12286,.T.);
#12286 = EDGE_CURVE('',#11171,#11691,#12287,.T.);
#12287 = LINE('',#12288,#12289);
#12288 = CARTESIAN_POINT('',(125.,-115.,0.));
#12289 = VECTOR('',#12290,1.);
#12290 = DIRECTION('',(0.,0.,1.));
#12291 = ORIENTED_EDGE('',*,*,#11690,.T.);
#12292 = ORIENTED_EDGE('',*,*,#12252,.F.);
#12293 = ORIENTED_EDGE('',*,*,#11170,.F.);
#12294 = PLANE('',#12295);
#12295 = AXIS2_PLACEMENT_3D('',#12296,#12297,#12298);
#12296 = CARTESIAN_POINT('',(125.,-115.,0.));
#12297 = DIRECTION('',(-1.,0.,0.));
#12298 = DIRECTION('',(0.,1.,0.));
#12299 = ADVANCED_FACE('',(#12300),#12311,.T.);
#12300 = FACE_BOUND('',#12301,.T.);
#12301 = EDGE_LOOP('',(#12302,#12303,#12304,#12310));
#12302 = ORIENTED_EDGE('',*,*,#12271,.T.);
#12303 = ORIENTED_EDGE('',*,*,#11738,.T.);
#12304 = ORIENTED_EDGE('',*,*,#12305,.F.);
#12305 = EDGE_CURVE('',#11211,#11731,#12306,.T.);
#12306 = LINE('',#12307,#12308);
#12307 = CARTESIAN_POINT('',(200.,-115.,0.));
#12308 = VECTOR('',#12309,1.);
#12309 = DIRECTION('',(0.,0.,1.));
#12310 = ORIENTED_EDGE('',*,*,#11218,.F.);
#12311 = PLANE('',#12312);
#12312 = AXIS2_PLACEMENT_3D('',#12313,#12314,#12315);
#12313 = CARTESIAN_POINT('',(200.,-95.,0.));
#12314 = DIRECTION('',(1.,0.,-0.));
#12315 = DIRECTION('',(0.,-1.,0.));
#12316 = ADVANCED_FACE('',(#12317),#12328,.T.);
#12317 = FACE_BOUND('',#12318,.T.);
#12318 = EDGE_LOOP('',(#12319,#12325,#12326,#12327));
#12319 = ORIENTED_EDGE('',*,*,#12320,.T.);
#12320 = EDGE_CURVE('',#11179,#11699,#12321,.T.);
#12321 = LINE('',#12322,#12323);
#12322 = CARTESIAN_POINT('',(135.,-115.,0.));
#12323 = VECTOR('',#12324,1.);
#12324 = DIRECTION('',(0.,0.,1.));
#12325 = ORIENTED_EDGE('',*,*,#11698,.T.);
#12326 = ORIENTED_EDGE('',*,*,#12286,.F.);
#12327 = ORIENTED_EDGE('',*,*,#11178,.F.);
#12328 = PLANE('',#12329);
#12329 = AXIS2_PLACEMENT_3D('',#12330,#12331,#12332);
#12330 = CARTESIAN_POINT('',(135.,-115.,0.));
#12331 = DIRECTION('',(0.,-1.,0.));
#12332 = DIRECTION('',(-1.,0.,0.));
#12333 = ADVANCED_FACE('',(#12334),#12345,.T.);
#12334 = FACE_BOUND('',#12335,.T.);
#12335 = EDGE_LOOP('',(#12336,#12337,#12338,#12344));
#12336 = ORIENTED_EDGE('',*,*,#12305,.T.);
#12337 = ORIENTED_EDGE('',*,*,#11730,.T.);
#12338 = ORIENTED_EDGE('',*,*,#12339,.F.);
#12339 = EDGE_CURVE('',#11203,#11723,#12340,.T.);
#12340 = LINE('',#12341,#12342);
#12341 = CARTESIAN_POINT('',(190.,-115.,0.));
#12342 = VECTOR('',#12343,1.);
#12343 = DIRECTION('',(0.,0.,1.));
#12344 = ORIENTED_EDGE('',*,*,#11210,.F.);
#12345 = PLANE('',#12346);
#12346 = AXIS2_PLACEMENT_3D('',#12347,#12348,#12349);
#12347 = CARTESIAN_POINT('',(200.,-115.,0.));
#12348 = DIRECTION('',(0.,-1.,0.));
#12349 = DIRECTION('',(-1.,0.,0.));
#12350 = ADVANCED_FACE('',(#12351),#12362,.T.);
#12351 = FACE_BOUND('',#12352,.T.);
#12352 = EDGE_LOOP('',(#12353,#12359,#12360,#12361));
#12353 = ORIENTED_EDGE('',*,*,#12354,.T.);
#12354 = EDGE_CURVE('',#11187,#11707,#12355,.T.);
#12355 = LINE('',#12356,#12357);
#12356 = CARTESIAN_POINT('',(135.,-125.,0.));
#12357 = VECTOR('',#12358,1.);
#12358 = DIRECTION('',(0.,0.,1.));
#12359 = ORIENTED_EDGE('',*,*,#11706,.T.);
#12360 = ORIENTED_EDGE('',*,*,#12320,.F.);
#12361 = ORIENTED_EDGE('',*,*,#11186,.F.);
#12362 = PLANE('',#12363);
#12363 = AXIS2_PLACEMENT_3D('',#12364,#12365,#12366);
#12364 = CARTESIAN_POINT('',(135.,-125.,0.));
#12365 = DIRECTION('',(-1.,0.,0.));
#12366 = DIRECTION('',(0.,1.,0.));
#12367 = ADVANCED_FACE('',(#12368),#12379,.T.);
#12368 = FACE_BOUND('',#12369,.T.);
#12369 = EDGE_LOOP('',(#12370,#12371,#12372,#12378));
#12370 = ORIENTED_EDGE('',*,*,#12339,.T.);
#12371 = ORIENTED_EDGE('',*,*,#11722,.T.);
#12372 = ORIENTED_EDGE('',*,*,#12373,.F.);
#12373 = EDGE_CURVE('',#11195,#11715,#12374,.T.);
#12374 = LINE('',#12375,#12376);
#12375 = CARTESIAN_POINT('',(190.,-125.,0.));
#12376 = VECTOR('',#12377,1.);
#12377 = DIRECTION('',(0.,0.,1.));
#12378 = ORIENTED_EDGE('',*,*,#11202,.F.);
#12379 = PLANE('',#12380);
#12380 = AXIS2_PLACEMENT_3D('',#12381,#12382,#12383);
#12381 = CARTESIAN_POINT('',(190.,-115.,0.));
#12382 = DIRECTION('',(1.,0.,-0.));
#12383 = DIRECTION('',(0.,-1.,0.));
#12384 = ADVANCED_FACE('',(#12385),#12391,.T.);
#12385 = FACE_BOUND('',#12386,.T.);
#12386 = EDGE_LOOP('',(#12387,#12388,#12389,#12390));
#12387 = ORIENTED_EDGE('',*,*,#12373,.T.);
#12388 = ORIENTED_EDGE('',*,*,#11714,.T.);
#12389 = ORIENTED_EDGE('',*,*,#12354,.F.);
#12390 = ORIENTED_EDGE('',*,*,#11194,.F.);
#12391 = PLANE('',#12392);
#12392 = AXIS2_PLACEMENT_3D('',#12393,#12394,#12395);
#12393 = CARTESIAN_POINT('',(190.,-125.,0.));
#12394 = DIRECTION('',(0.,-1.,0.));
#12395 = DIRECTION('',(-1.,0.,0.));
#12396 = ADVANCED_FACE('',(#12397),#12408,.F.);
#12397 = FACE_BOUND('',#12398,.T.);
#12398 = EDGE_LOOP('',(#12399,#12400,#12406,#12407));
#12399 = ORIENTED_EDGE('',*,*,#11251,.T.);
#12400 = ORIENTED_EDGE('',*,*,#12401,.T.);
#12401 = EDGE_CURVE('',#11252,#11772,#12402,.T.);
#12402 = LINE('',#12403,#12404);
#12403 = CARTESIAN_POINT('',(140.355,-118.675,-4.6E-02));
#12404 = VECTOR('',#12405,1.);
#12405 = DIRECTION('',(0.,0.,1.));
#12406 = ORIENTED_EDGE('',*,*,#11771,.F.);
#12407 = ORIENTED_EDGE('',*,*,#12401,.F.);
#12408 = CYLINDRICAL_SURFACE('',#12409,0.675);
#12409 = AXIS2_PLACEMENT_3D('',#12410,#12411,#12412);
#12410 = CARTESIAN_POINT('',(140.355,-118.,-4.6E-02));
#12411 = DIRECTION('',(-0.,-0.,-1.));
#12412 = DIRECTION('',(-4.210623619319E-14,-1.,0.));
#12413 = ADVANCED_FACE('',(#12414),#12425,.F.);
#12414 = FACE_BOUND('',#12415,.T.);
#12415 = EDGE_LOOP('',(#12416,#12417,#12423,#12424));
#12416 = ORIENTED_EDGE('',*,*,#11262,.T.);
#12417 = ORIENTED_EDGE('',*,*,#12418,.T.);
#12418 = EDGE_CURVE('',#11263,#11783,#12419,.T.);
#12419 = LINE('',#12420,#12421);
#12420 = CARTESIAN_POINT('',(141.605,-116.96,-4.6E-02));
#12421 = VECTOR('',#12422,1.);
#12422 = DIRECTION('',(0.,0.,1.));
#12423 = ORIENTED_EDGE('',*,*,#11782,.F.);
#12424 = ORIENTED_EDGE('',*,*,#12418,.F.);
#12425 = CYLINDRICAL_SURFACE('',#12426,0.46);
#12426 = AXIS2_PLACEMENT_3D('',#12427,#12428,#12429);
#12427 = CARTESIAN_POINT('',(141.605,-116.5,-4.6E-02));
#12428 = DIRECTION('',(-0.,-0.,-1.));
#12429 = DIRECTION('',(-6.178632484871E-14,-1.,0.));
#12430 = ADVANCED_FACE('',(#12431),#12442,.F.);
#12431 = FACE_BOUND('',#12432,.T.);
#12432 = EDGE_LOOP('',(#12433,#12434,#12440,#12441));
#12433 = ORIENTED_EDGE('',*,*,#11273,.T.);
#12434 = ORIENTED_EDGE('',*,*,#12435,.T.);
#12435 = EDGE_CURVE('',#11274,#11794,#12436,.T.);
#12436 = LINE('',#12437,#12438);
#12437 = CARTESIAN_POINT('',(131.8,-110.22,-4.6E-02));
#12438 = VECTOR('',#12439,1.);
#12439 = DIRECTION('',(0.,0.,1.));
#12440 = ORIENTED_EDGE('',*,*,#11793,.F.);
#12441 = ORIENTED_EDGE('',*,*,#12435,.F.);
#12442 = CYLINDRICAL_SURFACE('',#12443,0.675);
#12443 = AXIS2_PLACEMENT_3D('',#12444,#12445,#12446);
#12444 = CARTESIAN_POINT('',(131.8,-109.545,-4.6E-02));
#12445 = DIRECTION('',(-0.,-0.,-1.));
#12446 = DIRECTION('',(-0.,-1.,0.));
#12447 = ADVANCED_FACE('',(#12448),#12459,.F.);
#12448 = FACE_BOUND('',#12449,.T.);
#12449 = EDGE_LOOP('',(#12450,#12451,#12457,#12458));
#12450 = ORIENTED_EDGE('',*,*,#11284,.T.);
#12451 = ORIENTED_EDGE('',*,*,#12452,.T.);
#12452 = EDGE_CURVE('',#11285,#11805,#12453,.T.);
#12453 = LINE('',#12454,#12455);
#12454 = CARTESIAN_POINT('',(133.3,-108.755,-4.6E-02));
#12455 = VECTOR('',#12456,1.);
#12456 = DIRECTION('',(0.,0.,1.));
#12457 = ORIENTED_EDGE('',*,*,#11804,.F.);
#12458 = ORIENTED_EDGE('',*,*,#12452,.F.);
#12459 = CYLINDRICAL_SURFACE('',#12460,0.46);
#12460 = AXIS2_PLACEMENT_3D('',#12461,#12462,#12463);
#12461 = CARTESIAN_POINT('',(133.3,-108.295,-4.6E-02));
#12462 = DIRECTION('',(-0.,-0.,-1.));
#12463 = DIRECTION('',(-0.,-1.,0.));
#12464 = ADVANCED_FACE('',(#12465),#12476,.F.);
#12465 = FACE_BOUND('',#12466,.T.);
#12466 = EDGE_LOOP('',(#12467,#12468,#12474,#12475));
#12467 = ORIENTED_EDGE('',*,*,#11295,.T.);
#12468 = ORIENTED_EDGE('',*,*,#12469,.T.);
#12469 = EDGE_CURVE('',#11296,#11816,#12470,.T.);
#12470 = LINE('',#12471,#12472);
#12471 = CARTESIAN_POINT('',(158.645,-118.675,-4.6E-02));
#12472 = VECTOR('',#12473,1.);
#12473 = DIRECTION('',(0.,0.,1.));
#12474 = ORIENTED_EDGE('',*,*,#11815,.F.);
#12475 = ORIENTED_EDGE('',*,*,#12469,.F.);
#12476 = CYLINDRICAL_SURFACE('',#12477,0.675);
#12477 = AXIS2_PLACEMENT_3D('',#12478,#12479,#12480);
#12478 = CARTESIAN_POINT('',(158.645,-118.,-4.6E-02));
#12479 = DIRECTION('',(-0.,0.,-1.));
#12480 = DIRECTION('',(4.210623619319E-14,-1.,-0.));
#12481 = ADVANCED_FACE('',(#12482),#12493,.F.);
#12482 = FACE_BOUND('',#12483,.T.);
#12483 = EDGE_LOOP('',(#12484,#12485,#12491,#12492));
#12484 = ORIENTED_EDGE('',*,*,#11306,.T.);
#12485 = ORIENTED_EDGE('',*,*,#12486,.T.);
#12486 = EDGE_CURVE('',#11307,#11827,#12487,.T.);
#12487 = LINE('',#12488,#12489);
#12488 = CARTESIAN_POINT('',(157.395,-116.96,-4.6E-02));
#12489 = VECTOR('',#12490,1.);
#12490 = DIRECTION('',(0.,0.,1.));
#12491 = ORIENTED_EDGE('',*,*,#11826,.F.);
#12492 = ORIENTED_EDGE('',*,*,#12486,.F.);
#12493 = CYLINDRICAL_SURFACE('',#12494,0.46);
#12494 = AXIS2_PLACEMENT_3D('',#12495,#12496,#12497);
#12495 = CARTESIAN_POINT('',(157.395,-116.5,-4.6E-02));
#12496 = DIRECTION('',(-0.,0.,-1.));
#12497 = DIRECTION('',(6.17863248487E-14,-1.,-0.));
#12498 = ADVANCED_FACE('',(#12499),#12510,.F.);
#12499 = FACE_BOUND('',#12500,.T.);
#12500 = EDGE_LOOP('',(#12501,#12502,#12508,#12509));
#12501 = ORIENTED_EDGE('',*,*,#11317,.T.);
#12502 = ORIENTED_EDGE('',*,*,#12503,.T.);
#12503 = EDGE_CURVE('',#11318,#11838,#12504,.T.);
#12504 = LINE('',#12505,#12506);
#12505 = CARTESIAN_POINT('',(166.755,-118.475,-4.6E-02));
#12506 = VECTOR('',#12507,1.);
#12507 = DIRECTION('',(0.,0.,1.));
#12508 = ORIENTED_EDGE('',*,*,#11837,.F.);
#12509 = ORIENTED_EDGE('',*,*,#12503,.F.);
#12510 = CYLINDRICAL_SURFACE('',#12511,0.675);
#12511 = AXIS2_PLACEMENT_3D('',#12512,#12513,#12514);
#12512 = CARTESIAN_POINT('',(166.755,-117.8,-4.6E-02));
#12513 = DIRECTION('',(-0.,-0.,-1.));
#12514 = DIRECTION('',(-0.,-1.,0.));
#12515 = ADVANCED_FACE('',(#12516),#12527,.F.);
#12516 = FACE_BOUND('',#12517,.T.);
#12517 = EDGE_LOOP('',(#12518,#12519,#12525,#12526));
#12518 = ORIENTED_EDGE('',*,*,#11328,.T.);
#12519 = ORIENTED_EDGE('',*,*,#12520,.T.);
#12520 = EDGE_CURVE('',#11329,#11849,#12521,.T.);
#12521 = LINE('',#12522,#12523);
#12522 = CARTESIAN_POINT('',(168.005,-116.76,-4.6E-02));
#12523 = VECTOR('',#12524,1.);
#12524 = DIRECTION('',(0.,0.,1.));
#12525 = ORIENTED_EDGE('',*,*,#11848,.F.);
#12526 = ORIENTED_EDGE('',*,*,#12520,.F.);
#12527 = CYLINDRICAL_SURFACE('',#12528,0.46);
#12528 = AXIS2_PLACEMENT_3D('',#12529,#12530,#12531);
#12529 = CARTESIAN_POINT('',(168.005,-116.3,-4.6E-02));
#12530 = DIRECTION('',(-0.,-0.,-1.));
#12531 = DIRECTION('',(-0.,-1.,0.));
#12532 = ADVANCED_FACE('',(#12533),#12544,.F.);
#12533 = FACE_BOUND('',#12534,.T.);
#12534 = EDGE_LOOP('',(#12535,#12536,#12542,#12543));
#12535 = ORIENTED_EDGE('',*,*,#11339,.T.);
#12536 = ORIENTED_EDGE('',*,*,#12537,.T.);
#12537 = EDGE_CURVE('',#11340,#11860,#12538,.T.);
#12538 = LINE('',#12539,#12540);
#12539 = CARTESIAN_POINT('',(133.3,-92.965,-4.6E-02));
#12540 = VECTOR('',#12541,1.);
#12541 = DIRECTION('',(0.,0.,1.));
#12542 = ORIENTED_EDGE('',*,*,#11859,.F.);
#12543 = ORIENTED_EDGE('',*,*,#12537,.F.);
#12544 = CYLINDRICAL_SURFACE('',#12545,0.46);
#12545 = AXIS2_PLACEMENT_3D('',#12546,#12547,#12548);
#12546 = CARTESIAN_POINT('',(133.3,-92.505,-4.6E-02));
#12547 = DIRECTION('',(-0.,-0.,-1.));
#12548 = DIRECTION('',(-0.,-1.,0.));
#12549 = ADVANCED_FACE('',(#12550),#12561,.F.);
#12550 = FACE_BOUND('',#12551,.T.);
#12551 = EDGE_LOOP('',(#12552,#12553,#12559,#12560));
#12552 = ORIENTED_EDGE('',*,*,#11350,.T.);
#12553 = ORIENTED_EDGE('',*,*,#12554,.T.);
#12554 = EDGE_CURVE('',#11351,#11871,#12555,.T.);
#12555 = LINE('',#12556,#12557);
#12556 = CARTESIAN_POINT('',(131.8,-91.93,-4.6E-02));
#12557 = VECTOR('',#12558,1.);
#12558 = DIRECTION('',(0.,0.,1.));
#12559 = ORIENTED_EDGE('',*,*,#11870,.F.);
#12560 = ORIENTED_EDGE('',*,*,#12554,.F.);
#12561 = CYLINDRICAL_SURFACE('',#12562,0.675);
#12562 = AXIS2_PLACEMENT_3D('',#12563,#12564,#12565);
#12563 = CARTESIAN_POINT('',(131.8,-91.255,-4.6E-02));
#12564 = DIRECTION('',(-0.,-0.,-1.));
#12565 = DIRECTION('',(-0.,-1.,0.));
#12566 = ADVANCED_FACE('',(#12567),#12578,.F.);
#12567 = FACE_BOUND('',#12568,.T.);
#12568 = EDGE_LOOP('',(#12569,#12570,#12576,#12577));
#12569 = ORIENTED_EDGE('',*,*,#11361,.T.);
#12570 = ORIENTED_EDGE('',*,*,#12571,.T.);
#12571 = EDGE_CURVE('',#11362,#11882,#12572,.T.);
#12572 = LINE('',#12573,#12574);
#12573 = CARTESIAN_POINT('',(185.045,-118.475,-4.6E-02));
#12574 = VECTOR('',#12575,1.);
#12575 = DIRECTION('',(0.,0.,1.));
#12576 = ORIENTED_EDGE('',*,*,#11881,.F.);
#12577 = ORIENTED_EDGE('',*,*,#12571,.F.);
#12578 = CYLINDRICAL_SURFACE('',#12579,0.675);
#12579 = AXIS2_PLACEMENT_3D('',#12580,#12581,#12582);
#12580 = CARTESIAN_POINT('',(185.045,-117.8,-4.6E-02));
#12581 = DIRECTION('',(-0.,-0.,-1.));
#12582 = DIRECTION('',(-4.210623619319E-14,-1.,0.));
#12583 = ADVANCED_FACE('',(#12584),#12595,.F.);
#12584 = FACE_BOUND('',#12585,.T.);
#12585 = EDGE_LOOP('',(#12586,#12587,#12593,#12594));
#12586 = ORIENTED_EDGE('',*,*,#11372,.T.);
#12587 = ORIENTED_EDGE('',*,*,#12588,.T.);
#12588 = EDGE_CURVE('',#11373,#11893,#12589,.T.);
#12589 = LINE('',#12590,#12591);
#12590 = CARTESIAN_POINT('',(183.795,-116.76,-4.6E-02));
#12591 = VECTOR('',#12592,1.);
#12592 = DIRECTION('',(0.,0.,1.));
#12593 = ORIENTED_EDGE('',*,*,#11892,.F.);
#12594 = ORIENTED_EDGE('',*,*,#12588,.F.);
#12595 = CYLINDRICAL_SURFACE('',#12596,0.46);
#12596 = AXIS2_PLACEMENT_3D('',#12597,#12598,#12599);
#12597 = CARTESIAN_POINT('',(183.795,-116.3,-4.6E-02));
#12598 = DIRECTION('',(-0.,-0.,-1.));
#12599 = DIRECTION('',(-6.178632484871E-14,-1.,0.));
#12600 = ADVANCED_FACE('',(#12601),#12612,.F.);
#12601 = FACE_BOUND('',#12602,.T.);
#12602 = EDGE_LOOP('',(#12603,#12604,#12610,#12611));
#12603 = ORIENTED_EDGE('',*,*,#11383,.T.);
#12604 = ORIENTED_EDGE('',*,*,#12605,.T.);
#12605 = EDGE_CURVE('',#11384,#11904,#12606,.T.);
#12606 = LINE('',#12607,#12608);
#12607 = CARTESIAN_POINT('',(192.,-108.855,-4.6E-02));
#12608 = VECTOR('',#12609,1.);
#12609 = DIRECTION('',(0.,0.,1.));
#12610 = ORIENTED_EDGE('',*,*,#11903,.F.);
#12611 = ORIENTED_EDGE('',*,*,#12605,.F.);
#12612 = CYLINDRICAL_SURFACE('',#12613,0.46);
#12613 = AXIS2_PLACEMENT_3D('',#12614,#12615,#12616);
#12614 = CARTESIAN_POINT('',(192.,-108.395,-4.6E-02));
#12615 = DIRECTION('',(-0.,-0.,-1.));
#12616 = DIRECTION('',(-0.,-1.,0.));
#12617 = ADVANCED_FACE('',(#12618),#12629,.F.);
#12618 = FACE_BOUND('',#12619,.T.);
#12619 = EDGE_LOOP('',(#12620,#12621,#12627,#12628));
#12620 = ORIENTED_EDGE('',*,*,#11394,.T.);
#12621 = ORIENTED_EDGE('',*,*,#12622,.T.);
#12622 = EDGE_CURVE('',#11395,#11915,#12623,.T.);
#12623 = LINE('',#12624,#12625);
#12624 = CARTESIAN_POINT('',(193.5,-110.32,-4.6E-02));
#12625 = VECTOR('',#12626,1.);
#12626 = DIRECTION('',(0.,0.,1.));
#12627 = ORIENTED_EDGE('',*,*,#11914,.F.);
#12628 = ORIENTED_EDGE('',*,*,#12622,.F.);
#12629 = CYLINDRICAL_SURFACE('',#12630,0.675);
#12630 = AXIS2_PLACEMENT_3D('',#12631,#12632,#12633);
#12631 = CARTESIAN_POINT('',(193.5,-109.645,-4.6E-02));
#12632 = DIRECTION('',(-0.,-0.,-1.));
#12633 = DIRECTION('',(-0.,-1.,0.));
#12634 = ADVANCED_FACE('',(#12635),#12646,.F.);
#12635 = FACE_BOUND('',#12636,.T.);
#12636 = EDGE_LOOP('',(#12637,#12638,#12644,#12645));
#12637 = ORIENTED_EDGE('',*,*,#11405,.T.);
#12638 = ORIENTED_EDGE('',*,*,#12639,.T.);
#12639 = EDGE_CURVE('',#11406,#11926,#12640,.T.);
#12640 = LINE('',#12641,#12642);
#12641 = CARTESIAN_POINT('',(192.,-93.065,-4.6E-02));
#12642 = VECTOR('',#12643,1.);
#12643 = DIRECTION('',(0.,0.,1.));
#12644 = ORIENTED_EDGE('',*,*,#11925,.F.);
#12645 = ORIENTED_EDGE('',*,*,#12639,.F.);
#12646 = CYLINDRICAL_SURFACE('',#12647,0.46);
#12647 = AXIS2_PLACEMENT_3D('',#12648,#12649,#12650);
#12648 = CARTESIAN_POINT('',(192.,-92.605,-4.6E-02));
#12649 = DIRECTION('',(-0.,-0.,-1.));
#12650 = DIRECTION('',(-0.,-1.,0.));
#12651 = ADVANCED_FACE('',(#12652),#12663,.F.);
#12652 = FACE_BOUND('',#12653,.T.);
#12653 = EDGE_LOOP('',(#12654,#12655,#12661,#12662));
#12654 = ORIENTED_EDGE('',*,*,#11416,.T.);
#12655 = ORIENTED_EDGE('',*,*,#12656,.T.);
#12656 = EDGE_CURVE('',#11417,#11937,#12657,.T.);
#12657 = LINE('',#12658,#12659);
#12658 = CARTESIAN_POINT('',(193.5,-92.03,-4.6E-02));
#12659 = VECTOR('',#12660,1.);
#12660 = DIRECTION('',(0.,0.,1.));
#12661 = ORIENTED_EDGE('',*,*,#11936,.F.);
#12662 = ORIENTED_EDGE('',*,*,#12656,.F.);
#12663 = CYLINDRICAL_SURFACE('',#12664,0.675);
#12664 = AXIS2_PLACEMENT_3D('',#12665,#12666,#12667);
#12665 = CARTESIAN_POINT('',(193.5,-91.355,-4.6E-02));
#12666 = DIRECTION('',(-0.,-0.,-1.));
#12667 = DIRECTION('',(-0.,-1.,0.));
#12668 = ADVANCED_FACE('',(#12669),#12680,.F.);
#12669 = FACE_BOUND('',#12670,.T.);
#12670 = EDGE_LOOP('',(#12671,#12672,#12678,#12679));
#12671 = ORIENTED_EDGE('',*,*,#11427,.T.);
#12672 = ORIENTED_EDGE('',*,*,#12673,.T.);
#12673 = EDGE_CURVE('',#11428,#11948,#12674,.T.);
#12674 = LINE('',#12675,#12676);
#12675 = CARTESIAN_POINT('',(204.5,-87.985,-4.6E-02));
#12676 = VECTOR('',#12677,1.);
#12677 = DIRECTION('',(0.,0.,1.));
#12678 = ORIENTED_EDGE('',*,*,#11947,.F.);
#12679 = ORIENTED_EDGE('',*,*,#12673,.F.);
#12680 = CYLINDRICAL_SURFACE('',#12681,0.445);
#12681 = AXIS2_PLACEMENT_3D('',#12682,#12683,#12684);
#12682 = CARTESIAN_POINT('',(204.5,-87.54,-4.6E-02));
#12683 = DIRECTION('',(-0.,-0.,-1.));
#12684 = DIRECTION('',(-0.,-1.,0.));
#12685 = ADVANCED_FACE('',(#12686),#12697,.F.);
#12686 = FACE_BOUND('',#12687,.T.);
#12687 = EDGE_LOOP('',(#12688,#12689,#12695,#12696));
#12688 = ORIENTED_EDGE('',*,*,#11438,.T.);
#12689 = ORIENTED_EDGE('',*,*,#12690,.T.);
#12690 = EDGE_CURVE('',#11439,#11959,#12691,.T.);
#12691 = LINE('',#12692,#12693);
#12692 = CARTESIAN_POINT('',(132.6,-84.035,-4.6E-02));
#12693 = VECTOR('',#12694,1.);
#12694 = DIRECTION('',(0.,0.,1.));
#12695 = ORIENTED_EDGE('',*,*,#11958,.F.);
#12696 = ORIENTED_EDGE('',*,*,#12690,.F.);
#12697 = CYLINDRICAL_SURFACE('',#12698,0.635);
#12698 = AXIS2_PLACEMENT_3D('',#12699,#12700,#12701);
#12699 = CARTESIAN_POINT('',(132.6,-83.4,-4.6E-02));
#12700 = DIRECTION('',(-0.,-0.,-1.));
#12701 = DIRECTION('',(-4.475859752819E-14,-1.,0.));
#12702 = ADVANCED_FACE('',(#12703),#12714,.F.);
#12703 = FACE_BOUND('',#12704,.T.);
#12704 = EDGE_LOOP('',(#12705,#12706,#12712,#12713));
#12705 = ORIENTED_EDGE('',*,*,#11449,.T.);
#12706 = ORIENTED_EDGE('',*,*,#12707,.T.);
#12707 = EDGE_CURVE('',#11450,#11970,#12708,.T.);
#12708 = LINE('',#12709,#12710);
#12709 = CARTESIAN_POINT('',(133.,-77.355,-4.6E-02));
#12710 = VECTOR('',#12711,1.);
#12711 = DIRECTION('',(0.,0.,1.));
#12712 = ORIENTED_EDGE('',*,*,#11969,.F.);
#12713 = ORIENTED_EDGE('',*,*,#12707,.F.);
#12714 = CYLINDRICAL_SURFACE('',#12715,0.46);
#12715 = AXIS2_PLACEMENT_3D('',#12716,#12717,#12718);
#12716 = CARTESIAN_POINT('',(133.,-76.895,-4.6E-02));
#12717 = DIRECTION('',(-0.,-0.,-1.));
#12718 = DIRECTION('',(-0.,-1.,0.));
#12719 = ADVANCED_FACE('',(#12720),#12731,.F.);
#12720 = FACE_BOUND('',#12721,.T.);
#12721 = EDGE_LOOP('',(#12722,#12723,#12729,#12730));
#12722 = ORIENTED_EDGE('',*,*,#11460,.T.);
#12723 = ORIENTED_EDGE('',*,*,#12724,.T.);
#12724 = EDGE_CURVE('',#11461,#11981,#12725,.T.);
#12725 = LINE('',#12726,#12727);
#12726 = CARTESIAN_POINT('',(134.5,-78.82,-4.6E-02));
#12727 = VECTOR('',#12728,1.);
#12728 = DIRECTION('',(0.,0.,1.));
#12729 = ORIENTED_EDGE('',*,*,#11980,.F.);
#12730 = ORIENTED_EDGE('',*,*,#12724,.F.);
#12731 = CYLINDRICAL_SURFACE('',#12732,0.675);
#12732 = AXIS2_PLACEMENT_3D('',#12733,#12734,#12735);
#12733 = CARTESIAN_POINT('',(134.5,-78.145,-4.6E-02));
#12734 = DIRECTION('',(-0.,-0.,-1.));
#12735 = DIRECTION('',(-0.,-1.,0.));
#12736 = ADVANCED_FACE('',(#12737),#12748,.F.);
#12737 = FACE_BOUND('',#12738,.T.);
#12738 = EDGE_LOOP('',(#12739,#12740,#12746,#12747));
#12739 = ORIENTED_EDGE('',*,*,#11471,.T.);
#12740 = ORIENTED_EDGE('',*,*,#12741,.T.);
#12741 = EDGE_CURVE('',#11472,#11992,#12742,.T.);
#12742 = LINE('',#12743,#12744);
#12743 = CARTESIAN_POINT('',(133.,-61.565,-4.6E-02));
#12744 = VECTOR('',#12745,1.);
#12745 = DIRECTION('',(0.,0.,1.));
#12746 = ORIENTED_EDGE('',*,*,#11991,.F.);
#12747 = ORIENTED_EDGE('',*,*,#12741,.F.);
#12748 = CYLINDRICAL_SURFACE('',#12749,0.46);
#12749 = AXIS2_PLACEMENT_3D('',#12750,#12751,#12752);
#12750 = CARTESIAN_POINT('',(133.,-61.105,-4.6E-02));
#12751 = DIRECTION('',(-0.,-0.,-1.));
#12752 = DIRECTION('',(-0.,-1.,0.));
#12753 = ADVANCED_FACE('',(#12754),#12765,.F.);
#12754 = FACE_BOUND('',#12755,.T.);
#12755 = EDGE_LOOP('',(#12756,#12757,#12763,#12764));
#12756 = ORIENTED_EDGE('',*,*,#11482,.T.);
#12757 = ORIENTED_EDGE('',*,*,#12758,.T.);
#12758 = EDGE_CURVE('',#11483,#12003,#12759,.T.);
#12759 = LINE('',#12760,#12761);
#12760 = CARTESIAN_POINT('',(134.5,-60.53,-4.6E-02));
#12761 = VECTOR('',#12762,1.);
#12762 = DIRECTION('',(0.,0.,1.));
#12763 = ORIENTED_EDGE('',*,*,#12002,.F.);
#12764 = ORIENTED_EDGE('',*,*,#12758,.F.);
#12765 = CYLINDRICAL_SURFACE('',#12766,0.675);
#12766 = AXIS2_PLACEMENT_3D('',#12767,#12768,#12769);
#12767 = CARTESIAN_POINT('',(134.5,-59.855,-4.6E-02));
#12768 = DIRECTION('',(-0.,-0.,-1.));
#12769 = DIRECTION('',(-0.,-1.,0.));
#12770 = ADVANCED_FACE('',(#12771),#12782,.F.);
#12771 = FACE_BOUND('',#12772,.T.);
#12772 = EDGE_LOOP('',(#12773,#12774,#12780,#12781));
#12773 = ORIENTED_EDGE('',*,*,#11493,.T.);
#12774 = ORIENTED_EDGE('',*,*,#12775,.T.);
#12775 = EDGE_CURVE('',#11494,#12014,#12776,.T.);
#12776 = LINE('',#12777,#12778);
#12777 = CARTESIAN_POINT('',(140.855,-54.175,-4.6E-02));
#12778 = VECTOR('',#12779,1.);
#12779 = DIRECTION('',(0.,0.,1.));
#12780 = ORIENTED_EDGE('',*,*,#12013,.F.);
#12781 = ORIENTED_EDGE('',*,*,#12775,.F.);
#12782 = CYLINDRICAL_SURFACE('',#12783,0.675);
#12783 = AXIS2_PLACEMENT_3D('',#12784,#12785,#12786);
#12784 = CARTESIAN_POINT('',(140.855,-53.5,-4.6E-02));
#12785 = DIRECTION('',(-0.,-0.,-1.));
#12786 = DIRECTION('',(-4.210623619319E-14,-1.,0.));
#12787 = ADVANCED_FACE('',(#12788),#12799,.F.);
#12788 = FACE_BOUND('',#12789,.T.);
#12789 = EDGE_LOOP('',(#12790,#12791,#12797,#12798));
#12790 = ORIENTED_EDGE('',*,*,#11504,.T.);
#12791 = ORIENTED_EDGE('',*,*,#12792,.T.);
#12792 = EDGE_CURVE('',#11505,#12025,#12793,.T.);
#12793 = LINE('',#12794,#12795);
#12794 = CARTESIAN_POINT('',(142.105,-52.46,-4.6E-02));
#12795 = VECTOR('',#12796,1.);
#12796 = DIRECTION('',(0.,0.,1.));
#12797 = ORIENTED_EDGE('',*,*,#12024,.F.);
#12798 = ORIENTED_EDGE('',*,*,#12792,.F.);
#12799 = CYLINDRICAL_SURFACE('',#12800,0.46);
#12800 = AXIS2_PLACEMENT_3D('',#12801,#12802,#12803);
#12801 = CARTESIAN_POINT('',(142.105,-52.,-4.6E-02));
#12802 = DIRECTION('',(-0.,-0.,-1.));
#12803 = DIRECTION('',(-6.178632484871E-14,-1.,0.));
#12804 = ADVANCED_FACE('',(#12805),#12816,.F.);
#12805 = FACE_BOUND('',#12806,.T.);
#12806 = EDGE_LOOP('',(#12807,#12808,#12814,#12815));
#12807 = ORIENTED_EDGE('',*,*,#11515,.T.);
#12808 = ORIENTED_EDGE('',*,*,#12809,.T.);
#12809 = EDGE_CURVE('',#11516,#12036,#12810,.T.);
#12810 = LINE('',#12811,#12812);
#12811 = CARTESIAN_POINT('',(157.895,-52.46,-4.6E-02));
#12812 = VECTOR('',#12813,1.);
#12813 = DIRECTION('',(0.,0.,1.));
#12814 = ORIENTED_EDGE('',*,*,#12035,.F.);
#12815 = ORIENTED_EDGE('',*,*,#12809,.F.);
#12816 = CYLINDRICAL_SURFACE('',#12817,0.46);
#12817 = AXIS2_PLACEMENT_3D('',#12818,#12819,#12820);
#12818 = CARTESIAN_POINT('',(157.895,-52.,-4.6E-02));
#12819 = DIRECTION('',(-0.,0.,-1.));
#12820 = DIRECTION('',(6.17863248487E-14,-1.,-0.));
#12821 = ADVANCED_FACE('',(#12822),#12833,.F.);
#12822 = FACE_BOUND('',#12823,.T.);
#12823 = EDGE_LOOP('',(#12824,#12825,#12831,#12832));
#12824 = ORIENTED_EDGE('',*,*,#11526,.T.);
#12825 = ORIENTED_EDGE('',*,*,#12826,.T.);
#12826 = EDGE_CURVE('',#11527,#12047,#12827,.T.);
#12827 = LINE('',#12828,#12829);
#12828 = CARTESIAN_POINT('',(159.145,-54.175,-4.6E-02));
#12829 = VECTOR('',#12830,1.);
#12830 = DIRECTION('',(0.,0.,1.));
#12831 = ORIENTED_EDGE('',*,*,#12046,.F.);
#12832 = ORIENTED_EDGE('',*,*,#12826,.F.);
#12833 = CYLINDRICAL_SURFACE('',#12834,0.675);
#12834 = AXIS2_PLACEMENT_3D('',#12835,#12836,#12837);
#12835 = CARTESIAN_POINT('',(159.145,-53.5,-4.6E-02));
#12836 = DIRECTION('',(-0.,0.,-1.));
#12837 = DIRECTION('',(4.210623619319E-14,-1.,-0.));
#12838 = ADVANCED_FACE('',(#12839),#12850,.F.);
#12839 = FACE_BOUND('',#12840,.T.);
#12840 = EDGE_LOOP('',(#12841,#12842,#12848,#12849));
#12841 = ORIENTED_EDGE('',*,*,#11537,.T.);
#12842 = ORIENTED_EDGE('',*,*,#12843,.T.);
#12843 = EDGE_CURVE('',#11538,#12058,#12844,.T.);
#12844 = LINE('',#12845,#12846);
#12845 = CARTESIAN_POINT('',(166.855,-54.175,-4.6E-02));
#12846 = VECTOR('',#12847,1.);
#12847 = DIRECTION('',(0.,0.,1.));
#12848 = ORIENTED_EDGE('',*,*,#12057,.F.);
#12849 = ORIENTED_EDGE('',*,*,#12843,.F.);
#12850 = CYLINDRICAL_SURFACE('',#12851,0.675);
#12851 = AXIS2_PLACEMENT_3D('',#12852,#12853,#12854);
#12852 = CARTESIAN_POINT('',(166.855,-53.5,-4.6E-02));
#12853 = DIRECTION('',(-0.,-0.,-1.));
#12854 = DIRECTION('',(-4.210623619319E-14,-1.,0.));
#12855 = ADVANCED_FACE('',(#12856),#12867,.F.);
#12856 = FACE_BOUND('',#12857,.T.);
#12857 = EDGE_LOOP('',(#12858,#12859,#12865,#12866));
#12858 = ORIENTED_EDGE('',*,*,#11548,.T.);
#12859 = ORIENTED_EDGE('',*,*,#12860,.T.);
#12860 = EDGE_CURVE('',#11549,#12069,#12861,.T.);
#12861 = LINE('',#12862,#12863);
#12862 = CARTESIAN_POINT('',(194.,-85.535,-4.6E-02));
#12863 = VECTOR('',#12864,1.);
#12864 = DIRECTION('',(0.,0.,1.));
#12865 = ORIENTED_EDGE('',*,*,#12068,.F.);
#12866 = ORIENTED_EDGE('',*,*,#12860,.F.);
#12867 = CYLINDRICAL_SURFACE('',#12868,0.635);
#12868 = AXIS2_PLACEMENT_3D('',#12869,#12870,#12871);
#12869 = CARTESIAN_POINT('',(194.,-84.9,-4.6E-02));
#12870 = DIRECTION('',(-0.,-0.,-1.));
#12871 = DIRECTION('',(-0.,-1.,0.));
#12872 = ADVANCED_FACE('',(#12873),#12884,.F.);
#12873 = FACE_BOUND('',#12874,.T.);
#12874 = EDGE_LOOP('',(#12875,#12876,#12882,#12883));
#12875 = ORIENTED_EDGE('',*,*,#11559,.T.);
#12876 = ORIENTED_EDGE('',*,*,#12877,.T.);
#12877 = EDGE_CURVE('',#11560,#12080,#12878,.T.);
#12878 = LINE('',#12879,#12880);
#12879 = CARTESIAN_POINT('',(191.5,-78.82,-4.6E-02));
#12880 = VECTOR('',#12881,1.);
#12881 = DIRECTION('',(0.,0.,1.));
#12882 = ORIENTED_EDGE('',*,*,#12079,.F.);
#12883 = ORIENTED_EDGE('',*,*,#12877,.F.);
#12884 = CYLINDRICAL_SURFACE('',#12885,0.675);
#12885 = AXIS2_PLACEMENT_3D('',#12886,#12887,#12888);
#12886 = CARTESIAN_POINT('',(191.5,-78.145,-4.6E-02));
#12887 = DIRECTION('',(-0.,-0.,-1.));
#12888 = DIRECTION('',(-0.,-1.,0.));
#12889 = ADVANCED_FACE('',(#12890),#12901,.F.);
#12890 = FACE_BOUND('',#12891,.T.);
#12891 = EDGE_LOOP('',(#12892,#12893,#12899,#12900));
#12892 = ORIENTED_EDGE('',*,*,#11570,.T.);
#12893 = ORIENTED_EDGE('',*,*,#12894,.T.);
#12894 = EDGE_CURVE('',#11571,#12091,#12895,.T.);
#12895 = LINE('',#12896,#12897);
#12896 = CARTESIAN_POINT('',(193.,-77.355,-4.6E-02));
#12897 = VECTOR('',#12898,1.);
#12898 = DIRECTION('',(0.,0.,1.));
#12899 = ORIENTED_EDGE('',*,*,#12090,.F.);
#12900 = ORIENTED_EDGE('',*,*,#12894,.F.);
#12901 = CYLINDRICAL_SURFACE('',#12902,0.46);
#12902 = AXIS2_PLACEMENT_3D('',#12903,#12904,#12905);
#12903 = CARTESIAN_POINT('',(193.,-76.895,-4.6E-02));
#12904 = DIRECTION('',(-0.,-0.,-1.));
#12905 = DIRECTION('',(-0.,-1.,0.));
#12906 = ADVANCED_FACE('',(#12907),#12918,.F.);
#12907 = FACE_BOUND('',#12908,.T.);
#12908 = EDGE_LOOP('',(#12909,#12910,#12916,#12917));
#12909 = ORIENTED_EDGE('',*,*,#11581,.T.);
#12910 = ORIENTED_EDGE('',*,*,#12911,.T.);
#12911 = EDGE_CURVE('',#11582,#12102,#12912,.T.);
#12912 = LINE('',#12913,#12914);
#12913 = CARTESIAN_POINT('',(204.5,-85.445,-4.6E-02));
#12914 = VECTOR('',#12915,1.);
#12915 = DIRECTION('',(0.,0.,1.));
#12916 = ORIENTED_EDGE('',*,*,#12101,.F.);
#12917 = ORIENTED_EDGE('',*,*,#12911,.F.);
#12918 = CYLINDRICAL_SURFACE('',#12919,0.445);
#12919 = AXIS2_PLACEMENT_3D('',#12920,#12921,#12922);
#12920 = CARTESIAN_POINT('',(204.5,-85.,-4.6E-02));
#12921 = DIRECTION('',(-0.,-0.,-1.));
#12922 = DIRECTION('',(-0.,-1.,0.));
#12923 = ADVANCED_FACE('',(#12924),#12935,.F.);
#12924 = FACE_BOUND('',#12925,.T.);
#12925 = EDGE_LOOP('',(#12926,#12927,#12933,#12934));
#12926 = ORIENTED_EDGE('',*,*,#11592,.T.);
#12927 = ORIENTED_EDGE('',*,*,#12928,.T.);
#12928 = EDGE_CURVE('',#11593,#12113,#12929,.T.);
#12929 = LINE('',#12930,#12931);
#12930 = CARTESIAN_POINT('',(204.5,-82.905,-4.6E-02));
#12931 = VECTOR('',#12932,1.);
#12932 = DIRECTION('',(0.,0.,1.));
#12933 = ORIENTED_EDGE('',*,*,#12112,.F.);
#12934 = ORIENTED_EDGE('',*,*,#12928,.F.);
#12935 = CYLINDRICAL_SURFACE('',#12936,0.445);
#12936 = AXIS2_PLACEMENT_3D('',#12937,#12938,#12939);
#12937 = CARTESIAN_POINT('',(204.5,-82.46,-4.6E-02));
#12938 = DIRECTION('',(-0.,-0.,-1.));
#12939 = DIRECTION('',(-0.,-1.,0.));
#12940 = ADVANCED_FACE('',(#12941),#12952,.F.);
#12941 = FACE_BOUND('',#12942,.T.);
#12942 = EDGE_LOOP('',(#12943,#12944,#12950,#12951));
#12943 = ORIENTED_EDGE('',*,*,#11603,.T.);
#12944 = ORIENTED_EDGE('',*,*,#12945,.T.);
#12945 = EDGE_CURVE('',#11604,#12124,#12946,.T.);
#12946 = LINE('',#12947,#12948);
#12947 = CARTESIAN_POINT('',(168.105,-52.46,-4.6E-02));
#12948 = VECTOR('',#12949,1.);
#12949 = DIRECTION('',(0.,0.,1.));
#12950 = ORIENTED_EDGE('',*,*,#12123,.F.);
#12951 = ORIENTED_EDGE('',*,*,#12945,.F.);
#12952 = CYLINDRICAL_SURFACE('',#12953,0.46);
#12953 = AXIS2_PLACEMENT_3D('',#12954,#12955,#12956);
#12954 = CARTESIAN_POINT('',(168.105,-52.,-4.6E-02));
#12955 = DIRECTION('',(-0.,-0.,-1.));
#12956 = DIRECTION('',(-6.178632484871E-14,-1.,0.));
#12957 = ADVANCED_FACE('',(#12958),#12969,.F.);
#12958 = FACE_BOUND('',#12959,.T.);
#12959 = EDGE_LOOP('',(#12960,#12961,#12967,#12968));
#12960 = ORIENTED_EDGE('',*,*,#11614,.T.);
#12961 = ORIENTED_EDGE('',*,*,#12962,.T.);
#12962 = EDGE_CURVE('',#11615,#12135,#12963,.T.);
#12963 = LINE('',#12964,#12965);
#12964 = CARTESIAN_POINT('',(183.895,-52.46,-4.6E-02));
#12965 = VECTOR('',#12966,1.);
#12966 = DIRECTION('',(0.,0.,1.));
#12967 = ORIENTED_EDGE('',*,*,#12134,.F.);
#12968 = ORIENTED_EDGE('',*,*,#12962,.F.);
#12969 = CYLINDRICAL_SURFACE('',#12970,0.46);
#12970 = AXIS2_PLACEMENT_3D('',#12971,#12972,#12973);
#12971 = CARTESIAN_POINT('',(183.895,-52.,-4.6E-02));
#12972 = DIRECTION('',(-0.,0.,-1.));
#12973 = DIRECTION('',(6.17863248487E-14,-1.,-0.));
#12974 = ADVANCED_FACE('',(#12975),#12986,.F.);
#12975 = FACE_BOUND('',#12976,.T.);
#12976 = EDGE_LOOP('',(#12977,#12978,#12984,#12985));
#12977 = ORIENTED_EDGE('',*,*,#11625,.T.);
#12978 = ORIENTED_EDGE('',*,*,#12979,.T.);
#12979 = EDGE_CURVE('',#11626,#12146,#12980,.T.);
#12980 = LINE('',#12981,#12982);
#12981 = CARTESIAN_POINT('',(185.145,-54.175,-4.6E-02));
#12982 = VECTOR('',#12983,1.);
#12983 = DIRECTION('',(0.,0.,1.));
#12984 = ORIENTED_EDGE('',*,*,#12145,.F.);
#12985 = ORIENTED_EDGE('',*,*,#12979,.F.);
#12986 = CYLINDRICAL_SURFACE('',#12987,0.675);
#12987 = AXIS2_PLACEMENT_3D('',#12988,#12989,#12990);
#12988 = CARTESIAN_POINT('',(185.145,-53.5,-4.6E-02));
#12989 = DIRECTION('',(-0.,0.,-1.));
#12990 = DIRECTION('',(4.210623619319E-14,-1.,-0.));
#12991 = ADVANCED_FACE('',(#12992),#13003,.F.);
#12992 = FACE_BOUND('',#12993,.T.);
#12993 = EDGE_LOOP('',(#12994,#12995,#13001,#13002));
#12994 = ORIENTED_EDGE('',*,*,#11636,.T.);
#12995 = ORIENTED_EDGE('',*,*,#12996,.T.);
#12996 = EDGE_CURVE('',#11637,#12157,#12997,.T.);
#12997 = LINE('',#12998,#12999);
#12998 = CARTESIAN_POINT('',(193.,-61.565,-4.6E-02));
#12999 = VECTOR('',#13000,1.);
#13000 = DIRECTION('',(0.,0.,1.));
#13001 = ORIENTED_EDGE('',*,*,#12156,.F.);
#13002 = ORIENTED_EDGE('',*,*,#12996,.F.);
#13003 = CYLINDRICAL_SURFACE('',#13004,0.46);
#13004 = AXIS2_PLACEMENT_3D('',#13005,#13006,#13007);
#13005 = CARTESIAN_POINT('',(193.,-61.105,-4.6E-02));
#13006 = DIRECTION('',(-0.,-0.,-1.));
#13007 = DIRECTION('',(-0.,-1.,0.));
#13008 = ADVANCED_FACE('',(#13009),#13020,.F.);
#13009 = FACE_BOUND('',#13010,.T.);
#13010 = EDGE_LOOP('',(#13011,#13012,#13018,#13019));
#13011 = ORIENTED_EDGE('',*,*,#11647,.T.);
#13012 = ORIENTED_EDGE('',*,*,#13013,.T.);
#13013 = EDGE_CURVE('',#11648,#12168,#13014,.T.);
#13014 = LINE('',#13015,#13016);
#13015 = CARTESIAN_POINT('',(191.5,-60.53,-4.6E-02));
#13016 = VECTOR('',#13017,1.);
#13017 = DIRECTION('',(0.,0.,1.));
#13018 = ORIENTED_EDGE('',*,*,#12167,.F.);
#13019 = ORIENTED_EDGE('',*,*,#13013,.F.);
#13020 = CYLINDRICAL_SURFACE('',#13021,0.675);
#13021 = AXIS2_PLACEMENT_3D('',#13022,#13023,#13024);
#13022 = CARTESIAN_POINT('',(191.5,-59.855,-4.6E-02));
#13023 = DIRECTION('',(-0.,-0.,-1.));
#13024 = DIRECTION('',(-0.,-1.,0.));
#13025 = ( GEOMETRIC_REPRESENTATION_CONTEXT(3) 
GLOBAL_UNCERTAINTY_ASSIGNED_CONTEXT((#13029)) 
GLOBAL_UNIT_ASSIGNED_CONTEXT((#13026,#13027,#13028)) 
REPRESENTATION_CONTEXT('Context #1',
  '3D Context with UNIT and UNCERTAINTY') );
#13026 = ( LENGTH_UNIT() NAMED_UNIT(*) SI_UNIT(.MILLI.,.METRE.) );
#13027 = ( NAMED_UNIT(*) PLANE_ANGLE_UNIT() SI_UNIT($,.RADIAN.) );
#13028 = ( NAMED_UNIT(*) SI_UNIT($,.STERADIAN.) SOLID_ANGLE_UNIT() );
#13029 = UNCERTAINTY_MEASURE_WITH_UNIT(LENGTH_MEASURE(1.E-07),#13026,
  'distance_accuracy_value','confusion accuracy');
#13030 = CONTEXT_DEPENDENT_SHAPE_REPRESENTATION(#13031,#13033);
#13031 = ( REPRESENTATION_RELATIONSHIP('','',#11035,#10) 
REPRESENTATION_RELATIONSHIP_WITH_TRANSFORMATION(#13032) 
SHAPE_REPRESENTATION_RELATIONSHIP() );
#13032 = ITEM_DEFINED_TRANSFORMATION('','',#11,#19);
#13033 = PRODUCT_DEFINITION_SHAPE('Placement','Placement of an item',
  #13034);
#13034 = NEXT_ASSEMBLY_USAGE_OCCURRENCE('2','=>[0:1:1:3]','',#5,#11030,$
  );
#13035 = PRODUCT_RELATED_PRODUCT_CATEGORY('part',$,(#11032));
#13036 = MECHANICAL_DESIGN_GEOMETRIC_PRESENTATION_REPRESENTATION('',(
    #13037,#13047,#13056,#13065,#13074,#13083,#13092,#13101,#13110,
    #13119,#13128,#13137,#13146,#13155,#13164,#13173,#13182,#13191,
    #13200,#13209,#13218,#13227,#13236,#13245,#13254,#13263,#13272,
    #13281,#13290,#13299,#13308,#13317,#13326,#13335,#13344,#13353,
    #13362,#13371,#13380,#13389,#13398,#13407,#13416,#13425,#13434,
    #13443,#13452,#13461,#13470,#13479,#13488,#13497,#13506,#13515,
    #13524,#13533,#13542,#13551,#13560,#13569,#13578,#13587,#13596,
    #13605,#13614,#13623,#13632,#13641,#13650,#13659,#13668,#13677,
    #13686,#13695,#13704,#13713,#13722,#13731,#13740,#13749),#11017);
#13037 = STYLED_ITEM('color',(#13038),#39);
#13038 = PRESENTATION_STYLE_ASSIGNMENT((#13039));
#13039 = SURFACE_STYLE_USAGE(.BOTH.,#13040);
#13040 = SURFACE_SIDE_STYLE('',(#13041,#13045));
#13041 = SURFACE_STYLE_FILL_AREA(#13042);
#13042 = FILL_AREA_STYLE('',(#13043));
#13043 = FILL_AREA_STYLE_COLOUR('',#13044);
#13044 = DRAUGHTING_PRE_DEFINED_COLOUR('white');
#13045 = SURFACE_STYLE_RENDERING_WITH_PROPERTIES(.NORMAL_SHADING.,#13044
  ,(#13046));
#13046 = SURFACE_STYLE_TRANSPARENT(0.100000023842);
#13047 = STYLED_ITEM('color',(#13048),#108);
#13048 = PRESENTATION_STYLE_ASSIGNMENT((#13049));
#13049 = SURFACE_STYLE_USAGE(.BOTH.,#13050);
#13050 = SURFACE_SIDE_STYLE('',(#13051,#13054));
#13051 = SURFACE_STYLE_FILL_AREA(#13052);
#13052 = FILL_AREA_STYLE('',(#13053));
#13053 = FILL_AREA_STYLE_COLOUR('',#13044);
#13054 = SURFACE_STYLE_RENDERING_WITH_PROPERTIES(.NORMAL_SHADING.,#13044
  ,(#13055));
#13055 = SURFACE_STYLE_TRANSPARENT(0.100000023842);
#13056 = STYLED_ITEM('color',(#13057),#243);
#13057 = PRESENTATION_STYLE_ASSIGNMENT((#13058));
#13058 = SURFACE_STYLE_USAGE(.BOTH.,#13059);
#13059 = SURFACE_SIDE_STYLE('',(#13060,#13063));
#13060 = SURFACE_STYLE_FILL_AREA(#13061);
#13061 = FILL_AREA_STYLE('',(#13062));
#13062 = FILL_AREA_STYLE_COLOUR('',#13044);
#13063 = SURFACE_STYLE_RENDERING_WITH_PROPERTIES(.NORMAL_SHADING.,#13044
  ,(#13064));
#13064 = SURFACE_STYLE_TRANSPARENT(0.100000023842);
#13065 = STYLED_ITEM('color',(#13066),#262);
#13066 = PRESENTATION_STYLE_ASSIGNMENT((#13067));
#13067 = SURFACE_STYLE_USAGE(.BOTH.,#13068);
#13068 = SURFACE_SIDE_STYLE('',(#13069,#13072));
#13069 = SURFACE_STYLE_FILL_AREA(#13070);
#13070 = FILL_AREA_STYLE('',(#13071));
#13071 = FILL_AREA_STYLE_COLOUR('',#13044);
#13072 = SURFACE_STYLE_RENDERING_WITH_PROPERTIES(.NORMAL_SHADING.,#13044
  ,(#13073));
#13073 = SURFACE_STYLE_TRANSPARENT(0.100000023842);
#13074 = STYLED_ITEM('color',(#13075),#281);
#13075 = PRESENTATION_STYLE_ASSIGNMENT((#13076));
#13076 = SURFACE_STYLE_USAGE(.BOTH.,#13077);
#13077 = SURFACE_SIDE_STYLE('',(#13078,#13081));
#13078 = SURFACE_STYLE_FILL_AREA(#13079);
#13079 = FILL_AREA_STYLE('',(#13080));
#13080 = FILL_AREA_STYLE_COLOUR('',#13044);
#13081 = SURFACE_STYLE_RENDERING_WITH_PROPERTIES(.NORMAL_SHADING.,#13044
  ,(#13082));
#13082 = SURFACE_STYLE_TRANSPARENT(0.100000023842);
#13083 = STYLED_ITEM('color',(#13084),#393);
#13084 = PRESENTATION_STYLE_ASSIGNMENT((#13085));
#13085 = SURFACE_STYLE_USAGE(.BOTH.,#13086);
#13086 = SURFACE_SIDE_STYLE('',(#13087,#13090));
#13087 = SURFACE_STYLE_FILL_AREA(#13088);
#13088 = FILL_AREA_STYLE('',(#13089));
#13089 = FILL_AREA_STYLE_COLOUR('',#13044);
#13090 = SURFACE_STYLE_RENDERING_WITH_PROPERTIES(.NORMAL_SHADING.,#13044
  ,(#13091));
#13091 = SURFACE_STYLE_TRANSPARENT(0.100000023842);
#13092 = STYLED_ITEM('color',(#13093),#505);
#13093 = PRESENTATION_STYLE_ASSIGNMENT((#13094));
#13094 = SURFACE_STYLE_USAGE(.BOTH.,#13095);
#13095 = SURFACE_SIDE_STYLE('',(#13096,#13099));
#13096 = SURFACE_STYLE_FILL_AREA(#13097);
#13097 = FILL_AREA_STYLE('',(#13098));
#13098 = FILL_AREA_STYLE_COLOUR('',#13044);
#13099 = SURFACE_STYLE_RENDERING_WITH_PROPERTIES(.NORMAL_SHADING.,#13044
  ,(#13100));
#13100 = SURFACE_STYLE_TRANSPARENT(0.100000023842);
#13101 = STYLED_ITEM('color',(#13102),#617);
#13102 = PRESENTATION_STYLE_ASSIGNMENT((#13103));
#13103 = SURFACE_STYLE_USAGE(.BOTH.,#13104);
#13104 = SURFACE_SIDE_STYLE('',(#13105,#13108));
#13105 = SURFACE_STYLE_FILL_AREA(#13106);
#13106 = FILL_AREA_STYLE('',(#13107));
#13107 = FILL_AREA_STYLE_COLOUR('',#13044);
#13108 = SURFACE_STYLE_RENDERING_WITH_PROPERTIES(.NORMAL_SHADING.,#13044
  ,(#13109));
#13109 = SURFACE_STYLE_TRANSPARENT(0.100000023842);
#13110 = STYLED_ITEM('color',(#13111),#729);
#13111 = PRESENTATION_STYLE_ASSIGNMENT((#13112));
#13112 = SURFACE_STYLE_USAGE(.BOTH.,#13113);
#13113 = SURFACE_SIDE_STYLE('',(#13114,#13117));
#13114 = SURFACE_STYLE_FILL_AREA(#13115);
#13115 = FILL_AREA_STYLE('',(#13116));
#13116 = FILL_AREA_STYLE_COLOUR('',#13044);
#13117 = SURFACE_STYLE_RENDERING_WITH_PROPERTIES(.NORMAL_SHADING.,#13044
  ,(#13118));
#13118 = SURFACE_STYLE_TRANSPARENT(0.100000023842);
#13119 = STYLED_ITEM('color',(#13120),#856);
#13120 = PRESENTATION_STYLE_ASSIGNMENT((#13121));
#13121 = SURFACE_STYLE_USAGE(.BOTH.,#13122);
#13122 = SURFACE_SIDE_STYLE('',(#13123,#13126));
#13123 = SURFACE_STYLE_FILL_AREA(#13124);
#13124 = FILL_AREA_STYLE('',(#13125));
#13125 = FILL_AREA_STYLE_COLOUR('',#13044);
#13126 = SURFACE_STYLE_RENDERING_WITH_PROPERTIES(.NORMAL_SHADING.,#13044
  ,(#13127));
#13127 = SURFACE_STYLE_TRANSPARENT(0.100000023842);
#13128 = STYLED_ITEM('color',(#13129),#1042);
#13129 = PRESENTATION_STYLE_ASSIGNMENT((#13130));
#13130 = SURFACE_STYLE_USAGE(.BOTH.,#13131);
#13131 = SURFACE_SIDE_STYLE('',(#13132,#13135));
#13132 = SURFACE_STYLE_FILL_AREA(#13133);
#13133 = FILL_AREA_STYLE('',(#13134));
#13134 = FILL_AREA_STYLE_COLOUR('',#13044);
#13135 = SURFACE_STYLE_RENDERING_WITH_PROPERTIES(.NORMAL_SHADING.,#13044
  ,(#13136));
#13136 = SURFACE_STYLE_TRANSPARENT(0.100000023842);
#13137 = STYLED_ITEM('color',(#13138),#1199);
#13138 = PRESENTATION_STYLE_ASSIGNMENT((#13139));
#13139 = SURFACE_STYLE_USAGE(.BOTH.,#13140);
#13140 = SURFACE_SIDE_STYLE('',(#13141,#13144));
#13141 = SURFACE_STYLE_FILL_AREA(#13142);
#13142 = FILL_AREA_STYLE('',(#13143));
#13143 = FILL_AREA_STYLE_COLOUR('',#13044);
#13144 = SURFACE_STYLE_RENDERING_WITH_PROPERTIES(.NORMAL_SHADING.,#13044
  ,(#13145));
#13145 = SURFACE_STYLE_TRANSPARENT(0.100000023842);
#13146 = STYLED_ITEM('color',(#13147),#1447);
#13147 = PRESENTATION_STYLE_ASSIGNMENT((#13148));
#13148 = SURFACE_STYLE_USAGE(.BOTH.,#13149);
#13149 = SURFACE_SIDE_STYLE('',(#13150,#13153));
#13150 = SURFACE_STYLE_FILL_AREA(#13151);
#13151 = FILL_AREA_STYLE('',(#13152));
#13152 = FILL_AREA_STYLE_COLOUR('',#13044);
#13153 = SURFACE_STYLE_RENDERING_WITH_PROPERTIES(.NORMAL_SHADING.,#13044
  ,(#13154));
#13154 = SURFACE_STYLE_TRANSPARENT(0.100000023842);
#13155 = STYLED_ITEM('color',(#13156),#1604);
#13156 = PRESENTATION_STYLE_ASSIGNMENT((#13157));
#13157 = SURFACE_STYLE_USAGE(.BOTH.,#13158);
#13158 = SURFACE_SIDE_STYLE('',(#13159,#13162));
#13159 = SURFACE_STYLE_FILL_AREA(#13160);
#13160 = FILL_AREA_STYLE('',(#13161));
#13161 = FILL_AREA_STYLE_COLOUR('',#13044);
#13162 = SURFACE_STYLE_RENDERING_WITH_PROPERTIES(.NORMAL_SHADING.,#13044
  ,(#13163));
#13163 = SURFACE_STYLE_TRANSPARENT(0.100000023842);
#13164 = STYLED_ITEM('color',(#13165),#1681);
#13165 = PRESENTATION_STYLE_ASSIGNMENT((#13166));
#13166 = SURFACE_STYLE_USAGE(.BOTH.,#13167);
#13167 = SURFACE_SIDE_STYLE('',(#13168,#13171));
#13168 = SURFACE_STYLE_FILL_AREA(#13169);
#13169 = FILL_AREA_STYLE('',(#13170));
#13170 = FILL_AREA_STYLE_COLOUR('',#13044);
#13171 = SURFACE_STYLE_RENDERING_WITH_PROPERTIES(.NORMAL_SHADING.,#13044
  ,(#13172));
#13172 = SURFACE_STYLE_TRANSPARENT(0.100000023842);
#13173 = STYLED_ITEM('color',(#13174),#1873);
#13174 = PRESENTATION_STYLE_ASSIGNMENT((#13175));
#13175 = SURFACE_STYLE_USAGE(.BOTH.,#13176);
#13176 = SURFACE_SIDE_STYLE('',(#13177,#13180));
#13177 = SURFACE_STYLE_FILL_AREA(#13178);
#13178 = FILL_AREA_STYLE('',(#13179));
#13179 = FILL_AREA_STYLE_COLOUR('',#13044);
#13180 = SURFACE_STYLE_RENDERING_WITH_PROPERTIES(.NORMAL_SHADING.,#13044
  ,(#13181));
#13181 = SURFACE_STYLE_TRANSPARENT(0.100000023842);
#13182 = STYLED_ITEM('color',(#13183),#1950);
#13183 = PRESENTATION_STYLE_ASSIGNMENT((#13184));
#13184 = SURFACE_STYLE_USAGE(.BOTH.,#13185);
#13185 = SURFACE_SIDE_STYLE('',(#13186,#13189));
#13186 = SURFACE_STYLE_FILL_AREA(#13187);
#13187 = FILL_AREA_STYLE('',(#13188));
#13188 = FILL_AREA_STYLE_COLOUR('',#13044);
#13189 = SURFACE_STYLE_RENDERING_WITH_PROPERTIES(.NORMAL_SHADING.,#13044
  ,(#13190));
#13190 = SURFACE_STYLE_TRANSPARENT(0.100000023842);
#13191 = STYLED_ITEM('color',(#13192),#2125);
#13192 = PRESENTATION_STYLE_ASSIGNMENT((#13193));
#13193 = SURFACE_STYLE_USAGE(.BOTH.,#13194);
#13194 = SURFACE_SIDE_STYLE('',(#13195,#13198));
#13195 = SURFACE_STYLE_FILL_AREA(#13196);
#13196 = FILL_AREA_STYLE('',(#13197));
#13197 = FILL_AREA_STYLE_COLOUR('',#13044);
#13198 = SURFACE_STYLE_RENDERING_WITH_PROPERTIES(.NORMAL_SHADING.,#13044
  ,(#13199));
#13199 = SURFACE_STYLE_TRANSPARENT(0.100000023842);
#13200 = STYLED_ITEM('color',(#13201),#2194);
#13201 = PRESENTATION_STYLE_ASSIGNMENT((#13202));
#13202 = SURFACE_STYLE_USAGE(.BOTH.,#13203);
#13203 = SURFACE_SIDE_STYLE('',(#13204,#13207));
#13204 = SURFACE_STYLE_FILL_AREA(#13205);
#13205 = FILL_AREA_STYLE('',(#13206));
#13206 = FILL_AREA_STYLE_COLOUR('',#13044);
#13207 = SURFACE_STYLE_RENDERING_WITH_PROPERTIES(.NORMAL_SHADING.,#13044
  ,(#13208));
#13208 = SURFACE_STYLE_TRANSPARENT(0.100000023842);
#13209 = STYLED_ITEM('color',(#13210),#2328);
#13210 = PRESENTATION_STYLE_ASSIGNMENT((#13211));
#13211 = SURFACE_STYLE_USAGE(.BOTH.,#13212);
#13212 = SURFACE_SIDE_STYLE('',(#13213,#13216));
#13213 = SURFACE_STYLE_FILL_AREA(#13214);
#13214 = FILL_AREA_STYLE('',(#13215));
#13215 = FILL_AREA_STYLE_COLOUR('',#13044);
#13216 = SURFACE_STYLE_RENDERING_WITH_PROPERTIES(.NORMAL_SHADING.,#13044
  ,(#13217));
#13217 = SURFACE_STYLE_TRANSPARENT(0.100000023842);
#13218 = STYLED_ITEM('color',(#13219),#2490);
#13219 = PRESENTATION_STYLE_ASSIGNMENT((#13220));
#13220 = SURFACE_STYLE_USAGE(.BOTH.,#13221);
#13221 = SURFACE_SIDE_STYLE('',(#13222,#13225));
#13222 = SURFACE_STYLE_FILL_AREA(#13223);
#13223 = FILL_AREA_STYLE('',(#13224));
#13224 = FILL_AREA_STYLE_COLOUR('',#13044);
#13225 = SURFACE_STYLE_RENDERING_WITH_PROPERTIES(.NORMAL_SHADING.,#13044
  ,(#13226));
#13226 = SURFACE_STYLE_TRANSPARENT(0.100000023842);
#13227 = STYLED_ITEM('color',(#13228),#2760);
#13228 = PRESENTATION_STYLE_ASSIGNMENT((#13229));
#13229 = SURFACE_STYLE_USAGE(.BOTH.,#13230);
#13230 = SURFACE_SIDE_STYLE('',(#13231,#13234));
#13231 = SURFACE_STYLE_FILL_AREA(#13232);
#13232 = FILL_AREA_STYLE('',(#13233));
#13233 = FILL_AREA_STYLE_COLOUR('',#13044);
#13234 = SURFACE_STYLE_RENDERING_WITH_PROPERTIES(.NORMAL_SHADING.,#13044
  ,(#13235));
#13235 = SURFACE_STYLE_TRANSPARENT(0.100000023842);
#13236 = STYLED_ITEM('color',(#13237),#2862);
#13237 = PRESENTATION_STYLE_ASSIGNMENT((#13238));
#13238 = SURFACE_STYLE_USAGE(.BOTH.,#13239);
#13239 = SURFACE_SIDE_STYLE('',(#13240,#13243));
#13240 = SURFACE_STYLE_FILL_AREA(#13241);
#13241 = FILL_AREA_STYLE('',(#13242));
#13242 = FILL_AREA_STYLE_COLOUR('',#13044);
#13243 = SURFACE_STYLE_RENDERING_WITH_PROPERTIES(.NORMAL_SHADING.,#13044
  ,(#13244));
#13244 = SURFACE_STYLE_TRANSPARENT(0.100000023842);
#13245 = STYLED_ITEM('color',(#13246),#3155);
#13246 = PRESENTATION_STYLE_ASSIGNMENT((#13247));
#13247 = SURFACE_STYLE_USAGE(.BOTH.,#13248);
#13248 = SURFACE_SIDE_STYLE('',(#13249,#13252));
#13249 = SURFACE_STYLE_FILL_AREA(#13250);
#13250 = FILL_AREA_STYLE('',(#13251));
#13251 = FILL_AREA_STYLE_COLOUR('',#13044);
#13252 = SURFACE_STYLE_RENDERING_WITH_PROPERTIES(.NORMAL_SHADING.,#13044
  ,(#13253));
#13253 = SURFACE_STYLE_TRANSPARENT(0.100000023842);
#13254 = STYLED_ITEM('color',(#13255),#3335);
#13255 = PRESENTATION_STYLE_ASSIGNMENT((#13256));
#13256 = SURFACE_STYLE_USAGE(.BOTH.,#13257);
#13257 = SURFACE_SIDE_STYLE('',(#13258,#13261));
#13258 = SURFACE_STYLE_FILL_AREA(#13259);
#13259 = FILL_AREA_STYLE('',(#13260));
#13260 = FILL_AREA_STYLE_COLOUR('',#13044);
#13261 = SURFACE_STYLE_RENDERING_WITH_PROPERTIES(.NORMAL_SHADING.,#13044
  ,(#13262));
#13262 = SURFACE_STYLE_TRANSPARENT(0.100000023842);
#13263 = STYLED_ITEM('color',(#13264),#3515);
#13264 = PRESENTATION_STYLE_ASSIGNMENT((#13265));
#13265 = SURFACE_STYLE_USAGE(.BOTH.,#13266);
#13266 = SURFACE_SIDE_STYLE('',(#13267,#13270));
#13267 = SURFACE_STYLE_FILL_AREA(#13268);
#13268 = FILL_AREA_STYLE('',(#13269));
#13269 = FILL_AREA_STYLE_COLOUR('',#13044);
#13270 = SURFACE_STYLE_RENDERING_WITH_PROPERTIES(.NORMAL_SHADING.,#13044
  ,(#13271));
#13271 = SURFACE_STYLE_TRANSPARENT(0.100000023842);
#13272 = STYLED_ITEM('color',(#13273),#3633);
#13273 = PRESENTATION_STYLE_ASSIGNMENT((#13274));
#13274 = SURFACE_STYLE_USAGE(.BOTH.,#13275);
#13275 = SURFACE_SIDE_STYLE('',(#13276,#13279));
#13276 = SURFACE_STYLE_FILL_AREA(#13277);
#13277 = FILL_AREA_STYLE('',(#13278));
#13278 = FILL_AREA_STYLE_COLOUR('',#13044);
#13279 = SURFACE_STYLE_RENDERING_WITH_PROPERTIES(.NORMAL_SHADING.,#13044
  ,(#13280));
#13280 = SURFACE_STYLE_TRANSPARENT(0.100000023842);
#13281 = STYLED_ITEM('color',(#13282),#3710);
#13282 = PRESENTATION_STYLE_ASSIGNMENT((#13283));
#13283 = SURFACE_STYLE_USAGE(.BOTH.,#13284);
#13284 = SURFACE_SIDE_STYLE('',(#13285,#13288));
#13285 = SURFACE_STYLE_FILL_AREA(#13286);
#13286 = FILL_AREA_STYLE('',(#13287));
#13287 = FILL_AREA_STYLE_COLOUR('',#13044);
#13288 = SURFACE_STYLE_RENDERING_WITH_PROPERTIES(.NORMAL_SHADING.,#13044
  ,(#13289));
#13289 = SURFACE_STYLE_TRANSPARENT(0.100000023842);
#13290 = STYLED_ITEM('color',(#13291),#3754);
#13291 = PRESENTATION_STYLE_ASSIGNMENT((#13292));
#13292 = SURFACE_STYLE_USAGE(.BOTH.,#13293);
#13293 = SURFACE_SIDE_STYLE('',(#13294,#13297));
#13294 = SURFACE_STYLE_FILL_AREA(#13295);
#13295 = FILL_AREA_STYLE('',(#13296));
#13296 = FILL_AREA_STYLE_COLOUR('',#13044);
#13297 = SURFACE_STYLE_RENDERING_WITH_PROPERTIES(.NORMAL_SHADING.,#13044
  ,(#13298));
#13298 = SURFACE_STYLE_TRANSPARENT(0.100000023842);
#13299 = STYLED_ITEM('color',(#13300),#3798);
#13300 = PRESENTATION_STYLE_ASSIGNMENT((#13301));
#13301 = SURFACE_STYLE_USAGE(.BOTH.,#13302);
#13302 = SURFACE_SIDE_STYLE('',(#13303,#13306));
#13303 = SURFACE_STYLE_FILL_AREA(#13304);
#13304 = FILL_AREA_STYLE('',(#13305));
#13305 = FILL_AREA_STYLE_COLOUR('',#13044);
#13306 = SURFACE_STYLE_RENDERING_WITH_PROPERTIES(.NORMAL_SHADING.,#13044
  ,(#13307));
#13307 = SURFACE_STYLE_TRANSPARENT(0.100000023842);
#13308 = STYLED_ITEM('color',(#13309),#3842);
#13309 = PRESENTATION_STYLE_ASSIGNMENT((#13310));
#13310 = SURFACE_STYLE_USAGE(.BOTH.,#13311);
#13311 = SURFACE_SIDE_STYLE('',(#13312,#13315));
#13312 = SURFACE_STYLE_FILL_AREA(#13313);
#13313 = FILL_AREA_STYLE('',(#13314));
#13314 = FILL_AREA_STYLE_COLOUR('',#13044);
#13315 = SURFACE_STYLE_RENDERING_WITH_PROPERTIES(.NORMAL_SHADING.,#13044
  ,(#13316));
#13316 = SURFACE_STYLE_TRANSPARENT(0.100000023842);
#13317 = STYLED_ITEM('color',(#13318),#3886);
#13318 = PRESENTATION_STYLE_ASSIGNMENT((#13319));
#13319 = SURFACE_STYLE_USAGE(.BOTH.,#13320);
#13320 = SURFACE_SIDE_STYLE('',(#13321,#13324));
#13321 = SURFACE_STYLE_FILL_AREA(#13322);
#13322 = FILL_AREA_STYLE('',(#13323));
#13323 = FILL_AREA_STYLE_COLOUR('',#13044);
#13324 = SURFACE_STYLE_RENDERING_WITH_PROPERTIES(.NORMAL_SHADING.,#13044
  ,(#13325));
#13325 = SURFACE_STYLE_TRANSPARENT(0.100000023842);
#13326 = STYLED_ITEM('color',(#13327),#3930);
#13327 = PRESENTATION_STYLE_ASSIGNMENT((#13328));
#13328 = SURFACE_STYLE_USAGE(.BOTH.,#13329);
#13329 = SURFACE_SIDE_STYLE('',(#13330,#13333));
#13330 = SURFACE_STYLE_FILL_AREA(#13331);
#13331 = FILL_AREA_STYLE('',(#13332));
#13332 = FILL_AREA_STYLE_COLOUR('',#13044);
#13333 = SURFACE_STYLE_RENDERING_WITH_PROPERTIES(.NORMAL_SHADING.,#13044
  ,(#13334));
#13334 = SURFACE_STYLE_TRANSPARENT(0.100000023842);
#13335 = STYLED_ITEM('color',(#13336),#3974);
#13336 = PRESENTATION_STYLE_ASSIGNMENT((#13337));
#13337 = SURFACE_STYLE_USAGE(.BOTH.,#13338);
#13338 = SURFACE_SIDE_STYLE('',(#13339,#13342));
#13339 = SURFACE_STYLE_FILL_AREA(#13340);
#13340 = FILL_AREA_STYLE('',(#13341));
#13341 = FILL_AREA_STYLE_COLOUR('',#13044);
#13342 = SURFACE_STYLE_RENDERING_WITH_PROPERTIES(.NORMAL_SHADING.,#13044
  ,(#13343));
#13343 = SURFACE_STYLE_TRANSPARENT(0.100000023842);
#13344 = STYLED_ITEM('color',(#13345),#4018);
#13345 = PRESENTATION_STYLE_ASSIGNMENT((#13346));
#13346 = SURFACE_STYLE_USAGE(.BOTH.,#13347);
#13347 = SURFACE_SIDE_STYLE('',(#13348,#13351));
#13348 = SURFACE_STYLE_FILL_AREA(#13349);
#13349 = FILL_AREA_STYLE('',(#13350));
#13350 = FILL_AREA_STYLE_COLOUR('',#13044);
#13351 = SURFACE_STYLE_RENDERING_WITH_PROPERTIES(.NORMAL_SHADING.,#13044
  ,(#13352));
#13352 = SURFACE_STYLE_TRANSPARENT(0.100000023842);
#13353 = STYLED_ITEM('color',(#13354),#4062);
#13354 = PRESENTATION_STYLE_ASSIGNMENT((#13355));
#13355 = SURFACE_STYLE_USAGE(.BOTH.,#13356);
#13356 = SURFACE_SIDE_STYLE('',(#13357,#13360));
#13357 = SURFACE_STYLE_FILL_AREA(#13358);
#13358 = FILL_AREA_STYLE('',(#13359));
#13359 = FILL_AREA_STYLE_COLOUR('',#13044);
#13360 = SURFACE_STYLE_RENDERING_WITH_PROPERTIES(.NORMAL_SHADING.,#13044
  ,(#13361));
#13361 = SURFACE_STYLE_TRANSPARENT(0.100000023842);
#13362 = STYLED_ITEM('color',(#13363),#4263);
#13363 = PRESENTATION_STYLE_ASSIGNMENT((#13364));
#13364 = SURFACE_STYLE_USAGE(.BOTH.,#13365);
#13365 = SURFACE_SIDE_STYLE('',(#13366,#13369));
#13366 = SURFACE_STYLE_FILL_AREA(#13367);
#13367 = FILL_AREA_STYLE('',(#13368));
#13368 = FILL_AREA_STYLE_COLOUR('',#13044);
#13369 = SURFACE_STYLE_RENDERING_WITH_PROPERTIES(.NORMAL_SHADING.,#13044
  ,(#13370));
#13370 = SURFACE_STYLE_TRANSPARENT(0.100000023842);
#13371 = STYLED_ITEM('color',(#13372),#4494);
#13372 = PRESENTATION_STYLE_ASSIGNMENT((#13373));
#13373 = SURFACE_STYLE_USAGE(.BOTH.,#13374);
#13374 = SURFACE_SIDE_STYLE('',(#13375,#13378));
#13375 = SURFACE_STYLE_FILL_AREA(#13376);
#13376 = FILL_AREA_STYLE('',(#13377));
#13377 = FILL_AREA_STYLE_COLOUR('',#13044);
#13378 = SURFACE_STYLE_RENDERING_WITH_PROPERTIES(.NORMAL_SHADING.,#13044
  ,(#13379));
#13379 = SURFACE_STYLE_TRANSPARENT(0.100000023842);
#13380 = STYLED_ITEM('color',(#13381),#4725);
#13381 = PRESENTATION_STYLE_ASSIGNMENT((#13382));
#13382 = SURFACE_STYLE_USAGE(.BOTH.,#13383);
#13383 = SURFACE_SIDE_STYLE('',(#13384,#13387));
#13384 = SURFACE_STYLE_FILL_AREA(#13385);
#13385 = FILL_AREA_STYLE('',(#13386));
#13386 = FILL_AREA_STYLE_COLOUR('',#13044);
#13387 = SURFACE_STYLE_RENDERING_WITH_PROPERTIES(.NORMAL_SHADING.,#13044
  ,(#13388));
#13388 = SURFACE_STYLE_TRANSPARENT(0.100000023842);
#13389 = STYLED_ITEM('color',(#13390),#4899);
#13390 = PRESENTATION_STYLE_ASSIGNMENT((#13391));
#13391 = SURFACE_STYLE_USAGE(.BOTH.,#13392);
#13392 = SURFACE_SIDE_STYLE('',(#13393,#13396));
#13393 = SURFACE_STYLE_FILL_AREA(#13394);
#13394 = FILL_AREA_STYLE('',(#13395));
#13395 = FILL_AREA_STYLE_COLOUR('',#13044);
#13396 = SURFACE_STYLE_RENDERING_WITH_PROPERTIES(.NORMAL_SHADING.,#13044
  ,(#13397));
#13397 = SURFACE_STYLE_TRANSPARENT(0.100000023842);
#13398 = STYLED_ITEM('color',(#13399),#5130);
#13399 = PRESENTATION_STYLE_ASSIGNMENT((#13400));
#13400 = SURFACE_STYLE_USAGE(.BOTH.,#13401);
#13401 = SURFACE_SIDE_STYLE('',(#13402,#13405));
#13402 = SURFACE_STYLE_FILL_AREA(#13403);
#13403 = FILL_AREA_STYLE('',(#13404));
#13404 = FILL_AREA_STYLE_COLOUR('',#13044);
#13405 = SURFACE_STYLE_RENDERING_WITH_PROPERTIES(.NORMAL_SHADING.,#13044
  ,(#13406));
#13406 = SURFACE_STYLE_TRANSPARENT(0.100000023842);
#13407 = STYLED_ITEM('color',(#13408),#5257);
#13408 = PRESENTATION_STYLE_ASSIGNMENT((#13409));
#13409 = SURFACE_STYLE_USAGE(.BOTH.,#13410);
#13410 = SURFACE_SIDE_STYLE('',(#13411,#13414));
#13411 = SURFACE_STYLE_FILL_AREA(#13412);
#13412 = FILL_AREA_STYLE('',(#13413));
#13413 = FILL_AREA_STYLE_COLOUR('',#13044);
#13414 = SURFACE_STYLE_RENDERING_WITH_PROPERTIES(.NORMAL_SHADING.,#13044
  ,(#13415));
#13415 = SURFACE_STYLE_TRANSPARENT(0.100000023842);
#13416 = STYLED_ITEM('color',(#13417),#5431);
#13417 = PRESENTATION_STYLE_ASSIGNMENT((#13418));
#13418 = SURFACE_STYLE_USAGE(.BOTH.,#13419);
#13419 = SURFACE_SIDE_STYLE('',(#13420,#13423));
#13420 = SURFACE_STYLE_FILL_AREA(#13421);
#13421 = FILL_AREA_STYLE('',(#13422));
#13422 = FILL_AREA_STYLE_COLOUR('',#13044);
#13423 = SURFACE_STYLE_RENDERING_WITH_PROPERTIES(.NORMAL_SHADING.,#13044
  ,(#13424));
#13424 = SURFACE_STYLE_TRANSPARENT(0.100000023842);
#13425 = STYLED_ITEM('color',(#13426),#5621);
#13426 = PRESENTATION_STYLE_ASSIGNMENT((#13427));
#13427 = SURFACE_STYLE_USAGE(.BOTH.,#13428);
#13428 = SURFACE_SIDE_STYLE('',(#13429,#13432));
#13429 = SURFACE_STYLE_FILL_AREA(#13430);
#13430 = FILL_AREA_STYLE('',(#13431));
#13431 = FILL_AREA_STYLE_COLOUR('',#13044);
#13432 = SURFACE_STYLE_RENDERING_WITH_PROPERTIES(.NORMAL_SHADING.,#13044
  ,(#13433));
#13433 = SURFACE_STYLE_TRANSPARENT(0.100000023842);
#13434 = STYLED_ITEM('color',(#13435),#5690);
#13435 = PRESENTATION_STYLE_ASSIGNMENT((#13436));
#13436 = SURFACE_STYLE_USAGE(.BOTH.,#13437);
#13437 = SURFACE_SIDE_STYLE('',(#13438,#13441));
#13438 = SURFACE_STYLE_FILL_AREA(#13439);
#13439 = FILL_AREA_STYLE('',(#13440));
#13440 = FILL_AREA_STYLE_COLOUR('',#13044);
#13441 = SURFACE_STYLE_RENDERING_WITH_PROPERTIES(.NORMAL_SHADING.,#13044
  ,(#13442));
#13442 = SURFACE_STYLE_TRANSPARENT(0.100000023842);
#13443 = STYLED_ITEM('color',(#13444),#5824);
#13444 = PRESENTATION_STYLE_ASSIGNMENT((#13445));
#13445 = SURFACE_STYLE_USAGE(.BOTH.,#13446);
#13446 = SURFACE_SIDE_STYLE('',(#13447,#13450));
#13447 = SURFACE_STYLE_FILL_AREA(#13448);
#13448 = FILL_AREA_STYLE('',(#13449));
#13449 = FILL_AREA_STYLE_COLOUR('',#13044);
#13450 = SURFACE_STYLE_RENDERING_WITH_PROPERTIES(.NORMAL_SHADING.,#13044
  ,(#13451));
#13451 = SURFACE_STYLE_TRANSPARENT(0.100000023842);
#13452 = STYLED_ITEM('color',(#13453),#5958);
#13453 = PRESENTATION_STYLE_ASSIGNMENT((#13454));
#13454 = SURFACE_STYLE_USAGE(.BOTH.,#13455);
#13455 = SURFACE_SIDE_STYLE('',(#13456,#13459));
#13456 = SURFACE_STYLE_FILL_AREA(#13457);
#13457 = FILL_AREA_STYLE('',(#13458));
#13458 = FILL_AREA_STYLE_COLOUR('',#13044);
#13459 = SURFACE_STYLE_RENDERING_WITH_PROPERTIES(.NORMAL_SHADING.,#13044
  ,(#13460));
#13460 = SURFACE_STYLE_TRANSPARENT(0.100000023842);
#13461 = STYLED_ITEM('color',(#13462),#6159);
#13462 = PRESENTATION_STYLE_ASSIGNMENT((#13463));
#13463 = SURFACE_STYLE_USAGE(.BOTH.,#13464);
#13464 = SURFACE_SIDE_STYLE('',(#13465,#13468));
#13465 = SURFACE_STYLE_FILL_AREA(#13466);
#13466 = FILL_AREA_STYLE('',(#13467));
#13467 = FILL_AREA_STYLE_COLOUR('',#13044);
#13468 = SURFACE_STYLE_RENDERING_WITH_PROPERTIES(.NORMAL_SHADING.,#13044
  ,(#13469));
#13469 = SURFACE_STYLE_TRANSPARENT(0.100000023842);
#13470 = STYLED_ITEM('color',(#13471),#6454);
#13471 = PRESENTATION_STYLE_ASSIGNMENT((#13472));
#13472 = SURFACE_STYLE_USAGE(.BOTH.,#13473);
#13473 = SURFACE_SIDE_STYLE('',(#13474,#13477));
#13474 = SURFACE_STYLE_FILL_AREA(#13475);
#13475 = FILL_AREA_STYLE('',(#13476));
#13476 = FILL_AREA_STYLE_COLOUR('',#13044);
#13477 = SURFACE_STYLE_RENDERING_WITH_PROPERTIES(.NORMAL_SHADING.,#13044
  ,(#13478));
#13478 = SURFACE_STYLE_TRANSPARENT(0.100000023842);
#13479 = STYLED_ITEM('color',(#13480),#6572);
#13480 = PRESENTATION_STYLE_ASSIGNMENT((#13481));
#13481 = SURFACE_STYLE_USAGE(.BOTH.,#13482);
#13482 = SURFACE_SIDE_STYLE('',(#13483,#13486));
#13483 = SURFACE_STYLE_FILL_AREA(#13484);
#13484 = FILL_AREA_STYLE('',(#13485));
#13485 = FILL_AREA_STYLE_COLOUR('',#13044);
#13486 = SURFACE_STYLE_RENDERING_WITH_PROPERTIES(.NORMAL_SHADING.,#13044
  ,(#13487));
#13487 = SURFACE_STYLE_TRANSPARENT(0.100000023842);
#13488 = STYLED_ITEM('color',(#13489),#6925);
#13489 = PRESENTATION_STYLE_ASSIGNMENT((#13490));
#13490 = SURFACE_STYLE_USAGE(.BOTH.,#13491);
#13491 = SURFACE_SIDE_STYLE('',(#13492,#13495));
#13492 = SURFACE_STYLE_FILL_AREA(#13493);
#13493 = FILL_AREA_STYLE('',(#13494));
#13494 = FILL_AREA_STYLE_COLOUR('',#13044);
#13495 = SURFACE_STYLE_RENDERING_WITH_PROPERTIES(.NORMAL_SHADING.,#13044
  ,(#13496));
#13496 = SURFACE_STYLE_TRANSPARENT(0.100000023842);
#13497 = STYLED_ITEM('color',(#13498),#7102);
#13498 = PRESENTATION_STYLE_ASSIGNMENT((#13499));
#13499 = SURFACE_STYLE_USAGE(.BOTH.,#13500);
#13500 = SURFACE_SIDE_STYLE('',(#13501,#13504));
#13501 = SURFACE_STYLE_FILL_AREA(#13502);
#13502 = FILL_AREA_STYLE('',(#13503));
#13503 = FILL_AREA_STYLE_COLOUR('',#13044);
#13504 = SURFACE_STYLE_RENDERING_WITH_PROPERTIES(.NORMAL_SHADING.,#13044
  ,(#13505));
#13505 = SURFACE_STYLE_TRANSPARENT(0.100000023842);
#13506 = STYLED_ITEM('color',(#13507),#7341);
#13507 = PRESENTATION_STYLE_ASSIGNMENT((#13508));
#13508 = SURFACE_STYLE_USAGE(.BOTH.,#13509);
#13509 = SURFACE_SIDE_STYLE('',(#13510,#13513));
#13510 = SURFACE_STYLE_FILL_AREA(#13511);
#13511 = FILL_AREA_STYLE('',(#13512));
#13512 = FILL_AREA_STYLE_COLOUR('',#13044);
#13513 = SURFACE_STYLE_RENDERING_WITH_PROPERTIES(.NORMAL_SHADING.,#13044
  ,(#13514));
#13514 = SURFACE_STYLE_TRANSPARENT(0.100000023842);
#13515 = STYLED_ITEM('color',(#13516),#7508);
#13516 = PRESENTATION_STYLE_ASSIGNMENT((#13517));
#13517 = SURFACE_STYLE_USAGE(.BOTH.,#13518);
#13518 = SURFACE_SIDE_STYLE('',(#13519,#13522));
#13519 = SURFACE_STYLE_FILL_AREA(#13520);
#13520 = FILL_AREA_STYLE('',(#13521));
#13521 = FILL_AREA_STYLE_COLOUR('',#13044);
#13522 = SURFACE_STYLE_RENDERING_WITH_PROPERTIES(.NORMAL_SHADING.,#13044
  ,(#13523));
#13523 = SURFACE_STYLE_TRANSPARENT(0.100000023842);
#13524 = STYLED_ITEM('color',(#13525),#7685);
#13525 = PRESENTATION_STYLE_ASSIGNMENT((#13526));
#13526 = SURFACE_STYLE_USAGE(.BOTH.,#13527);
#13527 = SURFACE_SIDE_STYLE('',(#13528,#13531));
#13528 = SURFACE_STYLE_FILL_AREA(#13529);
#13529 = FILL_AREA_STYLE('',(#13530));
#13530 = FILL_AREA_STYLE_COLOUR('',#13044);
#13531 = SURFACE_STYLE_RENDERING_WITH_PROPERTIES(.NORMAL_SHADING.,#13044
  ,(#13532));
#13532 = SURFACE_STYLE_TRANSPARENT(0.100000023842);
#13533 = STYLED_ITEM('color',(#13534),#7924);
#13534 = PRESENTATION_STYLE_ASSIGNMENT((#13535));
#13535 = SURFACE_STYLE_USAGE(.BOTH.,#13536);
#13536 = SURFACE_SIDE_STYLE('',(#13537,#13540));
#13537 = SURFACE_STYLE_FILL_AREA(#13538);
#13538 = FILL_AREA_STYLE('',(#13539));
#13539 = FILL_AREA_STYLE_COLOUR('',#13044);
#13540 = SURFACE_STYLE_RENDERING_WITH_PROPERTIES(.NORMAL_SHADING.,#13044
  ,(#13541));
#13541 = SURFACE_STYLE_TRANSPARENT(0.100000023842);
#13542 = STYLED_ITEM('color',(#13543),#8089);
#13543 = PRESENTATION_STYLE_ASSIGNMENT((#13544));
#13544 = SURFACE_STYLE_USAGE(.BOTH.,#13545);
#13545 = SURFACE_SIDE_STYLE('',(#13546,#13549));
#13546 = SURFACE_STYLE_FILL_AREA(#13547);
#13547 = FILL_AREA_STYLE('',(#13548));
#13548 = FILL_AREA_STYLE_COLOUR('',#13044);
#13549 = SURFACE_STYLE_RENDERING_WITH_PROPERTIES(.NORMAL_SHADING.,#13044
  ,(#13550));
#13550 = SURFACE_STYLE_TRANSPARENT(0.100000023842);
#13551 = STYLED_ITEM('color',(#13552),#8246);
#13552 = PRESENTATION_STYLE_ASSIGNMENT((#13553));
#13553 = SURFACE_STYLE_USAGE(.BOTH.,#13554);
#13554 = SURFACE_SIDE_STYLE('',(#13555,#13558));
#13555 = SURFACE_STYLE_FILL_AREA(#13556);
#13556 = FILL_AREA_STYLE('',(#13557));
#13557 = FILL_AREA_STYLE_COLOUR('',#13044);
#13558 = SURFACE_STYLE_RENDERING_WITH_PROPERTIES(.NORMAL_SHADING.,#13044
  ,(#13559));
#13559 = SURFACE_STYLE_TRANSPARENT(0.100000023842);
#13560 = STYLED_ITEM('color',(#13561),#8403);
#13561 = PRESENTATION_STYLE_ASSIGNMENT((#13562));
#13562 = SURFACE_STYLE_USAGE(.BOTH.,#13563);
#13563 = SURFACE_SIDE_STYLE('',(#13564,#13567));
#13564 = SURFACE_STYLE_FILL_AREA(#13565);
#13565 = FILL_AREA_STYLE('',(#13566));
#13566 = FILL_AREA_STYLE_COLOUR('',#13044);
#13567 = SURFACE_STYLE_RENDERING_WITH_PROPERTIES(.NORMAL_SHADING.,#13044
  ,(#13568));
#13568 = SURFACE_STYLE_TRANSPARENT(0.100000023842);
#13569 = STYLED_ITEM('color',(#13570),#8505);
#13570 = PRESENTATION_STYLE_ASSIGNMENT((#13571));
#13571 = SURFACE_STYLE_USAGE(.BOTH.,#13572);
#13572 = SURFACE_SIDE_STYLE('',(#13573,#13576));
#13573 = SURFACE_STYLE_FILL_AREA(#13574);
#13574 = FILL_AREA_STYLE('',(#13575));
#13575 = FILL_AREA_STYLE_COLOUR('',#13044);
#13576 = SURFACE_STYLE_RENDERING_WITH_PROPERTIES(.NORMAL_SHADING.,#13044
  ,(#13577));
#13577 = SURFACE_STYLE_TRANSPARENT(0.100000023842);
#13578 = STYLED_ITEM('color',(#13579),#8607);
#13579 = PRESENTATION_STYLE_ASSIGNMENT((#13580));
#13580 = SURFACE_STYLE_USAGE(.BOTH.,#13581);
#13581 = SURFACE_SIDE_STYLE('',(#13582,#13585));
#13582 = SURFACE_STYLE_FILL_AREA(#13583);
#13583 = FILL_AREA_STYLE('',(#13584));
#13584 = FILL_AREA_STYLE_COLOUR('',#13044);
#13585 = SURFACE_STYLE_RENDERING_WITH_PROPERTIES(.NORMAL_SHADING.,#13044
  ,(#13586));
#13586 = SURFACE_STYLE_TRANSPARENT(0.100000023842);
#13587 = STYLED_ITEM('color',(#13588),#8815);
#13588 = PRESENTATION_STYLE_ASSIGNMENT((#13589));
#13589 = SURFACE_STYLE_USAGE(.BOTH.,#13590);
#13590 = SURFACE_SIDE_STYLE('',(#13591,#13594));
#13591 = SURFACE_STYLE_FILL_AREA(#13592);
#13592 = FILL_AREA_STYLE('',(#13593));
#13593 = FILL_AREA_STYLE_COLOUR('',#13044);
#13594 = SURFACE_STYLE_RENDERING_WITH_PROPERTIES(.NORMAL_SHADING.,#13044
  ,(#13595));
#13595 = SURFACE_STYLE_TRANSPARENT(0.100000023842);
#13596 = STYLED_ITEM('color',(#13597),#9168);
#13597 = PRESENTATION_STYLE_ASSIGNMENT((#13598));
#13598 = SURFACE_STYLE_USAGE(.BOTH.,#13599);
#13599 = SURFACE_SIDE_STYLE('',(#13600,#13603));
#13600 = SURFACE_STYLE_FILL_AREA(#13601);
#13601 = FILL_AREA_STYLE('',(#13602));
#13602 = FILL_AREA_STYLE_COLOUR('',#13044);
#13603 = SURFACE_STYLE_RENDERING_WITH_PROPERTIES(.NORMAL_SHADING.,#13044
  ,(#13604));
#13604 = SURFACE_STYLE_TRANSPARENT(0.100000023842);
#13605 = STYLED_ITEM('color',(#13606),#9187);
#13606 = PRESENTATION_STYLE_ASSIGNMENT((#13607));
#13607 = SURFACE_STYLE_USAGE(.BOTH.,#13608);
#13608 = SURFACE_SIDE_STYLE('',(#13609,#13612));
#13609 = SURFACE_STYLE_FILL_AREA(#13610);
#13610 = FILL_AREA_STYLE('',(#13611));
#13611 = FILL_AREA_STYLE_COLOUR('',#13044);
#13612 = SURFACE_STYLE_RENDERING_WITH_PROPERTIES(.NORMAL_SHADING.,#13044
  ,(#13613));
#13613 = SURFACE_STYLE_TRANSPARENT(0.100000023842);
#13614 = STYLED_ITEM('color',(#13615),#9206);
#13615 = PRESENTATION_STYLE_ASSIGNMENT((#13616));
#13616 = SURFACE_STYLE_USAGE(.BOTH.,#13617);
#13617 = SURFACE_SIDE_STYLE('',(#13618,#13621));
#13618 = SURFACE_STYLE_FILL_AREA(#13619);
#13619 = FILL_AREA_STYLE('',(#13620));
#13620 = FILL_AREA_STYLE_COLOUR('',#13044);
#13621 = SURFACE_STYLE_RENDERING_WITH_PROPERTIES(.NORMAL_SHADING.,#13044
  ,(#13622));
#13622 = SURFACE_STYLE_TRANSPARENT(0.100000023842);
#13623 = STYLED_ITEM('color',(#13624),#9318);
#13624 = PRESENTATION_STYLE_ASSIGNMENT((#13625));
#13625 = SURFACE_STYLE_USAGE(.BOTH.,#13626);
#13626 = SURFACE_SIDE_STYLE('',(#13627,#13630));
#13627 = SURFACE_STYLE_FILL_AREA(#13628);
#13628 = FILL_AREA_STYLE('',(#13629));
#13629 = FILL_AREA_STYLE_COLOUR('',#13044);
#13630 = SURFACE_STYLE_RENDERING_WITH_PROPERTIES(.NORMAL_SHADING.,#13044
  ,(#13631));
#13631 = SURFACE_STYLE_TRANSPARENT(0.100000023842);
#13632 = STYLED_ITEM('color',(#13633),#9337);
#13633 = PRESENTATION_STYLE_ASSIGNMENT((#13634));
#13634 = SURFACE_STYLE_USAGE(.BOTH.,#13635);
#13635 = SURFACE_SIDE_STYLE('',(#13636,#13639));
#13636 = SURFACE_STYLE_FILL_AREA(#13637);
#13637 = FILL_AREA_STYLE('',(#13638));
#13638 = FILL_AREA_STYLE_COLOUR('',#13044);
#13639 = SURFACE_STYLE_RENDERING_WITH_PROPERTIES(.NORMAL_SHADING.,#13044
  ,(#13640));
#13640 = SURFACE_STYLE_TRANSPARENT(0.100000023842);
#13641 = STYLED_ITEM('color',(#13642),#9449);
#13642 = PRESENTATION_STYLE_ASSIGNMENT((#13643));
#13643 = SURFACE_STYLE_USAGE(.BOTH.,#13644);
#13644 = SURFACE_SIDE_STYLE('',(#13645,#13648));
#13645 = SURFACE_STYLE_FILL_AREA(#13646);
#13646 = FILL_AREA_STYLE('',(#13647));
#13647 = FILL_AREA_STYLE_COLOUR('',#13044);
#13648 = SURFACE_STYLE_RENDERING_WITH_PROPERTIES(.NORMAL_SHADING.,#13044
  ,(#13649));
#13649 = SURFACE_STYLE_TRANSPARENT(0.100000023842);
#13650 = STYLED_ITEM('color',(#13651),#9561);
#13651 = PRESENTATION_STYLE_ASSIGNMENT((#13652));
#13652 = SURFACE_STYLE_USAGE(.BOTH.,#13653);
#13653 = SURFACE_SIDE_STYLE('',(#13654,#13657));
#13654 = SURFACE_STYLE_FILL_AREA(#13655);
#13655 = FILL_AREA_STYLE('',(#13656));
#13656 = FILL_AREA_STYLE_COLOUR('',#13044);
#13657 = SURFACE_STYLE_RENDERING_WITH_PROPERTIES(.NORMAL_SHADING.,#13044
  ,(#13658));
#13658 = SURFACE_STYLE_TRANSPARENT(0.100000023842);
#13659 = STYLED_ITEM('color',(#13660),#9580);
#13660 = PRESENTATION_STYLE_ASSIGNMENT((#13661));
#13661 = SURFACE_STYLE_USAGE(.BOTH.,#13662);
#13662 = SURFACE_SIDE_STYLE('',(#13663,#13666));
#13663 = SURFACE_STYLE_FILL_AREA(#13664);
#13664 = FILL_AREA_STYLE('',(#13665));
#13665 = FILL_AREA_STYLE_COLOUR('',#13044);
#13666 = SURFACE_STYLE_RENDERING_WITH_PROPERTIES(.NORMAL_SHADING.,#13044
  ,(#13667));
#13667 = SURFACE_STYLE_TRANSPARENT(0.100000023842);
#13668 = STYLED_ITEM('color',(#13669),#9599);
#13669 = PRESENTATION_STYLE_ASSIGNMENT((#13670));
#13670 = SURFACE_STYLE_USAGE(.BOTH.,#13671);
#13671 = SURFACE_SIDE_STYLE('',(#13672,#13675));
#13672 = SURFACE_STYLE_FILL_AREA(#13673);
#13673 = FILL_AREA_STYLE('',(#13674));
#13674 = FILL_AREA_STYLE_COLOUR('',#13044);
#13675 = SURFACE_STYLE_RENDERING_WITH_PROPERTIES(.NORMAL_SHADING.,#13044
  ,(#13676));
#13676 = SURFACE_STYLE_TRANSPARENT(0.100000023842);
#13677 = STYLED_ITEM('color',(#13678),#9748);
#13678 = PRESENTATION_STYLE_ASSIGNMENT((#13679));
#13679 = SURFACE_STYLE_USAGE(.BOTH.,#13680);
#13680 = SURFACE_SIDE_STYLE('',(#13681,#13684));
#13681 = SURFACE_STYLE_FILL_AREA(#13682);
#13682 = FILL_AREA_STYLE('',(#13683));
#13683 = FILL_AREA_STYLE_COLOUR('',#13044);
#13684 = SURFACE_STYLE_RENDERING_WITH_PROPERTIES(.NORMAL_SHADING.,#13044
  ,(#13685));
#13685 = SURFACE_STYLE_TRANSPARENT(0.100000023842);
#13686 = STYLED_ITEM('color',(#13687),#9969);
#13687 = PRESENTATION_STYLE_ASSIGNMENT((#13688));
#13688 = SURFACE_STYLE_USAGE(.BOTH.,#13689);
#13689 = SURFACE_SIDE_STYLE('',(#13690,#13693));
#13690 = SURFACE_STYLE_FILL_AREA(#13691);
#13691 = FILL_AREA_STYLE('',(#13692));
#13692 = FILL_AREA_STYLE_COLOUR('',#13044);
#13693 = SURFACE_STYLE_RENDERING_WITH_PROPERTIES(.NORMAL_SHADING.,#13044
  ,(#13694));
#13694 = SURFACE_STYLE_TRANSPARENT(0.100000023842);
#13695 = STYLED_ITEM('color',(#13696),#9988);
#13696 = PRESENTATION_STYLE_ASSIGNMENT((#13697));
#13697 = SURFACE_STYLE_USAGE(.BOTH.,#13698);
#13698 = SURFACE_SIDE_STYLE('',(#13699,#13702));
#13699 = SURFACE_STYLE_FILL_AREA(#13700);
#13700 = FILL_AREA_STYLE('',(#13701));
#13701 = FILL_AREA_STYLE_COLOUR('',#13044);
#13702 = SURFACE_STYLE_RENDERING_WITH_PROPERTIES(.NORMAL_SHADING.,#13044
  ,(#13703));
#13703 = SURFACE_STYLE_TRANSPARENT(0.100000023842);
#13704 = STYLED_ITEM('color',(#13705),#10007);
#13705 = PRESENTATION_STYLE_ASSIGNMENT((#13706));
#13706 = SURFACE_STYLE_USAGE(.BOTH.,#13707);
#13707 = SURFACE_SIDE_STYLE('',(#13708,#13711));
#13708 = SURFACE_STYLE_FILL_AREA(#13709);
#13709 = FILL_AREA_STYLE('',(#13710));
#13710 = FILL_AREA_STYLE_COLOUR('',#13044);
#13711 = SURFACE_STYLE_RENDERING_WITH_PROPERTIES(.NORMAL_SHADING.,#13044
  ,(#13712));
#13712 = SURFACE_STYLE_TRANSPARENT(0.100000023842);
#13713 = STYLED_ITEM('color',(#13714),#10119);
#13714 = PRESENTATION_STYLE_ASSIGNMENT((#13715));
#13715 = SURFACE_STYLE_USAGE(.BOTH.,#13716);
#13716 = SURFACE_SIDE_STYLE('',(#13717,#13720));
#13717 = SURFACE_STYLE_FILL_AREA(#13718);
#13718 = FILL_AREA_STYLE('',(#13719));
#13719 = FILL_AREA_STYLE_COLOUR('',#13044);
#13720 = SURFACE_STYLE_RENDERING_WITH_PROPERTIES(.NORMAL_SHADING.,#13044
  ,(#13721));
#13721 = SURFACE_STYLE_TRANSPARENT(0.100000023842);
#13722 = STYLED_ITEM('color',(#13723),#10231);
#13723 = PRESENTATION_STYLE_ASSIGNMENT((#13724));
#13724 = SURFACE_STYLE_USAGE(.BOTH.,#13725);
#13725 = SURFACE_SIDE_STYLE('',(#13726,#13729));
#13726 = SURFACE_STYLE_FILL_AREA(#13727);
#13727 = FILL_AREA_STYLE('',(#13728));
#13728 = FILL_AREA_STYLE_COLOUR('',#13044);
#13729 = SURFACE_STYLE_RENDERING_WITH_PROPERTIES(.NORMAL_SHADING.,#13044
  ,(#13730));
#13730 = SURFACE_STYLE_TRANSPARENT(0.100000023842);
#13731 = STYLED_ITEM('color',(#13732),#10421);
#13732 = PRESENTATION_STYLE_ASSIGNMENT((#13733));
#13733 = SURFACE_STYLE_USAGE(.BOTH.,#13734);
#13734 = SURFACE_SIDE_STYLE('',(#13735,#13738));
#13735 = SURFACE_STYLE_FILL_AREA(#13736);
#13736 = FILL_AREA_STYLE('',(#13737));
#13737 = FILL_AREA_STYLE_COLOUR('',#13044);
#13738 = SURFACE_STYLE_RENDERING_WITH_PROPERTIES(.NORMAL_SHADING.,#13044
  ,(#13739));
#13739 = SURFACE_STYLE_TRANSPARENT(0.100000023842);
#13740 = STYLED_ITEM('color',(#13741),#10638);
#13741 = PRESENTATION_STYLE_ASSIGNMENT((#13742));
#13742 = SURFACE_STYLE_USAGE(.BOTH.,#13743);
#13743 = SURFACE_SIDE_STYLE('',(#13744,#13747));
#13744 = SURFACE_STYLE_FILL_AREA(#13745);
#13745 = FILL_AREA_STYLE('',(#13746));
#13746 = FILL_AREA_STYLE_COLOUR('',#13044);
#13747 = SURFACE_STYLE_RENDERING_WITH_PROPERTIES(.NORMAL_SHADING.,#13044
  ,(#13748));
#13748 = SURFACE_STYLE_TRANSPARENT(0.100000023842);
#13749 = STYLED_ITEM('color',(#13750),#10989);
#13750 = PRESENTATION_STYLE_ASSIGNMENT((#13751));
#13751 = SURFACE_STYLE_USAGE(.BOTH.,#13752);
#13752 = SURFACE_SIDE_STYLE('',(#13753,#13756));
#13753 = SURFACE_STYLE_FILL_AREA(#13754);
#13754 = FILL_AREA_STYLE('',(#13755));
#13755 = FILL_AREA_STYLE_COLOUR('',#13044);
#13756 = SURFACE_STYLE_RENDERING_WITH_PROPERTIES(.NORMAL_SHADING.,#13044
  ,(#13757));
#13757 = SURFACE_STYLE_TRANSPARENT(0.100000023842);
#13758 = MECHANICAL_DESIGN_GEOMETRIC_PRESENTATION_REPRESENTATION('',(
    #13759),#13025);
#13759 = STYLED_ITEM('color',(#13760),#11036);
#13760 = PRESENTATION_STYLE_ASSIGNMENT((#13761));
#13761 = SURFACE_STYLE_USAGE(.BOTH.,#13762);
#13762 = SURFACE_SIDE_STYLE('',(#13763));
#13763 = SURFACE_STYLE_FILL_AREA(#13764);
#13764 = FILL_AREA_STYLE('',(#13765));
#13765 = FILL_AREA_STYLE_COLOUR('',#13766);
#13766 = COLOUR_RGB('',0.313304153717,0.484529207832,0.410020903123);
ENDSEC;
END-ISO-10303-21;
